CreditScore,Age,Tenure,Balance,NumOfProducts,HasCrCard,IsActiveMember,EstimatedSalary,Geography_Germany,Geography_Spain,Gender_Male,BalanceSalaryRatio,ProductDensity,EngagementProductInteraction,AgeTenureInteraction,churn_probability,risk_tier,actual_exited
-0.680735393748446,-0.2799319620189817,0.6847228671904925,-1.2260588112551243,0.8088303613464911,1,0,-0.09502138348333888,False,False,True,-0.03492675203135649,-0.3462405222392956,-0.9086076523680435,0.4400389043966434,0.019755582372004123,Low,0
-1.3019151758845888,-0.5649345958990805,-0.35097063583918053,0.8771134308753196,0.8088303613464911,0,0,-0.7789409990941224,True,False,True,-0.015245031825657403,0.10206472801699919,-0.9086076523680435,-0.49102226210570116,0.09370826805075742,Low,0
-0.970619292078646,0.10007154982114991,-0.35097063583918053,-1.2260588112551243,0.8088303613464911,0,1,0.09946914240819298,False,True,False,-0.03492675203135649,0.10206472801699919,1.3905735018133094,-0.27377465658848743,0.029152600155003372,Low,0
-0.12167358982591753,-0.46993371793904753,-0.005739468162622887,1.011458170016173,0.8088303613464911,0,0,-1.1473743707662665,False,True,True,-0.0009601632963325675,-0.09718204987468745,-0.9086076523680435,-0.1961862260466254,0.046398029166878796,Low,0
-0.11132059345698182,-0.46993371793904753,-0.6962018035157382,0.023204417443530367,-0.9102564852985486,1,1,1.200282546767909,False,True,False,-0.031106738819958468,-0.3462405222392956,0.240982924722633,-0.7237875537312873,0.07582421204624874,Low,0
-0.9499132993407745,-0.46993371793904753,-1.7318953065454112,-1.2260588112551243,-0.9102564852985486,1,0,1.4522222603688624,False,True,True,-0.03492675203135649,1.8952857290421778,-0.9086076523680435,-1.5151895452582802,0.18602951785972338,Low,0
-0.5772054300590889,-0.8499372297791791,1.3751852025436078,0.8716293202336782,0.8088303613464911,1,1,-0.730277552386093,True,False,True,-0.016242863399887248,-0.49567560565806046,1.3905735018133094,0.5796980793719951,0.05440148819057642,Low,0
0.5719771668927752,-0.944938107739212,0.33949169951393476,1.7522692998894362,-0.9102564852985486,1,0,1.2437626330364233,True,False,False,-0.025952313952172106,-0.6664585581366489,-0.9086076523680435,-0.16515085382988057,0.3455147197944406,Medium,0
-1.508975103263303,0.955079451461446,0.6847228671904925,0.05810801674838688,-0.9102564852985486,0,0,0.6183211327937311,False,False,True,-0.030030823758971686,-0.7198282307862078,-0.9086076523680435,1.146093622327588,0.48248983918397703,High,0
0.654801137844261,0.10007154982114991,-1.7318953065454112,-1.2260588112551243,0.8088303613464911,1,0,-0.644823008523355,False,False,False,-0.03492675203135649,4.883987397417476,-0.9086076523680435,-1.5151895452582802,0.07509475485414062,Low,0
0.49950619231022525,1.4300838412616106,-0.6962018035157382,0.5558448712660913,-0.9102564852985486,1,1,0.979826903208137,True,False,False,-0.029036303359876926,-0.3462405222392956,0.240982924722633,-0.25825697048011503,0.7191895256706938,High,1
-0.26661553899101753,-0.0899302060989159,0.6847228671904925,-1.2260588112551243,-0.9102564852985486,1,0,1.1350334629675547,False,False,False,-0.03492675203135649,-0.7198282307862078,-0.9086076523680435,0.5486627071552502,0.34267597626419377,Medium,0
0.7272721124268109,-0.3749328399790146,1.7204163702201654,-1.2260588112551243,0.8088303613464911,1,0,-0.490769217520701,False,False,True,-0.03492675203135649,-0.5500156359921567,-0.9086076523680435,1.2004055237068916,0.01857071228910517,Low,0
0.7893900906404252,-0.7549363518191462,1.7204163702201654,0.33092281753822167,0.8088303613464911,0,0,-0.4032121657756763,False,True,False,-0.024453018537551368,-0.5500156359921567,-0.9086076523680435,0.8900518015394433,0.0544741712328321,Low,0
0.19926929761108958,-0.0899302060989159,1.7204163702201654,0.2092482761224284,-0.9102564852985486,0,0,0.7769647190854593,False,False,True,-0.029799567276579852,-0.8217157876626383,-0.9086076523680435,1.4331708153324776,0.0863899720274014,Low,0
0.5305651814170323,-0.8499372297791791,-1.0414329711922958,-1.2260588112551243,0.8088303613464911,1,1,0.7989758172428683,False,True,True,-0.03492675203135649,0.8990518395837451,1.3905735018133094,-1.049658962007108,0.01115897484997045,Low,0
-0.1837915680395318,0.2900733057412157,-1.3866641388688534,-1.2260588112551243,0.8088303613464911,1,0,-0.7476721683699096,False,False,False,-0.03492675203135649,1.8952857290421778,-0.9086076523680435,-1.1893181369824597,0.05889283443800156,Low,0
-1.653917052428403,2.095089986981841,1.0299540348670502,-1.2260588112551243,0.8088303613464911,0,1,0.6999763713062147,False,True,False,-0.03492675203135649,-0.42926001302749833,1.3905735018133094,2.2711258651845876,0.10633645734063782,Low,0
-0.3494395099425032,1.810087353101742,-0.6962018035157382,0.6845072595591735,0.8088303613464911,1,0,-1.1255860121613446,True,False,False,-0.0069527134674685675,0.40093489485452893,-0.9086076523680435,-0.16515085382988057,0.8938255746400351,High,1
-0.8153243465446103,-0.3749328399790146,-1.3866641388688534,1.0208626211876202,-0.9102564852985486,1,0,1.4988615156073433,True,False,False,-0.02868955745914545,0.40093489485452893,-0.9086076523680435,-1.2436300383617631,0.3718226199466175,High,0
-1.0327372702922604,1.2400820853415448,-1.3866641388688534,-1.2260588112551243,-0.9102564852985486,0,0,-0.6304778487620386,False,False,True,-0.03492675203135649,0.40093489485452893,-0.9086076523680435,-1.1117297064405975,0.8494597043017915,High,1
-1.8609769798071174,-1.2299407416193107,1.0299540348670502,-1.2260588112551243,0.8088303613464911,1,1,1.3940854929288968,False,True,True,-0.03492675203135649,-0.42926001302749833,1.3905735018133094,0.09864981001245039,0.018858189831610743,Low,0
-1.9127419616517958,-1.2299407416193107,-0.6962018035157382,1.2911216482430419,-0.9102564852985486,1,1,0.6583685531319816,False,False,True,-0.02549019487287093,-0.3462405222392956,0.240982924722633,-0.9099997870317562,0.06216551209450967,Low,0
-0.6496764046416389,0.4800750616612815,1.0299540348670502,1.2525014062396176,-0.9102564852985486,1,0,-0.8792156594929791,False,False,True,-0.009028687044770873,-0.7613379761803092,-0.9086076523680435,1.215923209815264,0.24770387777730582,Low,1
1.3173929054561466,-0.46993371793904753,0.6847228671904925,0.5326464331524868,-0.9102564852985486,0,1,0.2322630797738468,False,False,False,-0.02690884268340386,-0.7198282307862078,0.240982924722633,0.33141510163803656,0.07645785636189988,Low,0
0.8100960833782966,-0.46993371793904753,-0.6962018035157382,1.2186971973572578,-0.9102564852985486,1,0,-1.5279919622500298,False,False,True,0.06895709428301044,-0.3462405222392956,-0.9086076523680435,-0.7237875537312873,0.13199352499250713,Low,0
1.2966869127182752,0.38507418370124863,-0.35097063583918053,-1.2260588112551243,0.8088303613464911,0,1,1.088522932701459,False,False,False,-0.03492675203135649,0.10206472801699919,1.3905735018133094,-0.18066853993825296,0.06958916987041024,Low,0
0.1371513193974753,-0.3749328399790146,-1.3866641388688534,0.6202958923874307,-0.9102564852985486,0,1,1.2198344397957046,False,True,True,-0.02931824526260288,0.40093489485452893,0.240982924722633,-1.2436300383617631,0.15006717507362521,Low,0
-1.3226211686224603,-0.2799319620189817,1.0299540348670502,1.3157661964918885,0.8088303613464911,1,0,0.9693394808644856,False,False,True,-0.026491697017981763,-0.42926001302749833,-0.9086076523680435,0.7193572543473468,0.053611972168799114,Low,0
0.8515080688540395,0.005070671861117005,-0.005739468162622887,0.24330257264944424,-0.9102564852985486,1,1,-0.10374415739119323,True,False,True,-0.026851968367928015,-0.5952989946039038,0.240982924722633,-0.0022151496919702637,0.23398676764003193,Low,0
0.43738821409661094,-0.8499372297791791,0.33949169951393476,0.8284521217834353,-0.9102564852985486,1,1,-0.8594504458131147,False,False,False,-0.013941620057328175,-0.6664585581366489,0.240982924722633,-0.11859779550476333,0.057856926080708394,Low,0
-0.3804984990493104,0.6700768175813473,-0.35097063583918053,-1.2260588112551243,-0.9102564852985486,1,0,-0.442186703586637,False,False,True,-0.03492675203135649,-0.49567560565806046,-0.9086076523680435,-0.08756242328801851,0.58619009289062,High,1
1.2863339163493395,0.5750759396213144,1.0299540348670502,-1.2260588112551243,-0.9102564852985486,1,0,0.5345377460589333,False,False,True,-0.03492675203135649,-0.7613379761803092,-0.9086076523680435,1.2779939542487535,0.5693530381056884,High,0
-0.1837915680395318,0.38507418370124863,-0.005739468162622887,-1.2260588112551243,0.8088303613464911,1,1,-0.8979514222419279,False,False,True,-0.03492675203135649,-0.09718204987468745,1.3905735018133094,0.15296171139175382,0.03651532625313976,Low,0
0.26138727582470384,0.38507418370124863,-1.0414329711922958,-1.2260588112551243,-0.9102564852985486,1,1,-0.7781281828728301,False,False,False,-0.03492675203135649,-0.09718204987468745,0.240982924722633,-0.8479290425982666,0.345544162597039,Medium,0
1.2138629417667894,-1.2299407416193107,-0.005739468162622887,-0.4055488583006164,-0.9102564852985486,1,1,-0.5106443183721135,False,False,False,-0.02892470044773101,-0.5952989946039038,0.240982924722633,-0.5065399482140736,0.09405578446531924,Low,1
0.7893900906404252,-0.944938107739212,-1.3866641388688534,1.1279755767416504,-0.9102564852985486,1,1,1.2864749044967556,False,False,False,-0.027933586834428488,0.40093489485452893,0.240982924722633,-1.2901830966868804,0.05682492319492768,Low,0
-0.22520355351527466,0.10007154982114991,0.33949169951393476,-1.2260588112551243,0.8088303613464911,1,1,0.6911639434203034,False,False,False,-0.03492675203135649,-0.23950117694017783,1.3905735018133094,0.34693278774640895,0.045182824982424145,Low,0
0.5305651814170323,0.38507418370124863,0.33949169951393476,0.6379074880926543,-0.9102564852985486,1,0,-0.6650509692922941,False,True,True,-0.01933242357056807,-0.6664585581366489,-0.9086076523680435,0.48659196272176064,0.30706388637724247,Medium,0
1.5037468400969893,1.2400820853415448,1.3751852025436078,1.4577180624414066,-0.9102564852985486,1,1,-0.6440065293963445,True,False,False,-0.012905023424053173,-0.7945457724955903,0.240982924722633,2.1159490041008637,0.5103176223380465,High,1
-1.2501501940399102,0.1950724277811828,-0.35097063583918053,-1.2260588112551243,0.8088303613464911,0,1,0.8350709623111053,False,True,False,-0.03492675203135649,0.10206472801699919,1.3905735018133094,-0.2427392843717426,0.05502417660545196,Low,0
-1.4572101214186246,-0.6599354738591133,-1.3866641388688534,-1.2260588112551243,0.8088303613464911,0,1,-1.242172289419983,False,False,False,-0.03492675203135649,1.8952857290421778,1.3905735018133094,-1.2669065675243216,0.027674141504681313,Low,0
0.6030361559995824,0.4800750616612815,1.3751852025436078,0.8382394093043719,-0.9102564852985486,1,0,0.3017604365110662,False,False,True,-0.025836055193795327,-0.7945457724955903,-0.9086076523680435,1.557312304199457,0.2844104400817005,Low,0
-0.09061460071911039,0.10007154982114991,0.33949169951393476,0.8526942504397577,0.8088303613464911,0,1,-0.23776761010961298,True,False,False,-0.022483610835395365,-0.23950117694017783,1.3905735018133094,0.34693278774640895,0.09959991990387754,Low,1
0.04397435207705388,-0.8499372297791791,-1.3866641388688534,0.10903648751750056,0.8088303613464911,1,1,1.4743856307497025,True,False,False,-0.031192457768325143,1.8952857290421778,1.3905735018133094,-1.282424253632694,0.014109454078525178,Low,0
-1.9334479543896672,-0.5649345958990805,1.7204163702201654,1.141486248733347,0.8088303613464911,1,0,0.012501295211564178,False,False,False,-0.02277929458646199,-0.5500156359921567,-0.9086076523680435,1.0452286626231673,0.034873890718756004,Low,0
-0.3494395099425032,2.095089986981841,-0.6962018035157382,0.601586671961951,-0.9102564852985486,1,1,-1.0744801050355566,False,True,True,-0.010223141532287702,-0.3462405222392956,0.240982924722633,-0.09532126634220472,0.17176736276933738,Low,0
0.04397435207705388,0.6700768175813473,0.6847228671904925,0.9753725133202716,-0.9102564852985486,1,0,0.26888498556918766,True,False,False,-0.025073464138039386,-0.7198282307862078,-0.9086076523680435,0.9831579181896778,0.739838542856055,High,1
0.6030361559995824,-1.2299407416193107,0.33949169951393476,1.286882678717959,-0.9102564852985486,0,1,-1.6626110732078727,False,False,True,0.25869914706639446,-0.6664585581366489,0.240982924722633,-0.3048100288052322,0.03303447028303443,Low,0
-0.09061460071911039,0.8600785735014131,1.3751852025436078,0.6731509048196785,4.24700405463657,0,0,-0.36677602162747613,False,False,True,-0.022489966603509538,0.10206472801699919,-0.9086076523680435,1.8366306541501602,0.9538298573677547,High,1
0.9343320398055251,0.2900733057412157,1.3751852025436078,0.7171226692782963,0.8088303613464911,1,0,-1.0571535144436506,False,True,False,-0.00932838449276618,-0.49567560565806046,-0.9086076523680435,1.4176531292241052,0.09980464268603365,Low,0
-2.4407447764675174,1.3350829633015777,-0.005739468162622887,1.4587627160944379,-0.9102564852985486,1,1,-1.3495812436135377,False,True,True,0.02696366842415193,-0.5952989946039038,0.240982924722633,0.5409038641010641,0.19287349416772354,Low,0
0.34421124677618953,-0.8499372297791791,-1.0414329711922958,-1.2260588112551243,0.8088303613464911,1,0,-0.28356108297533705,False,False,True,-0.03492675203135649,0.8990518395837451,-0.9086076523680435,-1.049658962007108,0.014602039319214367,Low,0
0.5719771668927752,-0.944938107739212,-1.0414329711922958,-1.2260588112551243,0.8088303613464911,1,1,-1.4211254669509426,False,True,True,-0.03492675203135649,0.8990518395837451,1.3905735018133094,-1.0651766481154803,0.013536062183684281,Low,0
-0.1734385716705961,0.5750759396213144,-1.0414329711922958,-1.2260588112551243,-0.9102564852985486,1,1,0.7627128762079176,False,False,False,-0.03492675203135649,-0.09718204987468745,0.240982924722633,-0.8168936703815217,0.5192803357064192,High,0
1.6797477783688965,-0.944938107739212,0.33949169951393476,-1.2260588112551243,-0.9102564852985486,1,0,-1.1473082640392556,False,False,True,-0.03492675203135649,-0.6664585581366489,-0.9086076523680435,-0.16515085382988057,0.17057225964711686,Low,0
1.2863339163493395,2.950097888622137,0.33949169951393476,0.6951035597431827,0.8088303613464911,1,1,-0.43952760845925515,True,False,True,-0.02164217979378477,-0.23950117694017783,1.3905735018133094,1.7435245374999258,0.08372988658388321,Low,0
-2.130154885399446,-0.7549363518191462,0.6847228671904925,1.1023661524773813,-0.9102564852985486,1,1,1.328461222928543,False,False,True,-0.028104326925344206,-0.7198282307862078,0.240982924722633,0.16847939750012625,0.0437035629334776,Low,0
0.5202121850480966,-0.1849310840589488,1.0299540348670502,0.5043109251467575,-0.9102564852985486,1,0,-1.4436048937680448,False,False,True,0.017634676114087307,-0.7613379761803092,-0.9086076523680435,0.7814279987808365,0.11046110633306959,Low,0
1.048214999863818,-0.5649345958990805,-0.35097063583918053,-1.2260588112551243,0.8088303613464911,1,1,-1.0493358270963724,False,False,True,-0.03492675203135649,0.10206472801699919,1.3905735018133094,-0.49102226210570116,0.010296840268780699,Low,0
0.7479781051646823,-1.7049451314194752,-0.35097063583918053,-1.2260588112551243,0.8088303613464911,0,0,-1.3061536589936518,False,False,True,-0.03492675203135649,0.10206472801699919,-0.9086076523680435,-0.863446728706639,0.01290424741677835,Low,0
1.6072768037863465,-0.46993371793904753,0.33949169951393476,-1.2260588112551243,0.8088303613464911,0,0,0.01882347048129756,False,False,True,-0.03492675203135649,-0.23950117694017783,-0.9086076523680435,0.06761443779570558,0.012988756753955758,Low,0
-0.26661553899101753,0.955079451461446,0.33949169951393476,1.5578902030051085,-0.9102564852985486,1,0,1.1485846443084158,False,False,True,-0.02626157670149511,-0.6664585581366489,-0.9086076523680435,0.765910312672464,0.5460042476597391,High,1
0.6340951451063895,0.4800750616612815,-1.0414329711922958,-1.2260588112551243,0.8088303613464911,0,0,-0.9417482626430316,False,True,False,-0.03492675203135649,0.8990518395837451,-0.9086076523680435,-0.8324113564898942,0.07991587705019935,Low,0
-0.825677342913546,-1.6099442534594424,-0.6962018035157382,0.5094194227662581,-0.9102564852985486,0,1,-0.809364570717824,False,True,False,-0.018154763023736583,-0.3462405222392956,0.240982924722633,-1.0031059036819907,0.12544747547155324,Low,0
-0.12167358982591753,-0.1849310840589488,-0.35097063583918053,0.6379102169052083,0.8088303613464911,0,1,1.4323693113758411,False,False,False,-0.02964412421344891,0.10206472801699919,1.3905735018133094,-0.36688077323872187,0.0737325018995609,Low,0
-0.2459095462531461,0.4800750616612815,-0.005739468162622887,-1.2260588112551243,0.8088303613464911,1,0,-0.29235571960490236,False,False,False,-0.03492675203135649,-0.09718204987468745,-0.9086076523680435,0.19175592666268484,0.08064456586522031,Low,1
-0.21485055714633894,-0.6599354738591133,-0.35097063583918053,0.09073771260382188,-0.9102564852985486,0,0,0.8127401448117162,False,True,True,-0.03028884295954751,-0.49567560565806046,-0.9086076523680435,-0.522057634322446,0.08651361921360015,Low,0
-0.753206368330996,-1.5149433754994095,1.0299540348670502,-1.2260588112551243,0.8088303613464911,1,0,0.21618414463921615,False,True,True,-0.03492675203135649,-0.42926001302749833,-0.9086076523680435,-0.08756242328801851,0.01957304623872861,Low,0
0.292446264931511,0.005070671861117005,0.33949169951393476,-1.2260588112551243,0.8088303613464911,1,0,-1.525595898638036,False,True,True,-0.03492675203135649,-0.23950117694017783,-0.9086076523680435,0.3003797294212917,0.02753103635753468,Low,0
1.2035099453978537,-0.3749328399790146,0.33949169951393476,0.6291555441583879,-0.9102564852985486,0,1,-1.2525107535977578,False,False,False,-0.0006841333962408856,-0.6664585581366489,0.240982924722633,0.1141674961208228,0.11688141501299865,Low,0
1.1517449635531751,-0.3749328399790146,-0.6962018035157382,0.6897231439785938,2.5279172079915306,1,1,-0.9177607652144933,False,True,False,-0.013970151439509833,1.1481103119483533,2.540164078903986,-0.7005110245687287,0.8649787129831968,High,1
0.8618610652229752,0.005070671861117005,0.33949169951393476,-1.2260588112551243,-0.9102564852985486,1,1,-0.08015731207860086,False,True,True,-0.03492675203135649,-0.6664585581366489,0.240982924722633,0.3003797294212917,0.16503804859824964,Low,0
0.08538633755279673,2.665095254742038,0.33949169951393476,0.6586132361973595,-0.9102564852985486,1,1,-0.953397174947538,True,False,True,-0.013375915979709826,-0.6664585581366489,0.240982924722633,1.603865362524574,0.29295945691077235,Low,1
-0.7842653574378031,0.955079451461446,0.6847228671904925,0.7195066883401916,4.24700405463657,1,1,1.192183687800733,True,False,True,-0.028961142246913738,0.40093489485452893,3.6897546559946623,1.146093622327588,0.979874076893765,High,1
-0.7325003755931246,-0.3749328399790146,-1.3866641388688534,0.4127910465999078,-0.9102564852985486,0,1,1.1957649630487097,False,False,False,-0.02990774317574277,0.40093489485452893,0.240982924722633,-1.2436300383617631,0.08481574369403444,Low,0
1.193156949028918,0.1950724277811828,-1.7318953065454112,-1.2260588112551243,0.8088303613464911,0,1,-1.1415634324803545,False,True,True,-0.03492675203135649,4.883987397417476,1.3905735018133094,-1.5151895452582802,0.07334385107416697,Low,0
2.0628086440195177,-0.0899302060989159,-0.6962018035157382,-0.34479666233705075,-0.9102564852985486,1,1,0.7037093955053767,True,False,True,-0.03168433273289467,-0.3462405222392956,0.240982924722633,-0.6306814370810528,0.07731745787111811,Low,0
1.0171560107570108,0.2900733057412157,-1.3866641388688534,0.8570961461261539,0.8088303613464911,0,1,0.7641117573441331,False,False,True,-0.027447131972183774,1.8952857290421778,1.3905735018133094,-1.1893181369824597,0.050811140611224596,Low,0
0.9860970216502037,0.8600785735014131,-0.005739468162622887,1.4270279102383343,-0.9102564852985486,1,0,0.9428606842752785,False,False,True,-0.02603556510624848,-0.5952989946039038,-0.9086076523680435,0.34693278774640895,0.4654840553473548,High,1
0.6962131233200037,-0.1849310840589488,1.0299540348670502,-1.2260588112551243,0.8088303613464911,1,1,-1.737054573633329,False,False,True,-0.03492675203135649,-0.42926001302749833,1.3905735018133094,0.7814279987808365,0.07842286854892212,Low,0
-0.09061460071911039,-1.2299407416193107,1.0299540348670502,1.089237514243247,-0.9102564852985486,1,1,1.4768303586805247,False,True,True,-0.028455733762920335,-0.7613379761803092,0.240982924722633,0.09864981001245039,0.0720798324603977,Low,0
-0.9602662957097102,-0.5649345958990805,-1.7318953065454112,0.5152043448623831,-0.9102564852985486,1,1,0.16336382321319645,False,False,True,-0.02670093298205882,1.8952857290421778,0.240982924722633,-1.5151895452582802,0.04074308327046066,Low,1
-1.2397971976709745,2.3800926208619395,-1.0414329711922958,1.5951299868929725,0.8088303613464911,1,1,-0.6804180797490076,True,False,False,-0.010981645726027672,0.8990518395837451,1.3905735018133094,-0.522057634322446,0.07119458008197688,Low,0
1.006803014388075,0.1950724277811828,-1.0414329711922958,0.24463776458028508,-0.9102564852985486,1,1,-0.4987046411232092,False,False,False,-0.02427208633841397,-0.09718204987468745,0.240982924722633,-0.8789644148150114,0.14956177681507798,Low,0
0.1371513193974753,-0.2799319620189817,-1.3866641388688534,-1.2260588112551243,0.8088303613464911,1,1,-0.07601700764838357,False,False,True,-0.03492675203135649,1.8952857290421778,1.3905735018133094,-1.2358711953075767,0.015043717249519492,Low,0
-1.4468571250496889,3.4251022784223015,1.3751852025436078,0.46916253530396707,-0.9102564852985486,0,1,0.09932349829987121,True,False,False,-0.02663953989427949,-0.7945457724955903,0.240982924722633,3.722029516317408,0.04086526329839362,Low,0
-0.16308557530166037,0.7650776955413803,-1.0414329711922958,0.7920577882321591,0.8088303613464911,1,0,-0.6365404809980202,False,False,False,-0.018479187579939178,0.8990518395837451,-0.9086076523680435,-0.7858582981647769,0.4157515244362507,High,0
-0.825677342913546,-0.46993371793904753,-1.3866641388688534,0.3682906950977388,0.8088303613464911,0,1,1.5056520195367695,False,False,True,-0.030510282552988103,1.8952857290421778,1.3905735018133094,-1.2513888814159493,0.021163507181719065,Low,0
0.48915319594128953,1.7150864751417092,0.33949169951393476,0.9622157843686695,0.8088303613464911,1,1,-0.47411154328258365,False,False,True,-0.019381593102506096,-0.23950117694017783,1.3905735018133094,1.1383347792734018,0.13189016185536495,Low,1
-0.15273257893272468,3.5201031563823344,1.3751852025436078,0.8050541593166168,-0.9102564852985486,1,1,-1.045518730489772,False,True,True,-0.008618579409233062,-0.7945457724955903,0.240982924722633,3.7918591038050837,0.007377244254804013,Low,0
-1.1673262230884245,-0.5649345958990805,-0.005739468162622887,-1.2260588112551243,0.8088303613464911,1,0,0.4749846550745705,False,False,False,-0.03492675203135649,-0.09718204987468745,-0.9086076523680435,-0.2349804413175564,0.0245653829085984,Low,0
0.903273050698718,2.665095254742038,-1.3866641388688534,0.8711543463308943,-0.9102564852985486,0,1,-1.3425174171478957,False,False,False,0.012557998558698142,0.40093489485452893,0.240982924722633,-0.9953470606278044,0.1816939003130139,Low,0
0.11644532665960386,-1.799946009379508,1.3751852025436078,0.45149909216021716,0.8088303613464911,0,0,-0.46437414449076864,False,True,True,-0.02310064505756174,-0.49567560565806046,-0.9086076523680435,-0.11859779550476333,0.036070499922519844,Low,0
-0.9913252848165174,0.4800750616612815,-0.6962018035157382,0.4717553887854373,2.5279172079915306,1,0,-0.683687484738686,False,False,False,-0.020471772834752416,1.1481103119483533,-0.9086076523680435,-0.49102226210570116,0.9578121356506716,High,1
-1.2397971976709745,-1.1349398636592778,1.0299540348670502,0.9020337497105072,-0.9102564852985486,0,0,-1.6135604050381978,False,True,True,0.1169195093971723,-0.7613379761803092,-0.9086076523680435,0.16072055444594002,0.08678680244939387,Low,0
-0.5979114227969603,-0.6599354738591133,1.3751852025436078,0.9264370388259017,0.8088303613464911,1,0,-0.7988581361492539,True,False,False,-0.014356962791850204,-0.49567560565806046,-0.9086076523680435,0.7193572543473468,0.09406897650432543,Low,1
-0.7428533719620604,-1.039938985699245,0.33949169951393476,1.1870004343585248,-0.9102564852985486,1,0,0.7993438520555135,True,False,True,-0.02638283451623434,-0.6664585581366489,-0.9086076523680435,-0.2117039121549978,0.14935617997126213,Low,0
0.5719771668927752,-0.6599354738591133,0.33949169951393476,0.2906227506302233,-0.9102564852985486,1,1,0.8236118234076217,False,False,True,-0.029607482707439153,-0.6664585581366489,0.240982924722633,-0.02549167885452888,0.04346805655279466,Low,0
1.0689209926016894,-1.039938985699245,1.0299540348670502,-1.2260588112551243,0.8088303613464911,1,1,-0.8218024031444127,False,False,True,-0.03492675203135649,-0.42926001302749833,1.3905735018133094,0.22279129887942967,0.011921715435330889,Low,0
0.02326835933918245,-0.7549363518191462,1.3751852025436078,1.0745223122865313,-0.9102564852985486,1,0,-0.27997422615674206,True,False,True,-0.020757560269866096,-0.7945457724955903,-0.9086076523680435,0.6495276668596709,0.18943294514061282,Low,0
-0.9602662957097102,-1.2299407416193107,-1.3866641388688534,1.1633101679116558,0.8088303613464911,1,1,-1.3137585489611068,True,False,True,0.015518894130893066,1.8952857290421778,1.3905735018133094,-1.3134596258494389,0.04115026742763012,Low,0
-0.6393234082727032,0.005070671861117005,0.6847228671904925,-1.2260588112551243,0.8088303613464911,0,0,-0.0653248114326729,False,False,False,-0.03492675203135649,-0.3462405222392956,-0.9086076523680435,0.6029746085345538,0.038050419522537834,Low,0
0.19926929761108958,2.4750934988219724,-1.3866641388688534,-1.2260588112551243,-0.9102564852985486,1,1,1.35919736250687,False,True,False,-0.03492675203135649,0.40093489485452893,0.240982924722633,-1.0108647467361769,0.2881649067121941,Low,1
0.654801137844261,-0.3749328399790146,0.33949169951393476,0.7977157402853298,0.8088303613464911,1,1,-0.798453646703508,True,False,False,-0.015595368116294625,-0.23950117694017783,1.3905735018133094,0.1141674961208228,0.10204482553756221,Low,0
-1.074149255768003,1.1450812073815118,-1.3866641388688534,-1.2260588112551243,0.8088303613464911,1,1,-0.7469258077237917,False,False,False,-0.03492675203135649,1.8952857290421778,1.3905735018133094,-1.1194885494947837,0.16187482367513645,Low,0
1.1413919671842394,-0.1849310840589488,0.6847228671904925,0.9045044487005891,-0.9102564852985486,1,0,1.7366045043406113,False,True,True,-0.029417041760920082,-0.7198282307862078,-0.9086076523680435,0.49435080577594687,0.0667167557152292,Low,0
-0.6186174155348317,-1.4199424975393766,0.33949169951393476,1.1393401179188074,-0.9102564852985486,1,1,-1.298063870078731,False,False,True,0.013237472841287148,-0.6664585581366489,0.240982924722633,-0.3979161454554667,0.04845847282191949,Low,0
0.654801137844261,-0.7549363518191462,-0.35097063583918053,0.783137942066628,-0.9102564852985486,1,1,0.12045863871836852,False,False,False,-0.025216256518814557,-0.49567560565806046,0.240982924722633,-0.5530930065391908,0.0578933735393803,Low,0
-0.22520355351527466,-0.3749328399790146,0.6847228671904925,1.2916285653045467,0.8088303613464911,1,0,-1.184453267655982,True,False,True,0.00584594817416718,-0.3462405222392956,-0.9086076523680435,0.38572700301734,0.07282385201110965,Low,0
-0.08026160435017468,-0.2799319620189817,0.6847228671904925,1.3593247866261517,0.8088303613464911,0,1,-0.2692408658577213,False,False,True,-0.019119714063060653,-0.3462405222392956,1.3905735018133094,0.4400389043966434,0.040950787672643776,Low,0
-2.130154885399446,-0.0899302060989159,0.33949169951393476,0.6907493380172887,0.8088303613464911,1,0,1.3260686477981856,True,False,False,-0.02930600561321443,-0.23950117694017783,-0.9086076523680435,0.2538266710961745,0.2035627740353192,Low,0
-1.5503870887390458,-0.46993371793904753,-0.6962018035157382,0.5034877868657582,-0.9102564852985486,1,0,-1.5782144114013874,False,False,False,0.06144438412186733,-0.3462405222392956,-0.9086076523680435,-0.7237875537312873,0.11953754978250528,Low,0
0.36491723951406096,0.38507418370124863,-0.005739468162622887,1.2595080337680136,0.8088303613464911,1,1,0.9100190716052737,True,False,False,-0.026493719500606236,-0.09718204987468745,1.3905735018133094,0.15296171139175382,0.19905551827107737,Low,0
-1.5607400851079816,-0.8499372297791791,-1.0414329711922958,0.7883769411335647,0.8088303613464911,1,1,-0.5393775462188745,True,False,True,-0.019838315995206697,0.8990518395837451,1.3905735018133094,-1.049658962007108,0.05971089323159231,Low,0
0.5409181777859681,0.005070671861117005,-1.3866641388688534,1.0462314283919791,-0.9102564852985486,1,1,-1.1943464271528645,True,False,True,0.0025396091682922456,0.40093489485452893,0.240982924722633,-1.2125946661450182,0.26117738247384537,Low,1
0.8204490797472324,-0.46993371793904753,-0.005739468162622887,0.7395429142588499,0.8088303613464911,1,0,0.6829081027794879,False,False,True,-0.027632632213907823,-0.09718204987468745,-0.9086076523680435,-0.1961862260466254,0.04412903645665645,Low,0
-2.2543908418266745,-1.1349398636592778,-1.0414329711922958,-1.2260588112551243,0.8088303613464911,1,1,0.9413290664127963,False,True,True,-0.03492675203135649,0.8990518395837451,1.3905735018133094,-1.0962120203322252,0.013578607395778146,Low,0
-1.3433271613603317,0.1950724277811828,1.0299540348670502,0.709576860492904,-0.9102564852985486,0,1,-1.3821305215224082,True,False,True,0.013756959395780146,-0.7613379761803092,0.240982924722633,1.029710976514795,0.43325025444541326,High,0
1.4519818582523107,-0.5649345958990805,1.7204163702201654,0.8643674684722893,0.8088303613464911,0,0,-0.7973078549100169,True,False,False,-0.01498298307966874,-0.5500156359921567,-0.9086076523680435,1.0452286626231673,0.121258285352791,Low,1
1.0999799817084965,-0.0899302060989159,-1.7318953065454112,-1.2260588112551243,-0.9102564852985486,1,0,-0.2872372449238253,False,False,True,-0.03492675203135649,1.8952857290421778,-0.9086076523680435,-1.5151895452582802,0.17702666671948686,Low,0
-2.1094488926615744,0.4800750616612815,-0.005739468162622887,0.2055858886381699,-0.9102564852985486,1,1,-0.4242442215618163,False,False,False,-0.025142157351718115,-0.5952989946039038,0.240982924722633,0.19175592666268484,0.17657197583608164,Low,0
1.4623348546212465,-0.8499372297791791,-1.3866641388688534,0.8155401833697666,-0.9102564852985486,1,1,0.24109957818304942,False,False,True,-0.025660659789558764,0.40093489485452893,0.240982924722633,-1.282424253632694,0.036808868877203714,Low,0
1.7211597638446394,1.9050882310617752,-1.3866641388688534,0.6835093167563319,-0.9102564852985486,1,1,0.3678389068204856,False,False,True,-0.026781130445856352,0.40093489485452893,0.240982924722633,-1.0574178050612941,0.16947886363005787,Low,0
-0.45296947363186035,-0.5649345958990805,1.0299540348670502,0.2395016577984733,-0.9102564852985486,0,1,0.5423500262596752,False,False,False,-0.029153230084582808,-0.7613379761803092,0.240982924722633,0.5331450210468779,0.0803114713862415,Low,0
-0.5150874518454747,0.1950724277811828,-1.3866641388688534,0.7639062342962475,-0.9102564852985486,0,1,1.274764071643202,False,False,True,-0.02899216596978766,0.40093489485452893,0.240982924722633,-1.1970769800366459,0.13100844155344563,Low,0
-1.188032215826296,-0.6599354738591133,0.6847228671904925,1.631353047326888,0.8088303613464911,1,0,-1.3492691989311576,False,False,True,0.030889549844690934,-0.3462405222392956,-0.9086076523680435,0.22279129887942967,0.08820391491162971,Low,0
-1.0016782811854532,-0.2799319620189817,-0.6962018035157382,1.3066152038511938,0.8088303613464911,1,0,-1.633336433011135,True,False,False,0.17943655248914958,0.40093489485452893,-0.9086076523680435,-0.6772344954061701,0.09298793951727823,Low,0
-0.7635593646999317,2.000089109021808,1.7204163702201654,0.7866764093572571,0.8088303613464911,1,1,1.3759603888904084,False,False,True,-0.0291192294538739,-0.5500156359921567,1.3905735018133094,3.1401162872534427,0.1431685880283999,Low,0
-0.44261647726292463,0.1950724277811828,-0.005739468162622887,-1.2260588112551243,0.8088303613464911,1,1,-0.4756293816426019,False,False,False,-0.03492675203135649,-0.09718204987468745,1.3905735018133094,0.07537328084989178,0.033151011278613966,Low,0
0.8411550724851038,-0.5649345958990805,1.0299540348670502,-1.2260588112551243,-0.9102564852985486,1,0,0.3514974634427122,False,True,True,-0.03492675203135649,-0.7613379761803092,-0.9086076523680435,0.5331450210468779,0.17869526969287694,Low,0
1.4312758655144393,1.3350829633015777,-1.3866641388688534,1.3144936067314046,-0.9102564852985486,1,1,-1.6516987538009023,False,False,False,0.22505041193468425,0.40093489485452893,0.240982924722633,-1.1039708633864114,0.290158103577323,Low,1
-1.0223842739233246,-0.46993371793904753,-0.005739468162622887,-1.2260588112551243,0.8088303613464911,1,1,-1.7159736791042783,False,False,False,-0.03492675203135649,-0.09718204987468745,1.3905735018133094,-0.1961862260466254,0.01706981971792525,Low,0
-0.30802752446676035,0.10007154982114991,1.7204163702201654,1.4036074751975411,-0.9102564852985486,0,0,-0.17811038794840195,False,False,True,-0.019787321793271653,-0.8217157876626383,-0.9086076523680435,1.5883476764162017,0.1497648993052115,Low,0
1.193156949028918,1.2400820853415448,0.6847228671904925,0.2589112199400213,0.8088303613464911,0,1,-0.5849695592700939,False,False,False,-0.023364883758208266,-0.3462405222392956,1.3905735018133094,1.3090293264654984,0.2529423573111228,Low,0
0.35456424314512525,0.38507418370124863,-0.35097063583918053,0.3372647384321367,0.8088303613464911,1,0,-0.9728325526886762,False,True,True,-0.016597324562263805,0.10206472801699919,-0.9086076523680435,-0.18066853993825296,0.10986224187425278,Low,0
-0.0181436261365604,-0.0899302060989159,1.0299540348670502,-1.2260588112551243,-0.9102564852985486,1,0,0.07028799351931211,False,True,False,-0.03492675203135649,-0.7613379761803092,-0.9086076523680435,0.843498743214326,0.2474962677166372,Low,0
-1.6332110596905316,-0.2799319620189817,-1.0414329711922958,-1.2260588112551243,0.8088303613464911,0,1,0.0006887731183085493,False,False,False,-0.03492675203135649,0.8990518395837451,1.3905735018133094,-0.9565528453568735,0.02637641156528022,Low,0
-0.1837915680395318,-0.3749328399790146,1.7204163702201654,-1.2260588112551243,0.8088303613464911,1,0,-0.5940071686456376,False,False,True,-0.03492675203135649,-0.5500156359921567,-0.9086076523680435,1.2004055237068916,0.019691737875727335,Low,0
0.9446850361744609,-0.5649345958990805,-1.3866641388688534,0.9880988924802676,-0.9102564852985486,1,1,-0.8432307504444534,True,False,True,-0.012720215123142859,0.40093489485452893,0.240982924722633,-1.2591477244701355,0.1107831215613202,Low,0
-0.4840284627386675,0.1950724277811828,1.7204163702201654,-1.2260588112551243,0.8088303613464911,1,1,1.1598081362773578,False,True,False,-0.03492675203135649,-0.5500156359921567,1.3905735018133094,1.6659361069580638,0.06061711315135446,Low,0
1.120685974446368,0.2900733057412157,-0.35097063583918053,0.46612889833583054,-0.9102564852985486,0,1,0.37812085759575,False,False,True,-0.02774345484062198,-0.49567560565806046,0.240982924722633,-0.2117039121549978,0.14095824460778955,Low,0
0.33385825040725386,-0.3749328399790146,0.33949169951393476,1.7841530668073122,0.8088303613464911,1,1,-1.0771463515502933,False,False,False,0.005924947060119342,-0.23950117694017783,1.3905735018133094,0.1141674961208228,0.1189374777929889,Low,0
0.2820932685625753,-1.039938985699245,-1.0414329711922958,0.5257926191271156,-0.9102564852985486,1,1,-0.7136805777284498,False,False,True,-0.01957563713503891,-0.09718204987468745,0.240982924722633,-1.0806943342238526,0.05286983169800445,Low,0
-0.23555654988421038,-0.7549363518191462,-1.7318953065454112,0.19327380743122774,-0.9102564852985486,0,0,-0.4775790940292122,False,False,True,-0.024816331455878582,1.8952857290421778,-0.9086076523680435,-1.5151895452582802,0.07151408682902798,Low,0
2.0628086440195177,-0.2799319620189817,0.33949169951393476,-1.2260588112551243,0.8088303613464911,1,1,1.5779124281541372,False,False,False,-0.03492675203135649,-0.23950117694017783,1.3905735018133094,0.16072055444594002,0.014006788779229845,Low,0
0.758331101533618,-0.46993371793904753,-1.0414329711922958,-1.2260588112551243,0.8088303613464911,1,1,0.3337180679343955,False,False,False,-0.03492675203135649,0.8990518395837451,1.3905735018133094,-0.9875882175736183,0.0217844731334293,Low,0
1.835042723902932,-0.7549363518191462,1.3751852025436078,-1.2260588112551243,-0.9102564852985486,0,1,1.1254985705347356,False,False,True,-0.03492675203135649,-0.7945457724955903,0.240982924722633,0.6495276668596709,0.10256231815202799,Low,0
-0.8463833356514174,-0.8499372297791791,-0.6962018035157382,1.013625810294374,-0.9102564852985486,1,1,-1.1599278463591034,False,True,False,-0.0001908896161161743,-0.3462405222392956,0.240982924722633,-0.8168936703815217,0.09248382476431176,Low,0
0.27174027219363955,0.955079451461446,-0.6962018035157382,-1.2260588112551243,0.8088303613464911,1,1,1.5363429832779045,False,False,False,-0.03492675203135649,0.40093489485452893,1.3905735018133094,-0.3746396162929081,0.11431047394447823,Low,0
-1.6125050669526602,-0.0899302060989159,-1.0414329711922958,-0.21330000091066062,-0.9102564852985486,1,1,-0.9181874065186307,False,False,False,-0.0238425019248517,-0.09718204987468745,0.240982924722633,-0.9255174731401287,0.1229081516841459,Low,0
-0.2459095462531461,-0.5649345958990805,-0.35097063583918053,0.10943890711002503,-0.9102564852985486,0,0,1.0396393628021696,True,False,False,-0.030607002647834242,-0.49567560565806046,-0.9086076523680435,-0.49102226210570116,0.18169891478006092,Low,0
-0.5564994373212174,-0.2799319620189817,1.3751852025436078,-1.2260588112551243,0.8088303613464911,1,1,-1.6147260811770168,False,False,False,-0.03492675203135649,-0.49567560565806046,1.3905735018133094,0.9986756042980501,0.022878207636239937,Low,0
1.1517449635531751,-0.7549363518191462,0.6847228671904925,0.6630395306783564,-0.9102564852985486,1,1,1.0398050656799007,False,False,True,-0.028816711731973362,-0.7198282307862078,0.240982924722633,0.16847939750012625,0.0542480041251438,Low,0
-1.8092119979624388,2.8550970106621043,-1.3866641388688534,0.4642596617363307,-0.9102564852985486,0,1,0.6022781290199561,False,True,False,-0.028438208988368064,0.40093489485452893,0.240982924722633,-0.9798293745194321,0.19244116688168522,Low,0
-1.5710930814769173,-0.3749328399790146,1.7204163702201654,-1.2260588112551243,0.8088303613464911,1,0,-1.552518604515481,False,False,True,-0.03492675203135649,-0.5500156359921567,-0.9086076523680435,1.2004055237068916,0.012012976286610364,Low,0
-0.09061460071911039,2.1900908649418738,0.6847228671904925,-1.2260588112551243,0.8088303613464911,1,1,-0.6734524540414317,False,False,True,-0.03492675203135649,-0.3462405222392956,1.3905735018133094,1.8521483402585326,0.03224332815716817,Low,0
-0.9188543102339675,2.1900908649418738,-0.6962018035157382,-1.2260588112551243,0.8088303613464911,1,0,0.10910572408071467,False,False,True,-0.03492675203135649,0.40093489485452893,-0.9086076523680435,-0.0720447371796461,0.6100652935311053,High,0
-1.1259142376126816,-1.3249416195793435,0.6847228671904925,-1.2260588112551243,0.8088303613464911,0,1,-0.3024117911942069,False,False,False,-0.03492675203135649,-0.3462405222392956,1.3905735018133094,-0.15739201077569437,0.016346536545733814,Low,0
-2.0680369071858316,-0.7549363518191462,0.6847228671904925,1.036156010369016,-0.9102564852985486,0,1,-1.3839162752721057,False,False,False,0.022256547582016853,-0.7198282307862078,0.240982924722633,0.16847939750012625,0.0665081868977926,Low,0
0.6340951451063895,-0.1849310840589488,-1.3866641388688534,0.48958577105013884,0.8088303613464911,0,0,1.2149683567610243,False,False,False,-0.029706708450508733,1.8952857290421778,-0.9086076523680435,-1.2281123522533905,0.15520954741755452,Low,0
-0.8877953211271603,-0.46993371793904753,0.33949169951393476,-1.2260588112551243,-0.9102564852985486,1,1,-0.6376451087082012,False,False,True,-0.03492675203135649,-0.6664585581366489,0.240982924722633,0.06761443779570558,0.10220884887516954,Low,0
0.8411550724851038,-0.2799319620189817,1.3751852025436078,-1.2260588112551243,-0.9102564852985486,0,0,-1.6741539356706312,False,False,False,-0.03492675203135649,-0.7945457724955903,-0.9086076523680435,0.9986756042980501,0.2786797915648334,Low,1
1.2449219308735966,1.1450812073815118,-0.005739468162622887,0.949070933777596,2.5279172079915306,1,1,0.9200665964145691,False,True,True,-0.02757485011567702,0.40093489485452893,2.540164078903986,0.463315433559202,0.9653368047622057,High,1
0.04397435207705388,0.1950724277811828,-0.005739468162622887,-1.2260588112551243,-0.9102564852985486,0,0,-1.1020603897014718,False,False,False,-0.03492675203135649,-0.5952989946039038,-0.9086076523680435,0.07537328084989178,0.3524654224667109,High,1
0.33385825040725386,-0.0899302060989159,-0.6962018035157382,0.7989262094306134,-0.9102564852985486,0,0,-1.471303089113272,False,True,True,0.03293532890487597,-0.3462405222392956,-0.9086076523680435,-0.6306814370810528,0.11304032282754323,Low,0
1.1724509562910466,-0.0899302060989159,-0.35097063583918053,0.597549955602636,-0.9102564852985486,1,0,-0.15063876948546195,False,True,True,-0.02460945104265508,-0.49567560565806046,-0.9086076523680435,-0.3358454010219771,0.1196985823048293,Low,0
-2.2026258599819957,2.000089109021808,0.6847228671904925,0.03226359356770166,-0.9102564852985486,0,1,-0.8774614765020916,False,False,True,-0.021805503516138316,-0.7198282307862078,0.240982924722633,1.7435245374999258,0.16133984874989632,Low,0
1.1517449635531751,-0.3749328399790146,1.3751852025436078,0.747184392002018,0.8088303613464911,0,0,0.8737116524294586,False,True,True,-0.028138916603757835,-0.49567560565806046,-0.9086076523680435,0.9288460168103743,0.051699187123942836,Low,0
-0.29767452809782463,0.005070671861117005,1.3751852025436078,-1.2260588112551243,0.8088303613464911,0,1,0.019736929397801178,False,True,True,-0.03492675203135649,-0.49567560565806046,1.3905735018133094,1.2081643667610777,0.02051398203847639,Low,0
0.09573933392173244,-0.5649345958990805,-1.3866641388688534,-1.2260588112551243,0.8088303613464911,0,0,0.3157790743912112,False,True,False,-0.03492675203135649,1.8952857290421778,-0.9086076523680435,-1.2591477244701355,0.030268480530308017,Low,0
-1.581446077845853,-0.8499372297791791,-1.3866641388688534,-1.2260588112551243,0.8088303613464911,0,0,0.629055539637243,False,False,False,-0.03492675203135649,1.8952857290421778,-0.9086076523680435,-1.282424253632694,0.023245546208943202,Low,0
-0.6186174155348317,-0.944938107739212,0.33949169951393476,-1.2260588112551243,0.8088303613464911,1,1,0.15617650449762407,False,False,True,-0.03492675203135649,-0.23950117694017783,1.3905735018133094,-0.16515085382988057,0.011959480847918327,Low,0
-1.0016782811854532,-0.1849310840589488,-0.35097063583918053,-0.2849399984463584,-0.9102564852985486,0,0,1.4356460421769563,True,False,False,-0.032262303331181984,-0.49567560565806046,-0.9086076523680435,-0.36688077323872187,0.3217685533943934,Medium,0
-1.4986221068943673,-0.46993371793904753,-0.35097063583918053,0.22354452509290992,-0.9102564852985486,1,1,1.0379014012508918,False,False,False,-0.030234987026849288,-0.49567560565806046,0.240982924722633,-0.45998688988895636,0.09170691137330758,Low,0
-1.508975103263303,-1.3249416195793435,-0.005739468162622887,0.6081663205848366,0.8088303613464911,1,1,0.47090068962278175,True,False,False,-0.027467323999128674,-0.09718204987468745,1.3905735018133094,-0.5453341634850046,0.06371331324401577,Low,0
-0.1837915680395318,-0.8499372297791791,0.33949169951393476,-1.2260588112551243,0.8088303613464911,0,0,-1.0132037041227888,False,False,False,-0.03492675203135649,-0.23950117694017783,-0.9086076523680435,-0.11859779550476333,0.021472539713145902,Low,0
-0.15273257893272468,-1.4199424975393766,1.3751852025436078,-1.2260588112551243,0.8088303613464911,0,1,-1.0622442556957181,False,False,False,-0.03492675203135649,-0.49567560565806046,1.3905735018133094,0.16072055444594002,0.014584730244695024,Low,0
1.2138629417667894,-0.2799319620189817,-0.005739468162622887,1.6659919518140052,0.8088303613464911,1,0,-1.4369448590518215,False,False,False,0.05098822416321001,-0.09718204987468745,-0.9086076523680435,-0.11859779550476333,0.2142809086569928,Low,0
0.6340951451063895,0.38507418370124863,-1.3866641388688534,1.0492851301583068,0.8088303613464911,0,1,-0.1539388731135412,True,False,True,-0.022026908708282885,1.8952857290421778,1.3905735018133094,-1.1815592939282733,0.1444058527679088,Low,0
-0.5979114227969603,3.3301014004622687,-0.005739468162622887,1.3652594723759761,0.8088303613464911,1,1,-0.5965066657381521,True,False,True,-0.014547295187515297,-0.09718204987468745,1.3905735018133094,1.3555823847906157,0.017676094121419628,Low,0
0.5926831596306467,-0.0899302060989159,1.0299540348670502,0.37336066830471226,-0.9102564852985486,1,0,-1.5227499953190224,False,True,True,0.03139330647866463,-0.7613379761803092,-0.9086076523680435,0.843498743214326,0.10188681367298831,Low,0
-1.260503190408846,0.38507418370124863,-1.7318953065454112,0.7614133837689625,-0.9102564852985486,1,1,-0.3709445827589486,False,False,False,-0.02187234746908868,1.8952857290421778,0.240982924722633,-1.5151895452582802,0.21534686249045656,Low,1
-0.7428533719620604,0.2900733057412157,-1.7318953065454112,1.0916070866504446,-0.9102564852985486,1,1,-1.3471419228292523,True,False,True,0.018167888726908436,1.8952857290421778,0.240982924722633,-1.5151895452582802,0.38800780574970994,High,1
1.700453771106768,-1.4199424975393766,0.6847228671904925,1.5336169337819934,-0.9102564852985486,0,1,1.365708264633135,False,False,True,-0.026937726729879128,-0.7198282307862078,0.240982924722633,-0.2117039121549978,0.10640668526265415,Low,0
-0.46332247000079607,0.10007154982114991,-1.3866641388688534,1.0975727524486767,0.8088303613464911,1,1,1.167339593706365,True,False,True,-0.027740999788716393,1.8952857290421778,1.3905735018133094,-1.204835823090832,0.10110568784389512,Low,0
-0.44261647726292463,2.2850917429019066,-0.6962018035157382,1.013653098419914,0.8088303613464911,1,1,1.3250186148256151,False,True,False,-0.028356889468373322,0.40093489485452893,1.3905735018133094,-0.04876820801708749,0.1515798555784362,Low,1
-0.028496622505496116,0.10007154982114991,-0.005739468162622887,1.0207756202226625,-0.9102564852985486,1,1,-1.7278999256988823,True,False,False,1.6994446637676812,-0.5952989946039038,0.240982924722633,0.03657906557896076,0.330828212141886,Medium,1
-1.7470940197488245,-0.3749328399790146,-0.005739468162622887,1.1466124033752556,0.8088303613464911,0,0,0.16219535628906837,False,False,False,-0.023711241190788913,-0.09718204987468745,-0.9086076523680435,-0.15739201077569437,0.05898467640663,Low,0
-0.26661553899101753,0.5750759396213144,0.6847228671904925,0.9819589037153494,-0.9102564852985486,0,0,0.4339128421037774,False,False,True,-0.025794370052997995,-0.7198282307862078,-0.9086076523680435,0.9288460168103743,0.38716622783022314,High,0
-0.4219104845250532,-1.1349398636592778,-1.0414329711922958,-1.2260588112551243,0.8088303613464911,1,0,-1.4858149982968105,False,False,False,-0.03492675203135649,0.8990518395837451,-0.9086076523680435,-1.0962120203322252,0.025860693106180065,Low,0
-1.0637962593990673,-0.944938107739212,-0.005739468162622887,0.11335443208826458,-0.9102564852985486,0,1,1.348064047788231,False,False,True,-0.031027107236656352,-0.5952989946039038,0.240982924722633,-0.3901573024012805,0.06158215855078172,Low,0
2.0628086440195177,-0.6599354738591133,-0.005739468162622887,0.4801013817226978,-0.9102564852985486,1,0,0.3881270438976533,False,False,False,-0.027718203093515394,-0.5952989946039038,-0.9086076523680435,-0.27377465658848743,0.06914202660643154,Low,0
-0.7325003755931246,1.5250847192216435,0.33949169951393476,0.4482400873787963,-0.9102564852985486,0,1,1.3259613769878649,False,False,True,-0.030016955058730293,-0.6664585581366489,0.240982924722633,1.0452286626231673,0.24186877848368674,Low,0
0.012915362970246737,-1.1349398636592778,1.7204163702201654,0.4963631783239975,0.8088303613464911,0,0,-0.9644788601379579,False,False,True,-0.014949610625402503,-0.5500156359921567,-0.9086076523680435,0.5796980793719951,0.03425976181018812,Low,0
0.3752702358829967,-0.944938107739212,0.6847228671904925,0.2766672821922225,-0.9102564852985486,0,1,0.23233476807147582,False,True,False,-0.028076096644105458,-0.7198282307862078,0.240982924722633,0.05985559474151937,0.07507758593980962,Low,0
-1.1569732267194888,-0.8499372297791791,-1.7318953065454112,-1.2260588112551243,0.8088303613464911,1,0,1.0683274148117388,False,False,True,-0.03492675203135649,4.883987397417476,-0.9086076523680435,-1.5151895452582802,0.019835563434435325,Low,0
-1.8713299761760531,0.005070671861117005,-0.005739468162622887,0.6595492189033864,0.8088303613464911,0,0,-0.6283612125291242,True,False,True,-0.019672245671183284,-0.09718204987468745,-0.9086076523680435,-0.0022151496919702637,0.16161304318256692,Low,0
-1.4157981359428817,0.1950724277811828,0.6847228671904925,-1.2260588112551243,0.8088303613464911,1,1,-1.6740205012480371,False,False,False,-0.03492675203135649,-0.3462405222392956,1.3905735018133094,0.7115984112931606,0.03250538733782582,Low,0
-1.2087382085641674,-1.4199424975393766,-1.3866641388688534,-1.2260588112551243,-0.9102564852985486,1,1,1.219616932965672,False,False,True,-0.03492675203135649,0.40093489485452893,0.240982924722633,-1.3289773119578112,0.1310635098485807,Low,0
0.10609233029066815,-0.1849310840589488,0.6847228671904925,0.5381676235411855,0.8088303613464911,1,0,0.2669884725275332,True,False,True,-0.027022866477033943,-0.3462405222392956,-0.9086076523680435,0.49435080577594687,0.1386320421168257,Low,1
-1.9334479543896672,-0.1849310840589488,-0.35097063583918053,1.277934099761418,-0.9102564852985486,0,0,0.7663257222147042,True,False,True,-0.02594404609507558,-0.49567560565806046,-0.9086076523680435,-0.36688077323872187,0.1765449795577309,Low,0
-0.2459095462531461,-1.3249416195793435,-0.35097063583918053,-1.2260588112551243,-0.9102564852985486,1,1,1.6497573586086034,False,True,False,-0.03492675203135649,-0.49567560565806046,0.240982924722633,-0.7393052398396597,0.21109441044849106,Low,0
1.3484518945629538,-0.3749328399790146,0.6847228671904925,0.259156010477955,0.8088303613464911,1,1,1.2925998061299477,True,False,True,-0.030523514622723263,-0.3462405222392956,1.3905735018133094,0.38572700301734,0.043569985402595164,Low,0
-0.9913252848165174,0.1950724277811828,1.7204163702201654,0.5921361520138568,0.8088303613464911,1,1,1.494052643671501,True,False,True,-0.02987214682183208,-0.5500156359921567,1.3905735018133094,1.6659361069580638,0.11547827527920977,Low,0
-0.3287335172046318,-1.5149433754994095,-0.005739468162622887,0.9044230658791252,-0.9102564852985486,1,1,0.7706495207789984,True,False,True,-0.02729712660988024,-0.5952989946039038,0.240982924722633,-0.6229225940268667,0.1194921096109081,Low,0
1.2863339163493395,-0.0899302060989159,0.33949169951393476,1.6614487999483423,0.8088303613464911,0,0,0.9312810183312555,True,False,False,-0.025208004632444995,-0.23950117694017783,-0.9086076523680435,0.2538266710961745,0.15789122591646376,Low,0
0.20962229398002527,0.4800750616612815,-1.7318953065454112,0.13425472847623232,0.8088303613464911,0,1,-1.1347478114831457,True,False,False,-0.014707656637362787,4.883987397417476,1.3905735018133094,-1.5151895452582802,0.4361154942149098,High,0
0.872214061591911,-0.2799319620189817,-0.005739468162622887,-1.2260588112551243,0.8088303613464911,1,0,0.09456154644203904,False,True,True,-0.03492675203135649,-0.09718204987468745,-0.9086076523680435,-0.11859779550476333,0.02058429089532111,Low,0
0.758331101533618,-0.8499372297791791,1.3751852025436078,1.0609408516868157,-0.9102564852985486,1,1,0.14158749986992022,False,False,False,-0.023997777011717257,-0.7945457724955903,0.240982924722633,0.5796980793719951,0.0579438671932299,Low,0
0.11644532665960386,0.005070671861117005,-0.005739468162622887,1.014168683474237,0.8088303613464911,1,0,-0.6644614158957345,False,False,False,-0.016194822241444303,-0.09718204987468745,-0.9086076523680435,-0.0022151496919702637,0.09011541681452402,Low,0
0.0646803448149253,-0.1849310840589488,0.33949169951393476,0.3124392859627978,-0.9102564852985486,1,0,0.39223473102456985,False,False,False,-0.028439102685401577,-0.6664585581366489,-0.9086076523680435,0.20727361277105727,0.14545372769009773,Low,0
1.6383357928931537,-0.5649345958990805,1.3751852025436078,-1.2260588112551243,-0.9102564852985486,1,1,0.4241093365849516,False,True,True,-0.03492675203135649,-0.7945457724955903,0.240982924722633,0.7891868418350226,0.09959322131051283,Low,0
-1.5503870887390458,-0.3749328399790146,0.33949169951393476,0.3752860863391477,-0.9102564852985486,1,1,-1.5024766842888093,False,False,True,0.025794853566513277,-0.6664585581366489,0.240982924722633,0.1141674961208228,0.06475442052241868,Low,0
-0.898148317496096,-0.2799319620189817,0.6847228671904925,2.0859114192472648,-0.9102564852985486,1,1,-0.9261559706966853,False,False,False,0.0016765844849062498,-0.7198282307862078,0.240982924722633,0.4400389043966434,0.4543898038143321,High,1
-0.16308557530166037,-0.5649345958990805,-1.3866641388688534,-1.2260588112551243,2.5279172079915306,0,0,1.3663775298350875,False,False,True,-0.03492675203135649,3.389636563229827,-0.9086076523680435,-1.2591477244701355,0.6256632108165652,High,1
1.441628861883375,-0.5649345958990805,1.7204163702201654,0.9428771713535256,-0.9102564852985486,0,0,1.6652995908434665,False,False,False,-0.0292003450132125,-0.8217157876626383,-0.9086076523680435,1.0452286626231673,0.0671761424170037,Low,0
0.05432734844598959,-0.1849310840589488,0.6847228671904925,0.5764236493278417,-0.9102564852985486,1,0,0.931898305156825,False,False,True,-0.02886137446245791,-0.7198282307862078,-0.9086076523680435,0.49435080577594687,0.10536917233798453,Low,0
0.292446264931511,2.000089109021808,1.0299540348670502,-1.2260588112551243,0.8088303613464911,1,1,-0.8433388933751832,False,False,True,-0.03492675203135649,-0.42926001302749833,1.3905735018133094,2.2090551207510982,0.034708029803980814,Low,0
0.4270352177276753,2.5700943767820053,-0.35097063583918053,1.3379337855336175,-0.9102564852985486,1,1,0.3219404306575041,False,False,True,-0.02374604604911818,-0.49567560565806046,0.240982924722633,0.5331450210468779,0.057188940049421745,Low,0
0.6133891523685181,-0.0899302060989159,-1.0414329711922958,-1.2260588112551243,0.8088303613464911,1,0,-1.73786634331013,False,False,True,-0.03492675203135649,0.8990518395837451,-0.9086076523680435,-0.9255174731401287,0.09935479818747685,Low,0
1.2242159381357252,-1.2299407416193107,0.6847228671904925,-1.2260588112551243,0.8088303613464911,1,0,1.3450315107016673,False,False,False,-0.03492675203135649,-0.3462405222392956,-0.9086076523680435,-0.10308010939639092,0.02999910223637255,Low,0
0.1578573121353467,-0.46993371793904753,1.3751852025436078,0.6343030477455722,-0.9102564852985486,1,1,-1.3018277673403755,False,False,False,0.003279646605434747,-0.7945457724955903,0.240982924722633,0.8590164293226985,0.0694537216012135,Low,0
0.41668222135873956,1.2400820853415448,-0.6962018035157382,-1.2260588112551243,-0.9102564852985486,1,0,1.3275917188806585,False,False,True,-0.03492675203135649,-0.3462405222392956,-0.9086076523680435,-0.3048100288052322,0.8001439876455372,High,1
-0.4840284627386675,-0.2799319620189817,0.33949169951393476,0.6396439759873208,0.8088303613464911,1,1,-0.3505476050547236,False,False,True,-0.02285212553443851,-0.23950117694017783,1.3905735018133094,0.16072055444594002,0.038252313626114164,Low,0
-1.1052082448748102,-0.1849310840589488,-0.6962018035157382,0.13026873592674498,-0.9102564852985486,0,0,-0.34463968697931857,False,False,True,-0.02618592490046307,-0.3462405222392956,-0.9086076523680435,-0.6539579662436115,0.11100655347089346,Low,0
-0.4322634808939889,-0.6599354738591133,0.6847228671904925,0.6764116753033403,-0.9102564852985486,0,0,-1.672994364374676,False,False,True,0.22205077272851592,-0.7198282307862078,-0.9086076523680435,0.22279129887942967,0.06680062464725205,Low,0
-0.5564994373212174,-0.3749328399790146,-1.7318953065454112,0.820727013961406,-0.9102564852985486,1,1,0.9702431720324072,False,True,True,-0.028136751406580743,1.8952857290421778,0.240982924722633,-1.5151895452582802,0.06059932402724938,Low,0
-1.0534432630301316,-1.3249416195793435,-0.005739468162622887,-1.2260588112551243,0.8088303613464911,0,0,1.5894739539936504,False,False,False,-0.03492675203135649,-0.09718204987468745,-0.9086076523680435,-0.5453341634850046,0.031395731012270174,Low,0
0.7376251087957466,0.955079451461446,-0.6962018035157382,1.473822872061658,-0.9102564852985486,1,0,0.7157450059992835,False,False,False,-0.02504179731503858,-0.3462405222392956,-0.9086076523680435,-0.3746396162929081,0.6816585910437255,High,1
1.6072768037863465,-1.989947765299574,-0.6962018035157382,-1.2260588112551243,0.8088303613464911,1,1,-0.2221512476399753,False,True,True,-0.03492675203135649,0.40093489485452893,1.3905735018133094,-1.0962120203322252,0.005652854480513359,Low,0
-1.3847391468360746,1.3350829633015777,-1.7318953065454112,0.526366632873772,-0.9102564852985486,1,0,-0.7858626699330791,True,False,True,-0.018408335394482347,1.8952857290421778,-0.9086076523680435,-1.5151895452582802,0.9192546330233229,High,1
0.002562366601311024,1.6200855971816763,-1.0414329711922958,-1.2260588112551243,-0.9102564852985486,1,0,0.2580058067377634,False,False,True,-0.03492675203135649,-0.09718204987468745,-0.9086076523680435,-0.6461991231894253,0.9249194930378788,High,1
1.5762178146795394,0.10007154982114991,0.33949169951393476,1.4309492138784525,-0.9102564852985486,1,0,-1.5245141204825736,False,False,False,0.07615016493002363,-0.6664585581366489,-0.9086076523680435,0.34693278774640895,0.4137549123516821,High,0
0.9964500180191395,-0.1849310840589488,-1.3866641388688534,-1.2260588112551243,0.8088303613464911,0,1,1.4097119719952804,False,True,True,-0.03492675203135649,1.8952857290421778,1.3905735018133094,-1.2281123522533905,0.027869476681927397,Low,0
-0.028496622505496116,-0.5649345958990805,-0.005739468162622887,0.9997571823029446,-0.9102564852985486,1,0,-1.2323853541889302,True,False,True,0.0045259688997927065,-0.5952989946039038,-0.9086076523680435,-0.2349804413175564,0.22426923874401133,Low,0
-2.2026258599819957,-0.2799319620189817,-0.35097063583918053,-1.2260588112551243,0.8088303613464911,1,0,-0.6158968676420984,False,False,False,-0.03492675203135649,0.10206472801699919,-0.9086076523680435,-0.3979161454554667,0.030191066590622862,Low,0
1.3484518945629538,-0.944938107739212,0.33949169951393476,0.35921899853949624,-0.9102564852985486,0,0,0.21753872205864866,False,True,False,-0.0276451204811213,-0.6664585581366489,-0.9086076523680435,-0.16515085382988057,0.092520848864001,Low,0
-0.4219104845250532,1.7150864751417092,0.33949169951393476,0.49049446563062565,0.8088303613464911,0,1,1.51542534968944,True,False,True,-0.03018604605401235,-0.23950117694017783,1.3905735018133094,1.1383347792734018,0.38669220687195605,High,0
-0.23555654988421038,0.005070671861117005,0.33949169951393476,-1.2260588112551243,0.8088303613464911,0,0,0.6054397399270683,False,False,True,-0.03492675203135649,-0.23950117694017783,-0.9086076523680435,0.3003797294212917,0.025202058487698548,Low,0
-0.5150874518454747,-1.4199424975393766,0.6847228671904925,-1.2260588112551243,0.8088303613464911,0,0,0.7836805695078656,False,True,True,-0.03492675203135649,-0.3462405222392956,-0.9086076523680435,-0.2117039121549978,0.017969524589068437,Low,0
-0.22520355351527466,-0.7549363518191462,0.33949169951393476,-1.2260588112551243,-0.9102564852985486,1,1,-1.452659771127689,False,False,False,-0.03492675203135649,-0.6664585581366489,0.240982924722633,-0.0720447371796461,0.1448167136947066,Low,1
0.903273050698718,2.1900908649418738,1.7204163702201654,0.10637717942442074,-0.9102564852985486,1,1,-0.9936029723520828,True,False,True,-0.018869404256401382,-0.8217157876626383,0.240982924722633,3.2952931483371666,0.2087037065853705,Low,0
2.0628086440195177,-0.8499372297791791,-0.005739468162622887,0.7516972058928157,0.8088303613464911,1,1,0.04272445356525191,True,False,True,-0.024951311971117867,-0.09718204987468745,1.3905735018133094,-0.35136308713034947,0.03879268790693412,Low,0
-0.6600294010105746,0.6700768175813473,1.3751852025436078,0.5051451391963583,-0.9102564852985486,1,0,0.6924668913115166,True,False,True,-0.028527705220816504,-0.7945457724955903,-0.9086076523680435,1.6969714791748085,0.7287480186318831,High,1
-0.7946183538067388,-0.46993371793904753,-1.3866641388688534,0.5809350185531698,-0.9102564852985486,0,0,1.1493812390900986,False,False,True,-0.029303947608858856,0.40093489485452893,-0.9086076523680435,-1.2513888814159493,0.05026588996563456,Low,0
-1.1983852121952316,0.5750759396213144,-1.0414329711922958,-1.2260588112551243,0.8088303613464911,0,1,1.2365051958399582,False,False,False,-0.03492675203135649,0.8990518395837451,1.3905735018133094,-0.8168936703815217,0.13369648223370625,Low,0
-0.8877953211271603,-0.6599354738591133,1.3751852025436078,-1.2260588112551243,0.8088303613464911,1,0,-1.6455605959374915,False,False,True,-0.03492675203135649,-0.49567560565806046,-0.9086076523680435,0.7193572543473468,0.015579364835154071,Low,0
-1.8816829725449886,1.2400820853415448,1.0299540348670502,1.013064316981789,2.5279172079915306,0,0,0.8784434289211356,True,False,False,-0.02723822746090095,-0.09718204987468745,-0.9086076523680435,1.712489165283181,0.9836883848212091,High,1
-0.8774423247582246,0.2900733057412157,-0.6962018035157382,0.5077127912913002,-0.9102564852985486,1,1,1.0073913152826064,False,False,True,-0.029252925523345765,-0.3462405222392956,0.240982924722633,-0.5375753204308183,0.12716735456171085,Low,0
0.8411550724851038,-0.5649345958990805,1.0299540348670502,0.5617877434535781,-0.9102564852985486,1,1,-0.9529169854502809,False,True,False,-0.014495575138937497,-0.7613379761803092,0.240982924722633,0.5331450210468779,0.08467075106830235,Low,0
-1.9852129362343458,-1.2299407416193107,-0.35097063583918053,1.1797852934473252,-0.9102564852985486,0,0,-0.8671430710937262,False,False,True,-0.010136357149559218,-0.49567560565806046,-0.9086076523680435,-0.7082698676229149,0.06481051882487761,Low,0
1.5244528328348608,-0.1849310840589488,1.0299540348670502,-1.2260588112551243,2.5279172079915306,0,0,0.19278166558111012,False,False,True,-0.03492675203135649,-0.09718204987468745,-0.9086076523680435,0.7814279987808365,0.40476207107529766,High,0
-1.695329037904146,2.095089986981841,-0.005739468162622887,0.545550987720421,-0.9102564852985486,0,0,-1.5409733001155772,True,False,False,0.04527473386628224,-0.5952989946039038,-0.9086076523680435,0.8512575862685122,0.9646035651556568,High,1
0.2820932685625753,-0.0899302060989159,-1.0414329711922958,-1.2260588112551243,0.8088303613464911,0,0,0.267534768751801,False,False,False,-0.03492675203135649,0.8990518395837451,-0.9086076523680435,-0.9255174731401287,0.033201964153162115,Low,0
2.0628086440195177,-0.1849310840589488,0.33949169951393476,-1.2260588112551243,0.8088303613464911,1,0,0.16675654602872308,False,False,True,-0.03492675203135649,-0.23950117694017783,-0.9086076523680435,0.20727361277105727,0.017367345735453208,Low,0
1.079273988970625,-0.5649345958990805,0.33949169951393476,0.2276005036584887,0.8088303613464911,1,1,-0.9963648032636581,True,False,False,-0.017343425506876006,-0.23950117694017783,1.3905735018133094,0.02106137947058835,0.06515197392359535,Low,0
0.9550380325433966,-0.6599354738591133,0.33949169951393476,1.0267936150145778,0.8088303613464911,1,1,1.1080041839761168,True,False,False,-0.027814710723929527,-0.23950117694017783,1.3905735018133094,-0.02549167885452888,0.08628899300043832,Low,0
-0.8670893283892889,0.6700768175813473,-1.3866641388688534,-0.13070526563606474,0.8088303613464911,1,1,0.17166414199487703,True,False,False,-0.02977471678428558,1.8952857290421778,1.3905735018133094,-1.1582827647657148,0.1997942342554099,Low,0
1.6901007747378323,-0.2799319620189817,0.33949169951393476,-1.2260588112551243,0.8088303613464911,1,1,-0.018729685486893133,False,False,False,-0.03492675203135649,-0.23950117694017783,1.3905735018133094,0.16072055444594002,0.01629913079495074,Low,0
-1.115561241243746,0.2900733057412157,-0.35097063583918053,0.2160176574770106,2.5279172079915306,1,0,-0.2397855223122159,False,False,True,-0.026283058430342374,0.6998050616920587,-0.9086076523680435,-0.2117039121549978,0.926175465830851,High,1
0.12679832302853958,0.4800750616612815,-1.0414329711922958,0.6524653820315505,0.8088303613464911,0,1,0.7840252314935462,True,False,True,-0.02823508770879189,0.8990518395837451,1.3905735018133094,-0.8324113564898942,0.16735542322479088,Low,0
-0.30802752446676035,1.1450812073815118,-0.35097063583918053,0.5393036121555833,-0.9102564852985486,0,0,1.360678222961542,True,False,True,-0.029807886984580447,-0.49567560565806046,-0.9086076523680435,0.06761443779570558,0.9318285835461542,High,1
0.1578573121353467,-0.0899302060989159,0.33949169951393476,0.3761214240174473,0.8088303613464911,1,1,1.0225988277044524,True,False,True,-0.02971243012452719,-0.23950117694017783,1.3905735018133094,0.2538266710961745,0.06934239005423333,Low,0
-0.5254404482144104,-0.8499372297791791,-1.0414329711922958,0.6962291146625208,-0.9102564852985486,1,1,-1.3583781477561665,True,False,True,0.01040845003731989,-0.09718204987468745,0.240982924722633,-1.049658962007108,0.16656066919543314,Low,0
0.49950619231022525,0.1950724277811828,-1.3866641388688534,1.9861991638581076,0.8088303613464911,1,0,-0.09747622801090662,True,False,False,-0.017341371284461237,1.8952857290421778,-0.9086076523680435,-1.1970769800366459,0.12473269520420367,Low,0
-0.8463833356514174,-0.8499372297791791,0.33949169951393476,0.4855405472163908,-0.9102564852985486,0,1,-0.9700757800754738,True,False,True,-0.014930739158595671,-0.6664585581366489,0.240982924722633,-0.11859779550476333,0.15786041715918508,Low,0
0.5305651814170323,-0.2799319620189817,1.3751852025436078,0.2276033929894281,0.8088303613464911,1,0,1.3001232400511913,True,False,True,-0.030627725964203923,-0.49567560565806046,-0.9086076523680435,0.9986756042980501,0.052627785353723956,Low,0
1.876454709378675,-0.944938107739212,-0.005739468162622887,-1.2260588112551243,0.8088303613464911,1,0,1.3787998385183942,False,False,False,-0.03492675203135649,-0.09718204987468745,-0.9086076523680435,-0.3901573024012805,0.02356083042915837,Low,0
-0.35979250631143894,2.5700943767820053,-1.3866641388688534,0.954461622718859,-0.9102564852985486,1,0,1.4670756919046093,False,False,False,-0.028813879502752965,0.40093489485452893,-0.9086076523680435,-1.0031059036819907,0.8279971048136792,High,1
-0.13202658619485325,-0.46993371793904753,0.6847228671904925,-1.2260588112551243,0.8088303613464911,1,1,1.730966594743867,False,False,False,-0.03492675203135649,-0.3462405222392956,1.3905735018133094,0.33141510163803656,0.02224999987591106,Low,0
-0.7117943828552532,-0.944938107739212,-0.35097063583918053,-1.2260588112551243,0.8088303613464911,0,0,0.9841435503850764,False,False,True,-0.03492675203135649,0.10206472801699919,-0.9086076523680435,-0.6151637509726804,0.013430312520795368,Low,0
-0.2459095462531461,3.235100522502236,-1.7318953065454112,1.1228023902127813,-0.9102564852985486,0,1,-0.9787832046641278,False,False,True,-0.007171754000245437,1.8952857290421778,0.240982924722633,-1.5151895452582802,0.02675708600960912,Low,0
0.7376251087957466,-0.8499372297791791,-0.005739468162622887,-1.2260588112551243,0.8088303613464911,1,0,1.1624619986822848,False,False,True,-0.03492675203135649,-0.09718204987468745,-0.9086076523680435,-0.35136308713034947,0.016080825953061432,Low,0
-1.7367410233798888,0.1950724277811828,-1.3866641388688534,0.673426514887634,-0.9102564852985486,0,0,1.1061483117455264,True,False,True,-0.028926346397627974,0.40093489485452893,-0.9086076523680435,-1.1970769800366459,0.5016018079460384,High,1
-0.06990860798123896,-1.4199424975393766,1.0299540348670502,0.2629185614347844,-0.9102564852985486,1,0,-1.113419758030153,False,False,False,-0.01354913156551504,-0.7613379761803092,-0.9086076523680435,-0.02549167885452888,0.08248470986978354,Low,0
0.34421124677618953,0.005070671861117005,-0.35097063583918053,2.0972329414971,0.8088303613464911,0,0,1.0110308481739119,False,True,True,-0.02406555725357035,0.10206472801699919,-0.9086076523680435,-0.3048100288052322,0.10789575856135107,Low,1
2.0628086440195177,-0.46993371793904753,0.33949169951393476,-1.2260588112551243,-0.9102564852985486,0,1,-0.8186507344099646,False,False,True,-0.03492675203135649,-0.6664585581366489,0.240982924722633,0.06761443779570558,0.10448211916784637,Low,0
-0.26661553899101753,0.005070671861117005,-0.6962018035157382,0.8733117134324209,-0.9102564852985486,0,1,0.37649888805888404,False,False,False,-0.026008142359165067,-0.3462405222392956,0.240982924722633,-0.6074049079184942,0.17502921724946008,Low,0
1.6901007747378323,-0.7549363518191462,-0.35097063583918053,-1.2260588112551243,0.8088303613464911,1,1,0.7377852329783571,False,False,False,-0.03492675203135649,0.10206472801699919,1.3905735018133094,-0.5530930065391908,0.016871983551915323,Low,0
-1.6642700487973388,-0.5649345958990805,-0.005739468162622887,0.32039136678196684,0.8088303613464911,0,0,0.14969996391547805,True,False,True,-0.027568403075175753,-0.09718204987468745,-0.9086076523680435,-0.2349804413175564,0.06331106991628051,Low,0
-1.8816829725449886,-0.1849310840589488,1.3751852025436078,0.32738178195342427,-0.9102564852985486,1,1,0.3516397934934793,False,True,True,-0.02824892802688153,-0.7945457724955903,0.240982924722633,1.068505191785726,0.06662524230579141,Low,0
-0.608264419165896,0.005070671861117005,0.6847228671904925,-1.2260588112551243,0.8088303613464911,1,0,-0.29035472653823624,False,False,True,-0.03492675203135649,-0.3462405222392956,-0.9086076523680435,0.6029746085345538,0.0246952621209063,Low,0
0.6962131233200037,-1.1349398636592778,-1.0414329711922958,-1.2260588112551243,0.8088303613464911,0,0,-1.2820444135560016,False,False,True,-0.03492675203135649,0.8990518395837451,-0.9086076523680435,-1.0962120203322252,0.012610669675106035,Low,0
-1.0948552485058745,-1.2299407416193107,-1.3866641388688534,-1.2260588112551243,0.8088303613464911,1,1,1.7426317284879829,False,False,False,-0.03492675203135649,1.8952857290421778,1.3905735018133094,-1.3134596258494389,0.011788191777911558,Low,0
0.7790370942714895,1.3350829633015777,-1.3866641388688534,0.5964305003819479,-0.9102564852985486,0,1,-1.2447530681346264,False,False,False,-0.0018155641866226982,0.40093489485452893,0.240982924722633,-1.1039708633864114,0.46393282736591007,High,0
0.09573933392173244,0.005070671861117005,1.3751852025436078,0.934507903250363,0.8088303613464911,1,0,1.4540873770757887,True,False,True,-0.028845184583103582,-0.49567560565806046,-0.9086076523680435,1.2081643667610777,0.12469669901168953,Low,0
1.1517449635531751,-0.6599354738591133,1.7204163702201654,1.8522929609465226,-0.9102564852985486,1,0,1.394119680048934,False,False,True,-0.026095983700027813,-0.8217157876626383,-0.9086076523680435,0.9676402320813053,0.15074306441322438,Low,0
-0.23555654988421038,-0.5649345958990805,0.33949169951393476,-1.2260588112551243,0.8088303613464911,0,0,1.4738733472213903,False,False,True,-0.03492675203135649,-0.23950117694017783,-0.9086076523680435,0.02106137947058835,0.02517146186062613,Low,0
-0.9085013138650317,0.005070671861117005,-0.005739468162622887,-1.2260588112551243,0.8088303613464911,1,1,-1.4324926843633057,False,False,False,-0.03492675203135649,-0.09718204987468745,1.3905735018133094,-0.0022151496919702637,0.03358551009165554,Low,0
0.1578573121353467,-0.6599354738591133,1.7204163702201654,0.5803600416962005,0.8088303613464911,1,1,-1.1403893839856083,False,False,False,-0.007824131572216033,-0.5500156359921567,1.3905735018133094,0.9676402320813053,0.03807938005474912,Low,0
-0.15273257893272468,0.38507418370124863,0.33949169951393476,-1.2260588112551243,0.8088303613464911,1,0,-0.9872727735745858,False,False,True,-0.03492675203135649,-0.23950117694017783,-0.9086076523680435,0.48659196272176064,0.05553862966934471,Low,0
2.0628086440195177,0.5750759396213144,-0.005739468162622887,0.44188548553242424,-0.9102564852985486,1,0,-0.6915513944676471,True,False,False,-0.020619522876737486,-0.5952989946039038,-0.9086076523680435,0.23055014193361587,0.7103954343517221,High,1
-0.19414456440846753,2.000089109021808,-1.0414329711922958,-1.2260588112551243,0.8088303613464911,0,1,-1.7031725213152535,False,False,True,-0.03492675203135649,0.8990518395837451,1.3905735018133094,-0.5841283787559356,0.045233997025354265,Low,0
1.0896269853395608,-1.1349398636592778,1.0299540348670502,-1.2260588112551243,0.8088303613464911,1,1,1.015181966897202,False,False,True,-0.03492675203135649,-0.42926001302749833,1.3905735018133094,0.16072055444594002,0.010804831166919326,Low,0
0.08538633755279673,1.0500803294214789,-0.6962018035157382,-1.2260588112551243,-0.9102564852985486,1,0,1.4593767873570518,False,False,False,-0.03492675203135649,-0.3462405222392956,-0.9086076523680435,-0.35136308713034947,0.8277976717270725,High,1
0.8515080688540395,-0.0899302060989159,-0.6962018035157382,1.3046477299997494,-0.9102564852985486,0,0,-1.3966551636639197,False,False,False,0.031419951876562595,-0.3462405222392956,-0.9086076523680435,-0.6306814370810528,0.1627821959332714,Low,0
0.002562366601311024,0.7650776955413803,-1.0414329711922958,-1.2260588112551243,0.8088303613464911,1,1,0.35020567869273583,False,True,True,-0.03492675203135649,0.8990518395837451,1.3905735018133094,-0.7858582981647769,0.06381610752880668,Low,0
-0.21485055714633894,0.10007154982114991,0.6847228671904925,-1.2260588112551243,0.8088303613464911,1,1,-1.1385992696338654,False,False,False,-0.03492675203135649,-0.3462405222392956,1.3905735018133094,0.6572865099138572,0.033465555291132744,Low,0
0.6237421487374538,-0.6599354738591133,-1.3866641388688534,-1.2260588112551243,0.8088303613464911,1,0,0.46148440556560155,False,False,False,-0.03492675203135649,1.8952857290421778,-0.9086076523680435,-1.2669065675243216,0.021774886703753746,Low,0
-0.5979114227969603,0.5750759396213144,0.33949169951393476,0.04620589949808913,-0.9102564852985486,1,0,-0.774155674409326,False,True,False,-0.02307977372098172,-0.6664585581366489,-0.9086076523680435,0.5796980793719951,0.4938293526767521,High,0
-0.9395603029718389,1.0500803294214789,-0.6962018035157382,-1.2260588112551243,0.8088303613464911,1,0,-0.26510753839077705,False,False,True,-0.03492675203135649,0.40093489485452893,-0.9086076523680435,-0.35136308713034947,0.16559500603529553,Low,0
0.5512711741549038,-1.4199424975393766,0.6847228671904925,0.5883482391521138,-0.9102564852985486,1,0,1.0949065052479938,True,False,False,-0.029172373144609198,-0.7198282307862078,-0.9086076523680435,-0.2117039121549978,0.3271479134427032,Medium,1
-0.5461464409522817,-0.0899302060989159,-1.3866641388688534,0.4029970173067788,-0.9102564852985486,1,1,-0.4146358965905497,True,False,True,-0.02387369139526135,0.40093489485452893,0.240982924722633,-1.2203535091992044,0.19498281061738387,Low,1
1.8453957202718678,-0.2799319620189817,-0.35097063583918053,0.08691320155017797,0.8088303613464911,1,0,-0.16786349641358375,True,False,True,-0.02741703414850255,0.10206472801699919,-0.9086076523680435,-0.3979161454554667,0.038939982753443514,Low,0
-0.608264419165896,-0.1849310840589488,0.6847228671904925,-1.2260588112551243,0.8088303613464911,1,1,0.47086685135090817,False,False,False,-0.03492675203135649,-0.3462405222392956,1.3905735018133094,0.49435080577594687,0.030045627971576696,Low,0
-1.3950921432050103,-0.7549363518191462,0.6847228671904925,-1.2260588112551243,-0.9102564852985486,1,0,-0.9194252942273241,False,True,False,-0.03492675203135649,-0.7198282307862078,-0.9086076523680435,0.16847939750012625,0.2289057616539412,Low,0
-0.49438145910760317,0.8600785735014131,-0.005739468162622887,-1.2260588112551243,-0.9102564852985486,1,0,0.013043230833786374,False,False,False,-0.03492675203135649,-0.5952989946039038,-0.9086076523680435,0.34693278774640895,0.7537440463326961,High,1
0.0646803448149253,-1.6099442534594424,0.33949169951393476,-1.2260588112551243,2.5279172079915306,0,1,1.1979665438094718,False,True,False,-0.03492675203135649,0.18745620425629328,2.540164078903986,-0.49102226210570116,0.5303888435525512,High,1
2.0317496549127108,0.1950724277811828,-0.6962018035157382,0.40390121737247076,4.24700405463657,1,0,-1.4600279676161108,True,False,False,0.017493693027359036,1.8952857290421778,-0.9086076523680435,-0.560851849593377,0.9755461884911184,High,1
-1.7574470161177602,-0.46993371793904753,-0.005739468162622887,-1.2260588112551243,0.8088303613464911,1,1,0.4451764516115383,False,False,False,-0.03492675203135649,-0.09718204987468745,1.3905735018133094,-0.1961862260466254,0.022077690161758052,Low,0
0.6237421487374538,-0.0899302060989159,1.7204163702201654,-1.2260588112551243,0.8088303613464911,0,0,-0.8096596962642674,False,False,True,-0.03492675203135649,-0.5500156359921567,-0.9086076523680435,1.4331708153324776,0.02338896181605075,Low,0
0.2820932685625753,-0.6599354738591133,-0.005739468162622887,-1.2260588112551243,0.8088303613464911,1,0,-0.1647669456889914,False,False,False,-0.03492675203135649,-0.09718204987468745,-0.9086076523680435,-0.27377465658848743,0.021506793932096112,Low,0
-0.3494395099425032,0.6700768175813473,-0.6962018035157382,0.483806948652664,-0.9102564852985486,0,1,-0.2292532729795363,False,True,False,-0.024749421911132462,-0.3462405222392956,0.240982924722633,-0.4444692037805839,0.22949028169083932,Low,0
1.0896269853395608,-1.2299407416193107,-0.005739468162622887,0.4054683583704028,0.8088303613464911,0,1,0.9546207047199056,False,False,False,-0.02948294449082239,-0.09718204987468745,1.3905735018133094,-0.5065399482140736,0.046646284518096874,Low,0
1.627982796524218,-0.6599354738591133,-1.3866641388688534,-1.2260588112551243,0.8088303613464911,1,1,-0.9336938818167204,False,False,True,-0.03492675203135649,1.8952857290421778,1.3905735018133094,-1.2669065675243216,0.008039151159332462,Low,0
-0.7946183538067388,-0.5649345958990805,1.0299540348670502,0.38341136649630403,-0.9102564852985486,1,0,0.057131882723778865,False,False,True,-0.026873975122175826,-0.7613379761803092,-0.9086076523680435,0.5331450210468779,0.0658900438413052,Low,0
0.3856232322519324,0.005070671861117005,-1.7318953065454112,-1.2260588112551243,0.8088303613464911,1,0,-0.8112230593096411,False,False,False,-0.03492675203135649,4.883987397417476,-0.9086076523680435,-1.5151895452582802,0.05572413886050813,Low,1
0.20962229398002527,0.8600785735014131,1.3751852025436078,0.6473682812174224,0.8088303613464911,0,0,-0.40740985572881305,True,False,False,-0.022284595013747886,-0.49567560565806046,-0.9086076523680435,1.8366306541501602,0.48935823807080203,High,0
-0.7117943828552532,-0.6599354738591133,-0.35097063583918053,-1.2260588112551243,0.8088303613464911,1,0,-0.6987777841775475,False,False,False,-0.03492675203135649,0.10206472801699919,-0.9086076523680435,-0.522057634322446,0.02304452486898974,Low,0
0.19926929761108958,0.5750759396213144,1.3751852025436078,0.4582667078125585,-0.9102564852985486,1,0,0.9801063305872162,False,False,False,-0.029359440089827472,-0.7945457724955903,-0.9086076523680435,1.6271418916871327,0.62441109363182,High,1
1.4933938437280536,-0.2799319620189817,-1.3866641388688534,1.2113268351672506,-0.9102564852985486,1,1,0.6219627587740189,False,False,False,-0.025648468998750472,0.40093489485452893,0.240982924722633,-1.2358711953075767,0.07461835430105081,Low,0
-1.0016782811854532,-0.8499372297791791,1.3751852025436078,-1.2260588112551243,0.8088303613464911,1,1,-1.036262393315623,False,False,False,-0.03492675203135649,-0.49567560565806046,1.3905735018133094,0.5796980793719951,0.013115089160322252,Low,0
-1.726388027010953,1.0500803294214789,-1.0414329711922958,0.2251583769410313,0.8088303613464911,0,0,-0.899334779634861,False,False,False,-0.01940012849677254,0.8990518395837451,-0.9086076523680435,-0.7393052398396597,0.42020652083775123,High,0
-0.49438145910760317,1.1450812073815118,1.0299540348670502,1.772835075961959,-0.9102564852985486,1,0,-0.10449923924140211,False,False,True,-0.01843890732975877,-0.7613379761803092,-0.9086076523680435,1.6504184208496913,0.785179163534959,High,1
1.3173929054561466,-0.5649345958990805,-1.3866641388688534,-1.2260588112551243,0.8088303613464911,1,0,-0.24927087830579764,False,False,True,-0.03492675203135649,1.8952857290421778,-0.9086076523680435,-1.2591477244701355,0.012278699686963428,Low,0
0.10609233029066815,0.2900733057412157,1.3751852025436078,-0.01636914325155816,-0.9102564852985486,1,0,-1.25799342576168,False,True,False,-0.012344693319084124,-0.7945457724955903,-0.9086076523680435,1.4176531292241052,0.3422267794447599,Medium,1
0.16821030850428242,0.4800750616612815,1.0299540348670502,0.7367258165927938,-0.9102564852985486,1,1,-0.1381456446249354,False,False,True,-0.023908677725773687,-0.7613379761803092,0.240982924722633,1.215923209815264,0.12211533042568629,Low,0
0.2510342794557681,-1.7049451314194752,1.0299540348670502,0.35301287619973964,-0.9102564852985486,1,0,-1.4220413678045918,False,False,False,0.009781251083627509,-0.7613379761803092,-0.9086076523680435,-0.2117039121549978,0.06479951920280033,Low,0
0.6651541342131967,0.2900733057412157,0.33949169951393476,-1.2260588112551243,0.8088303613464911,1,1,0.5060893527377883,False,True,True,-0.03492675203135649,-0.23950117694017783,1.3905735018133094,0.4400389043966434,0.019429082100897162,Low,0
-1.6125050669526602,0.10007154982114991,-1.3866641388688534,1.0243721951688536,0.8088303613464911,1,0,0.8893810398199704,False,False,False,-0.02723154889865383,1.8952857290421778,-0.9086076523680435,-1.204835823090832,0.12544513720043216,Low,0
0.3027992613004467,-0.8499372297791791,1.0299540348670502,1.0443413244023603,-0.9102564852985486,1,1,-1.4556010844194593,False,False,False,0.03695222308042552,-0.7613379761803092,0.240982924722633,0.34693278774640895,0.06955792113936536,Low,0
0.6237421487374538,1.2400820853415448,1.0299540348670502,1.1056720286273773,-0.9102564852985486,0,1,0.5536656141438189,True,False,False,-0.025786309663763572,-0.7613379761803092,0.240982924722633,1.712489165283181,0.6102799663607965,High,0
-0.9085013138650317,-0.46993371793904753,0.33949169951393476,-1.2260588112551243,0.8088303613464911,0,0,-1.1022534771600492,False,False,False,-0.03492675203135649,-0.23950117694017783,-0.9086076523680435,0.06761443779570558,0.02011110324120225,Low,0
0.04397435207705388,-0.1849310840589488,-0.35097063583918053,0.5213886367017073,-0.9102564852985486,1,0,-0.3519133456153927,True,False,False,-0.023606330417774633,-0.49567560565806046,-0.9086076523680435,-0.36688077323872187,0.3379015808091142,Medium,1
1.8971607021165464,0.955079451461446,-1.0414329711922958,0.8830654526107816,-0.9102564852985486,0,0,1.650661398624689,False,False,False,-0.029334215856816614,-0.09718204987468745,-0.9086076523680435,-0.7548229259480321,0.4947218456721031,High,1
-1.5296810960011744,-1.039938985699245,-0.005739468162622887,-1.2260588112551243,0.8088303613464911,1,0,0.4567705947543523,False,False,False,-0.03492675203135649,-0.09718204987468745,-0.9086076523680435,-0.4289515176722115,0.02497506273607512,Low,0
0.17856330487321814,-0.8499372297791791,1.0299540348670502,-1.2260588112551243,0.8088303613464911,1,0,0.6756297346932044,False,True,False,-0.03492675203135649,-0.42926001302749833,-0.9086076523680435,0.34693278774640895,0.028058244428640276,Low,0
1.8971607021165464,1.7150864751417092,1.0299540348670502,0.5762673044203354,2.5279172079915306,1,0,0.7063186053453578,True,False,False,-0.028302545138683705,-0.09718204987468745,-0.9086076523680435,2.0228428874506292,0.993635484625484,High,1
-1.291562179515653,-0.2799319620189817,-1.7318953065454112,-1.2260588112551243,0.8088303613464911,1,0,-0.034242614476010035,False,False,False,-0.03492675203135649,4.883987397417476,-0.9086076523680435,-1.5151895452582802,0.045421557357798605,Low,0
-0.7739123610688674,-1.894946887339541,0.33949169951393476,-1.2260588112551243,0.8088303613464911,0,0,-0.4783535369525034,False,True,True,-0.03492675203135649,-0.23950117694017783,-0.9086076523680435,-0.6306814370810528,0.015560687671846075,Low,0
-1.767800012486696,-1.3249416195793435,-0.6962018035157382,1.5722638218374159,0.8088303613464911,0,0,1.4288178626458563,True,False,False,-0.026987206575775077,0.40093489485452893,-0.9086076523680435,-0.9332763161943148,0.0913979556352712,Low,0
0.19926929761108958,1.0500803294214789,1.0299540348670502,0.9945534972808246,-0.9102564852985486,0,1,-1.684442340136923,False,False,False,0.3273403445118331,-0.7613379761803092,0.240982924722633,1.5883476764162017,0.35805291612169204,High,0
0.09573933392173244,-0.8499372297791791,0.6847228671904925,1.122346196961104,-0.9102564852985486,0,0,-0.05028474612937617,False,False,True,-0.022429655060147175,-0.7198282307862078,-0.9086076523680435,0.1141674961208228,0.08013993560641038,Low,0
0.002562366601311024,0.5750759396213144,0.33949169951393476,0.16586128014229734,-0.9102564852985486,1,0,-0.24176785200212692,True,False,False,-0.026572649677658915,-0.6664585581366489,-0.9086076523680435,0.5796980793719951,0.5698062586748733,High,1
2.000690665805904,1.6200855971816763,-0.005739468162622887,0.3715758643760012,-0.9102564852985486,0,1,1.0029253610916264,False,True,True,-0.029689924239931137,-0.5952989946039038,0.240982924722633,0.6572865099138572,0.2033023442302173,Low,1
0.3027992613004467,-0.2799319620189817,-0.6962018035157382,0.6403706427186161,-0.9102564852985486,1,1,-0.6267931400335411,False,False,True,-0.019848677476584226,-0.3462405222392956,0.240982924722633,-0.6772344954061701,0.06583556500780556,Low,0
2.0628086440195177,1.3350829633015777,0.6847228671904925,-0.17615363872317516,0.8088303613464911,0,0,1.4460247983176322,False,True,False,-0.03196399717259618,-0.3462405222392956,-0.9086076523680435,1.3633412278448018,0.382153202512348,High,1
-0.06990860798123896,0.4800750616612815,1.0299540348670502,0.4758009336559565,0.8088303613464911,0,0,0.8546188435850195,True,False,False,-0.02902937197995756,-0.42926001302749833,-0.9086076523680435,1.215923209815264,0.3529766942841693,High,0
-1.1983852121952316,-0.944938107739212,-1.0414329711922958,0.5776435890578717,-0.9102564852985486,1,0,1.4983019631528574,False,False,False,-0.029919017070913528,-0.09718204987468745,-0.9086076523680435,-1.0651766481154803,0.12001819940837155,Low,0
0.04397435207705388,-0.944938107739212,1.3751852025436078,-1.2260588112551243,0.8088303613464911,0,1,-0.2440986810075192,False,True,False,-0.03492675203135649,-0.49567560565806046,1.3905735018133094,0.5098684918843193,0.017822887049042255,Low,0
-0.4322634808939889,0.005070671861117005,1.0299540348670502,1.048089107667721,-0.9102564852985486,0,1,1.32446202758052,False,False,False,-0.02825466475789319,-0.7613379761803092,0.240982924722633,0.9055694876478156,0.18632155113017043,Low,0
-0.1837915680395318,0.2900733057412157,1.7204163702201654,-1.2260588112551243,-0.9102564852985486,0,1,-0.3544758098014451,False,True,True,-0.03492675203135649,-0.8217157876626383,0.240982924722633,1.7435245374999258,0.2194893894157666,Low,0
-1.043090266661196,-0.5649345958990805,-0.35097063583918053,0.6744934805962537,-0.9102564852985486,0,1,-1.4953580886614752,True,False,True,0.03503961922087678,-0.49567560565806046,0.240982924722633,-0.49102226210570116,0.1950961844987467,Low,1
0.14750431576641101,-1.1349398636592778,-1.0414329711922958,1.140559415575295,-0.9102564852985486,0,0,1.5310465960333688,True,False,False,-0.02842194137879261,-0.09718204987468745,-0.9086076523680435,-1.0962120203322252,0.22974333680969047,Low,0
-0.11132059345698182,0.10007154982114991,1.0299540348670502,0.5451119699359956,-0.9102564852985486,1,1,1.014376999759592,False,False,True,-0.029145238300936835,-0.7613379761803092,0.240982924722633,0.9676402320813053,0.0741341152377659,Low,0
-0.26661553899101753,-0.2799319620189817,-0.6962018035157382,-1.2260588112551243,0.8088303613464911,1,0,-1.0192595338195793,False,False,False,-0.03492675203135649,0.40093489485452893,-0.9086076523680435,-0.6772344954061701,0.03176542017226086,Low,1
-0.1837915680395318,0.10007154982114991,-0.005739468162622887,0.15717322252547195,0.8088303613464911,1,1,0.3060912120386337,True,False,True,-0.028848210838422823,-0.09718204987468745,1.3905735018133094,0.03657906557896076,0.04716829936203838,Low,0
0.975744025281268,0.10007154982114991,-0.6962018035157382,0.19399630068449958,-0.9102564852985486,0,0,0.2895545881133011,False,True,True,-0.02863553648437553,-0.3462405222392956,-0.9086076523680435,-0.5841283787559356,0.17494424693232882,Low,0
1.307039909087211,-0.8499372297791791,-0.35097063583918053,-1.2260588112551243,0.8088303613464911,0,1,0.2770056475465914,False,False,False,-0.03492675203135649,0.10206472801699919,1.3905735018133094,-0.5841283787559356,0.018922197483538905,Low,0
1.079273988970625,-0.2799319620189817,1.0299540348670502,-1.2260588112551243,0.8088303613464911,1,0,1.3444443992422532,False,False,True,-0.03492675203135649,-0.42926001302749833,-0.9086076523680435,0.7193572543473468,0.02123222923617914,Low,0
0.5616241705238395,-0.8499372297791791,-1.3866641388688534,-1.2260588112551243,-0.9102564852985486,1,1,1.422768661064175,False,False,True,-0.03492675203135649,0.40093489485452893,0.240982924722633,-1.282424253632694,0.06946732804281425,Low,0
1.4002168764076324,-0.944938107739212,-0.35097063583918053,-1.2260588112551243,0.8088303613464911,1,0,0.06352487417073183,False,False,False,-0.03492675203135649,0.10206472801699919,-0.9086076523680435,-0.6151637509726804,0.021952222412313295,Low,0
1.1103329780774323,2.760096132702071,0.33949169951393476,0.5813115946856239,-0.9102564852985486,1,0,-1.113965879830339,True,False,True,-0.008955230191692011,-0.6664585581366489,-0.9086076523680435,1.6504184208496913,0.8955971925385662,High,1
-0.4840284627386675,-1.1349398636592778,1.3751852025436078,0.40083965020525214,-0.9102564852985486,0,0,-1.211872558894375,False,True,True,-0.007210886550304744,-0.7945457724955903,-0.9086076523680435,0.3702093169089676,0.062327916750973,Low,0
1.514099836465925,-0.8499372297791791,1.7204163702201654,-0.11184547896495763,-0.9102564852985486,1,1,-0.4376865622756201,False,False,True,-0.02723301649008154,-0.8217157876626383,0.240982924722633,0.8124633709975813,0.04412676878689192,Low,0
-1.6746230451662745,-0.7549363518191462,0.6847228671904925,1.011488507991038,-0.9102564852985486,0,1,-1.6327833342476765,False,False,False,0.15347615352158336,-0.7198282307862078,0.240982924722633,0.16847939750012625,0.07596662331378914,Low,0
-0.30802752446676035,0.1950724277811828,-0.005739468162622887,0.453471863118384,-0.9102564852985486,1,1,-0.07290214239519983,False,True,True,-0.02586779711339903,-0.5952989946039038,0.240982924722633,0.07537328084989178,0.15120518179738818,Low,0
-0.44261647726292463,-1.2299407416193107,-1.3866641388688534,0.4858533975497891,-0.9102564852985486,0,1,-1.6163393295097916,True,False,True,0.08997881237377862,0.40093489485452893,0.240982924722633,-1.3134596258494389,0.11348970862438067,Low,0
-1.767800012486696,0.2900733057412157,-1.3866641388688534,1.2163923138594288,0.8088303613464911,1,0,0.03572359419314767,False,False,False,-0.02255889307151653,1.8952857290421778,-0.9086076523680435,-1.1893181369824597,0.11075654902194315,Low,0
-1.5193280996322387,0.2900733057412157,0.6847228671904925,0.8813446955178971,0.8088303613464911,1,1,0.8715442587887338,True,False,True,-0.027671395923316088,-0.3462405222392956,1.3905735018133094,0.765910312672464,0.08042671475533028,Low,0
0.12679832302853958,-1.6099442534594424,1.3751852025436078,-1.2260588112551243,-0.9102564852985486,1,0,-1.2313454378131052,False,True,False,-0.03492675203135649,-0.7945457724955903,-0.9086076523680435,0.02106137947058835,0.18687564293573006,Low,1
-0.19414456440846753,-0.6599354738591133,-1.3866641388688534,-1.2260588112551243,0.8088303613464911,1,0,-1.398971166622357,False,True,False,-0.03492675203135649,1.8952857290421778,-0.9086076523680435,-1.2669065675243216,0.035374275976666265,Low,0
2.0110436621748393,-0.5649345958990805,1.0299540348670502,1.4126311767585105,-0.9102564852985486,1,0,0.8884143815585107,False,False,True,-0.025900603525594344,-0.7613379761803092,-0.9086076523680435,0.5331450210468779,0.08155049198547684,Low,0
-0.6600294010105746,0.005070671861117005,0.33949169951393476,0.4088498386799833,0.8088303613464911,1,0,-1.615639714517602,True,False,False,0.08368689592748492,-0.23950117694017783,-0.9086076523680435,0.3003797294212917,0.18642762449946707,Low,0
-0.8567363320203532,0.6700768175813473,1.0299540348670502,1.1951510764205953,-0.9102564852985486,0,0,-0.614217163734149,True,False,True,-0.015585436269628867,-0.7613379761803092,-0.9086076523680435,1.340064698682243,0.6461168058959799,High,1
1.193156949028918,-1.039938985699245,-0.35097063583918053,0.22979125858420563,-0.9102564852985486,0,1,-1.3628383459524462,True,False,False,-0.00018548955449585364,-0.49567560565806046,0.240982924722633,-0.6461991231894253,0.16202123956759193,Low,0
-0.1837915680395318,1.9050882310617752,-1.0414329711922958,0.44328006926591124,-0.9102564852985486,1,1,0.05979778039035176,False,False,True,-0.026586804529613654,-0.09718204987468745,0.240982924722633,-0.599646064864308,0.16291619513281771,Low,0
0.9860970216502037,-0.1849310840589488,-0.35097063583918053,-1.2260588112551243,0.8088303613464911,0,1,1.243796296884215,False,False,False,-0.03492675203135649,0.10206472801699919,1.3905735018133094,-0.36688077323872187,0.04312841385401061,Low,0
1.2138629417667894,-1.3249416195793435,0.33949169951393476,-1.2260588112551243,0.8088303613464911,1,1,-1.3694931479462147,False,False,True,-0.03492675203135649,-0.23950117694017783,1.3905735018133094,-0.35136308713034947,0.012179394927110945,Low,0
-0.16308557530166037,-0.0899302060989159,-1.7318953065454112,0.431408129472093,-0.9102564852985486,0,0,1.0223661459793014,False,True,True,-0.029532044185391532,1.8952857290421778,-0.9086076523680435,-1.5151895452582802,0.07418771825979427,Low,0
-1.260503190408846,-1.1349398636592778,-1.3866641388688534,-1.2260588112551243,0.8088303613464911,1,1,-1.080746115750943,False,False,False,-0.03492675203135649,1.8952857290421778,1.3905735018133094,-1.3057007827952527,0.01783909325869133,Low,0
-0.26661553899101753,0.005070671861117005,-1.0414329711922958,-1.2260588112551243,0.8088303613464911,1,0,0.011725456895618392,False,False,True,-0.03492675203135649,0.8990518395837451,-0.9086076523680435,-0.9099997870317562,0.02502284612937877,Low,0
0.4788001995723538,0.2900733057412157,1.7204163702201654,-1.2260588112551243,0.8088303613464911,1,0,-0.6701139771153517,False,False,False,-0.03492675203135649,-0.5500156359921567,-0.9086076523680435,1.7435245374999258,0.05537014887239816,Low,0
0.2303282867178967,-1.3249416195793435,-0.6962018035157382,0.5114695635862505,0.8088303613464911,1,1,0.06703376342475248,True,False,False,-0.0262809015788983,0.40093489485452893,1.3905735018133094,-0.9332763161943148,0.05852378398947746,Low,0
0.5926831596306467,0.2900733057412157,1.3751852025436078,1.610338943403579,0.8088303613464911,1,1,0.08850153056728491,True,False,True,-0.020978730701746263,-0.49567560565806046,1.3905735018133094,1.4176531292241052,0.02305516546303347,Low,0
0.4788001995723538,-0.5649345958990805,-1.3866641388688534,0.17603236712303683,-0.9102564852985486,1,0,1.2696974009144264,False,False,False,-0.03073831636565787,0.40093489485452893,-0.9086076523680435,-1.2591477244701355,0.0850598766421957,Low,0
-0.8049713501756746,-1.2299407416193107,1.0299540348670502,0.1587482289242948,0.8088303613464911,1,1,-0.1666362485738816,False,False,True,-0.027012344129710222,-0.42926001302749833,1.3905735018133094,0.09864981001245039,0.027337241825347594,Low,0
0.32350525403831815,0.6700768175813473,0.6847228671904925,0.8290535841740172,-0.9102564852985486,1,1,-0.6473830307722618,False,True,True,-0.018011395303424424,-0.7198282307862078,0.240982924722633,0.9831579181896778,0.14951588763005955,Low,0
-0.03884961887443183,0.4800750616612815,-0.35097063583918053,0.28217755733070526,-0.9102564852985486,1,0,-1.101510430571486,True,False,True,-0.013676813278566702,-0.49567560565806046,-0.9086076523680435,-0.14963316772150814,0.4727112457106138,High,1
1.514099836465925,-0.5649345958990805,1.7204163702201654,0.11516186910933542,-0.9102564852985486,0,0,-0.522638590358628,True,False,False,-0.025018986600880665,-0.8217157876626383,-0.9086076523680435,1.0452286626231673,0.13841446916071487,Low,0
0.002562366601311024,-0.1849310840589488,1.3751852025436078,0.611131576720737,-0.9102564852985486,0,1,1.327194555246349,True,False,True,-0.02954145036662917,-0.7945457724955903,0.240982924722633,1.068505191785726,0.23003333924357747,Low,0
-1.5503870887390458,0.38507418370124863,0.33949169951393476,0.4518918806496098,-0.9102564852985486,0,0,-0.3245547539574738,False,True,True,-0.024266722006083728,-0.6664585581366489,-0.9086076523680435,0.48659196272176064,0.32892889850952467,Medium,1
0.7893900906404252,-1.2299407416193107,1.3751852025436078,0.7243724821607704,-0.9102564852985486,1,1,0.8207460357432805,False,False,False,-0.02807858929514183,-0.7945457724955903,0.240982924722633,0.3003797294212917,0.10275970097421853,Low,0
0.33385825040725386,1.6200855971816763,0.6847228671904925,-0.40884028779591447,2.5279172079915306,0,0,-0.03665524837577704,False,True,True,-0.030612709952027542,0.027347186307616678,-0.9086076523680435,1.526276931982712,0.9849438443314065,High,1
1.2345689345046609,-0.5649345958990805,0.33949169951393476,-1.2260588112551243,0.8088303613464911,1,1,0.4604985606551415,False,False,False,-0.03492675203135649,-0.23950117694017783,1.3905735018133094,0.02106137947058835,0.020140213194138362,Low,0
-0.8567363320203532,-1.2299407416193107,0.33949169951393476,-1.2260588112551243,0.8088303613464911,0,0,1.164531714837189,False,True,False,-0.03492675203135649,-0.23950117694017783,-0.9086076523680435,-0.3048100288052322,0.03519212977309471,Low,0
-0.7635593646999317,0.8600785735014131,0.33949169951393476,1.6609006296617566,-0.9102564852985486,1,0,1.6369614335420335,False,True,True,-0.02724065480387989,-0.6664585581366489,-0.9086076523680435,0.7193572543473468,0.5284793611216155,High,0
-0.44261647726292463,-0.46993371793904753,-0.6962018035157382,0.48006767286173635,-0.9102564852985486,1,1,-1.1004687699548428,True,False,True,-0.010927868158178101,-0.3462405222392956,0.240982924722633,-0.7237875537312873,0.12639470085009946,Low,0
0.292446264931511,-1.039938985699245,1.3751852025436078,-1.2260588112551243,0.8088303613464911,0,1,-0.6622715215484548,False,True,False,-0.03492675203135649,-0.49567560565806046,1.3905735018133094,0.4400389043966434,0.019607336939505712,Low,0
-1.1052082448748102,0.5750759396213144,0.33949169951393476,-1.2260588112551243,0.8088303613464911,0,1,0.9012582732475818,False,False,False,-0.03492675203135649,-0.23950117694017783,1.3905735018133094,0.5796980793719951,0.11090803625578795,Low,0
-0.31838052083569607,-0.944938107739212,1.3751852025436078,-1.2260588112551243,0.8088303613464911,1,0,-1.510459027969328,False,True,True,-0.03492675203135649,-0.49567560565806046,-0.9086076523680435,0.5098684918843193,0.020722212954540013,Low,0
-0.6496764046416389,-0.8499372297791791,-1.7318953065454112,0.5420269670844897,-0.9102564852985486,1,0,-1.6385382824033234,True,False,False,0.1224293759020548,1.8952857290421778,-0.9086076523680435,-1.5151895452582802,0.33030414386869317,Medium,1
1.0999799817084965,-0.7549363518191462,-1.3866641388688534,0.8176670519780426,2.5279172079915306,1,0,1.106537800720236,True,False,True,-0.02847157926040677,3.389636563229827,-0.9086076523680435,-1.2746654105785078,0.727862349496533,High,0
1.2863339163493395,-0.8499372297791791,-0.35097063583918053,-1.2260588112551243,0.8088303613464911,0,1,-0.7372850398733063,False,True,True,-0.03492675203135649,0.10206472801699919,1.3905735018133094,-0.5841283787559356,0.01193930216561354,Low,0
0.6962131233200037,0.4800750616612815,-1.3866641388688534,0.9227401398887543,-0.9102564852985486,0,1,0.6858080775638661,False,False,False,-0.026962342953623368,0.40093489485452893,0.240982924722633,-1.1738004508740871,0.22853325826855728,Low,0
0.40632922498980384,-0.3749328399790146,0.33949169951393476,0.5828220726934634,-0.9102564852985486,1,0,1.3471033199455533,False,False,True,-0.029658632925575055,-0.6664585581366489,-0.9086076523680435,0.1141674961208228,0.09569351804801687,Low,0
-0.39085149541824604,-1.7049451314194752,0.6847228671904925,0.46946398883199286,-0.9102564852985486,1,1,-1.1018421851751121,False,False,False,-0.011025657819280056,-0.7198282307862078,0.240982924722633,-0.3746396162929081,0.04026339645361817,Low,0
0.49950619231022525,0.38507418370124863,-0.6962018035157382,0.07035235919663527,-0.9102564852985486,1,0,1.7380970512087648,False,False,False,-0.0315756267766938,-0.3462405222392956,-0.9086076523680435,-0.5142987912682597,0.412365521552496,High,1
0.7893900906404252,0.38507418370124863,-1.0414329711922958,0.33744130865622,-0.9102564852985486,1,1,0.13403109979721192,False,True,True,-0.02742505880657344,-0.09718204987468745,0.240982924722633,-0.8479290425982666,0.14062996582383397,Low,1
2.0628086440195177,2.5700943767820053,-0.35097063583918053,-1.2260588112551243,0.8088303613464911,0,1,-0.6171126034924002,False,False,True,-0.03492675203135649,0.10206472801699919,1.3905735018133094,0.5331450210468779,0.016274330947474117,Low,0
-0.7221473792241889,-0.7549363518191462,-0.6962018035157382,-1.2260588112551243,0.8088303613464911,0,0,-0.1864628595305475,False,False,True,-0.03492675203135649,0.40093489485452893,-0.9086076523680435,-0.7936171412189631,0.016175435657257747,Low,0
-1.4261511323118174,0.2900733057412157,1.7204163702201654,-1.2260588112551243,0.8088303613464911,0,1,-0.46361156240504126,False,True,False,-0.03492675203135649,-0.5500156359921567,1.3905735018133094,1.7435245374999258,0.05358465769607139,Low,0
-0.31838052083569607,2.095089986981841,-0.005739468162622887,-1.2260588112551243,-0.9102564852985486,0,0,-1.1876412165994492,False,False,True,-0.03492675203135649,-0.5952989946039038,-0.9086076523680435,0.8512575862685122,0.9332923967585236,High,1
0.7790370942714895,-0.0899302060989159,-0.005739468162622887,0.8105281572999697,-0.9102564852985486,1,0,0.4939947869042257,False,False,False,-0.026729996057427048,-0.5952989946039038,-0.9086076523680435,-0.041009364962901286,0.1626917930466154,Low,0
0.6030361559995824,-0.46993371793904753,-1.0414329711922958,0.5664448633729674,-0.9102564852985486,1,0,-0.7448109157316957,False,False,False,-0.01872784671012253,-0.09718204987468745,-0.9086076523680435,-0.9875882175736183,0.15047786980503028,Low,0
1.586570811048475,-1.4199424975393766,-0.6962018035157382,-1.2260588112551243,0.8088303613464911,1,0,1.2813981171712336,False,False,True,-0.03492675203135649,0.40093489485452893,-0.9086076523680435,-0.9565528453568735,0.012330114556524389,Low,0
2.0628086440195177,-1.039938985699245,1.3751852025436078,-1.2260588112551243,0.8088303613464911,1,0,1.5016273582728004,False,False,False,-0.03492675203135649,-0.49567560565806046,-0.9086076523680435,0.4400389043966434,0.015202893395494875,Low,0
0.19926929761108958,-0.7549363518191462,-1.0414329711922958,-0.30259557618921745,-0.9102564852985486,1,1,1.433111834692159,False,False,False,-0.03231020058187551,-0.09718204987468745,0.240982924722633,-1.0341412758987354,0.11240932056074358,Low,1
1.9696316766990964,-0.7549363518191462,-0.6962018035157382,1.3856018068558407,0.8088303613464911,1,1,0.47205694686118205,False,False,False,-0.024311201690814584,0.40093489485452893,1.3905735018133094,-0.7936171412189631,0.030614130744601946,Low,0
-0.23555654988421038,0.5750759396213144,0.33949169951393476,-0.3645977288209072,-0.9102564852985486,1,0,0.26673154585500897,True,False,False,-0.031066838345228526,-0.6664585581366489,-0.9086076523680435,0.5796980793719951,0.6322696372869323,High,0
0.2510342794557681,0.955079451461446,1.0299540348670502,0.9430805481479927,-0.9102564852985486,0,1,1.3917372215153223,False,False,True,-0.028699477527439475,-0.7613379761803092,0.240982924722633,1.526276931982712,0.2617920432206484,Low,1
-0.8670893283892889,0.10007154982114991,0.6847228671904925,0.7365230818718692,-0.9102564852985486,1,0,0.6771479219013858,True,False,True,-0.02762647966078881,-0.7198282307862078,-0.9086076523680435,0.6572865099138572,0.4645617021848764,High,0
0.219975290348961,0.10007154982114991,-0.6962018035157382,-1.2260588112551243,-0.9102564852985486,1,0,0.23443989231498993,False,False,False,-0.03492675203135649,-0.3462405222392956,-0.9086076523680435,-0.5841283787559356,0.39001239267631155,High,1
-0.7221473792241889,0.6700768175813473,-1.3866641388688534,-1.2260588112551243,0.8088303613464911,1,0,0.07920995972860757,False,True,False,-0.03492675203135649,1.8952857290421778,-0.9086076523680435,-1.1582827647657148,0.1724236627601974,Low,0
-0.6910883901173818,-0.944938107739212,-0.35097063583918053,-1.2260588112551243,0.8088303613464911,1,0,-0.18949243140772012,False,True,False,-0.03492675203135649,0.10206472801699919,-0.9086076523680435,-0.6151637509726804,0.023224112119150434,Low,0
-0.06990860798123896,-1.039938985699245,-1.7318953065454112,-1.2260588112551243,0.8088303613464911,1,0,0.34341587245963673,False,True,True,-0.03492675203135649,4.883987397417476,-0.9086076523680435,-1.5151895452582802,0.027232352177793993,Low,0
0.10609233029066815,-1.1349398636592778,-0.6962018035157382,-1.2260588112551243,0.8088303613464911,1,1,-0.3984024217194247,False,False,False,-0.03492675203135649,0.40093489485452893,1.3905735018133094,-0.8867232578691976,0.014037224630317655,Low,0
0.16821030850428242,-1.4199424975393766,-0.35097063583918053,-1.2260588112551243,0.8088303613464911,0,1,-1.14065084568426,False,False,False,-0.03492675203135649,0.10206472801699919,1.3905735018133094,-0.7703406120564046,0.01577339848633989,Low,0
-0.21485055714633894,-0.8499372297791791,-0.6962018035157382,-1.2260588112551243,0.8088303613464911,0,1,-1.5566323964852613,False,True,True,-0.03492675203135649,0.40093489485452893,1.3905735018133094,-0.8168936703815217,0.009449072006355863,Low,0
0.05432734844598959,0.38507418370124863,0.6847228671904925,0.9396528385433793,-0.9102564852985486,1,0,1.6563509377496526,False,False,True,-0.029193790434681316,-0.7198282307862078,-0.9086076523680435,0.8202222140517674,0.16460716636278536,Low,0
0.36491723951406096,-0.7549363518191462,-1.3866641388688534,-1.2260588112551243,0.8088303613464911,1,0,-1.655782719252691,False,False,False,-0.03492675203135649,1.8952857290421778,-0.9086076523680435,-1.2746654105785078,0.017577710000373774,Low,0
0.8204490797472324,-0.0899302060989159,-1.7318953065454112,-0.6024739372978397,0.8088303613464911,0,0,-0.09990490892620126,True,False,True,-0.03150790440767594,4.883987397417476,-0.9086076523680435,-1.5151895452582802,0.05269327317146743,Low,0
0.1371513193974753,1.810087353101742,-0.005739468162622887,0.3577468844257981,-0.9102564852985486,1,1,-0.6775195003572837,False,False,True,-0.02152074070179958,-0.5952989946039038,0.240982924722633,0.7348749404557192,0.1153921638499391,Low,0
-0.35979250631143894,0.1950724277811828,-1.3866641388688534,0.43627873884423785,-0.9102564852985486,1,0,-1.7354212665311444,True,False,False,3.5883899142586384,0.40093489485452893,-0.9086076523680435,-1.1970769800366459,0.3657490624631994,High,1
0.6962131233200037,2.2850917429019066,0.6847228671904925,0.7516060314498347,-0.9102564852985486,1,1,0.01409326380635693,True,False,True,-0.02478891301432258,-0.7198282307862078,0.240982924722633,1.906460241637836,0.37261287792858483,High,0
0.6858601269510681,1.3350829633015777,0.33949169951393476,-1.2260588112551243,0.8088303613464911,0,1,-0.03690711674992857,False,False,True,-0.03492675203135649,-0.23950117694017783,1.3905735018133094,0.9521225459729329,0.06177607110837901,Low,0
0.05432734844598959,-0.3749328399790146,0.33949169951393476,-1.2260588112551243,0.8088303613464911,1,0,-1.7136388383450043,False,False,True,-0.03492675203135649,-0.23950117694017783,-0.9086076523680435,0.1141674961208228,0.01869386205787864,Low,0
0.3752702358829967,-0.7549363518191462,-1.0414329711922958,-1.2260588112551243,0.8088303613464911,0,1,0.7967792947804794,False,False,False,-0.03492675203135649,0.8990518395837451,1.3905735018133094,-1.0341412758987354,0.02210443145122146,Low,0
-0.0181436261365604,1.2400820853415448,1.0299540348670502,-0.4376928255214368,-0.9102564852985486,1,0,-1.0094337020182802,False,False,False,-0.02522005804982397,-0.7613379761803092,-0.9086076523680435,1.712489165283181,0.7721054651001709,High,0
0.4788001995723538,0.5750759396213144,-1.3866641388688534,-1.2260588112551243,0.8088303613464911,1,0,-0.9231079098668395,False,False,False,-0.03492675203135649,1.8952857290421778,-0.9086076523680435,-1.166041607819901,0.1858326345543272,Low,1
0.08538633755279673,-0.2799319620189817,-1.0414329711922958,-0.0030615270175574725,0.8088303613464911,1,1,0.8605269360845065,True,False,True,-0.030698383016024157,0.8990518395837451,1.3905735018133094,-0.9565528453568735,0.01982010657181441,Low,0
-0.6600294010105746,-0.5649345958990805,1.0299540348670502,1.1522388938248627,-0.9102564852985486,0,0,0.4045694788188017,False,False,True,-0.02495547042914578,-0.7613379761803092,-0.9086076523680435,0.5331450210468779,0.07696142958554435,Low,0
-0.39085149541824604,0.4800750616612815,-0.6962018035157382,-1.2260588112551243,0.8088303613464911,0,1,0.641198769789634,False,False,True,-0.03492675203135649,0.40093489485452893,1.3905735018133094,-0.49102226210570116,0.03778363896873246,Low,0
0.8515080688540395,-0.5649345958990805,-0.6962018035157382,-1.2260588112551243,-0.9102564852985486,1,1,-1.6058192898628396,False,False,True,-0.03492675203135649,-0.3462405222392956,0.240982924722633,-0.747064082893846,0.09867245570181021,Low,0
-1.3847391468360746,0.6700768175813473,-0.35097063583918053,-1.2260588112551243,-0.9102564852985486,1,0,-1.3493103630144676,False,True,True,-0.03492675203135649,-0.49567560565806046,-0.9086076523680435,-0.08756242328801851,0.6478555468669642,High,0
-0.6910883901173818,2.5700943767820053,-0.005739468162622887,-1.2260588112551243,-0.9102564852985486,1,0,-0.8752152431763832,False,False,False,-0.03492675203135649,-0.5952989946039038,-0.9086076523680435,1.0452286626231673,0.9041413287871365,High,1
0.7997430870093609,0.38507418370124863,-0.005739468162622887,-1.2260588112551243,-0.9102564852985486,1,1,0.35508135505191624,False,True,False,-0.03492675203135649,-0.5952989946039038,0.240982924722633,0.15296171139175382,0.3887056614554315,High,0
1.307039909087211,-0.46993371793904753,-0.005739468162622887,0.3260522081660771,-0.9102564852985486,1,1,1.271337161707638,True,False,False,-0.030292690582290224,-0.5952989946039038,0.240982924722633,-0.1961862260466254,0.16764348380899358,Low,0
-0.3287335172046318,0.4800750616612815,0.33949169951393476,-0.37802204192118855,-0.9102564852985486,1,1,0.22532815270467166,False,True,False,-0.03104692031641413,-0.6664585581366489,0.240982924722633,0.5331450210468779,0.2945548985089695,Low,1
0.8515080688540395,-0.2799319620189817,-1.3866641388688534,-1.2260588112551243,0.8088303613464911,0,1,0.15082465039506882,False,True,True,-0.03492675203135649,1.8952857290421778,1.3905735018133094,-1.2358711953075767,0.01858480703216525,Low,0
-2.2854498309334814,-0.7549363518191462,-0.005739468162622887,-1.2260588112551243,-0.9102564852985486,1,0,-0.07108917848873818,False,False,True,-0.03492675203135649,-0.5952989946039038,-0.9086076523680435,-0.31256887185941845,0.1431464635691814,Low,0
-0.7325003755931246,0.5750759396213144,1.0299540348670502,0.43917721933175763,-0.9102564852985486,1,0,-0.9122742557207709,True,False,True,-0.016831664083478335,-0.7613379761803092,-0.9086076523680435,1.2779939542487535,0.6971123287056632,High,1
0.14750431576641101,-0.6599354738591133,-1.3866641388688534,0.8956518597385952,-0.9102564852985486,0,0,-1.5325780946333851,True,False,True,0.05722784312114446,0.40093489485452893,-0.9086076523680435,-1.2669065675243216,0.21996363168280172,Low,0
-1.5400340923701101,0.5750759396213144,-1.7318953065454112,-1.2260588112551243,-0.9102564852985486,0,0,-0.26281525710746734,False,False,True,-0.03492675203135649,1.8952857290421778,-0.9086076523680435,-1.5151895452582802,0.570247391670643,High,0
-0.680735393748446,1.6200855971816763,-0.35097063583918053,0.9927417262633447,0.8088303613464911,1,1,-0.7751924511516781,False,False,True,-0.014243680491482915,0.10206472801699919,1.3905735018133094,0.22279129887942967,0.16100038406825673,Low,0
-0.2562625426220818,0.4800750616612815,1.7204163702201654,-1.2260588112551243,0.8088303613464911,0,0,1.1260303895602117,False,False,True,-0.03492675203135649,-0.5500156359921567,-0.9086076523680435,1.8987013985836498,0.05326931310376886,Low,0
1.0585679962327537,0.7650776955413803,-1.3866641388688534,0.879313977422554,-0.9102564852985486,1,0,1.7043653524492208,True,False,False,-0.02943121749050959,0.40093489485452893,-0.9086076523680435,-1.1505239217115286,0.7455225253723456,High,0
-1.1983852121952316,0.955079451461446,-0.6962018035157382,-1.2260588112551243,-0.9102564852985486,0,0,-0.6612486987326484,False,False,False,-0.03492675203135649,-0.3462405222392956,-0.9086076523680435,-0.3746396162929081,0.8016580114885903,High,1
1.0378620034948822,1.2400820853415448,1.0299540348670502,-1.2260588112551243,0.8088303613464911,0,1,1.3877361075023995,False,True,True,-0.03492675203135649,-0.42926001302749833,1.3905735018133094,1.712489165283181,0.09796603643064677,Low,0
-1.7885060052245674,-0.2799319620189817,-0.6962018035157382,0.2565419685695948,0.8088303613464911,1,0,-0.9561598779795223,False,True,False,-0.017913730372624875,0.40093489485452893,-0.9086076523680435,-0.6772344954061701,0.08317750968859244,Low,0
-0.08026160435017468,0.5750759396213144,-0.35097063583918053,-0.5014077093267345,-0.9102564852985486,1,0,-0.6770021585305986,False,False,False,-0.028795980480823276,-0.49567560565806046,-0.9086076523680435,-0.11859779550476333,0.6259322240900651,High,1
0.9550380325433966,1.9050882310617752,-0.005739468162622887,0.5169356961687125,-0.9102564852985486,1,1,1.6116158702124261,True,False,True,-0.030251193322009567,-0.5952989946039038,0.240982924722633,0.7736691557266502,0.6871007540277416,High,1
0.49950619231022525,1.3350829633015777,-0.35097063583918053,-1.2260588112551243,0.8088303613464911,0,1,0.20193369715432932,False,False,True,-0.03492675203135649,0.10206472801699919,1.3905735018133094,0.12968518222919523,0.0690366602745972,Low,0
0.17856330487321814,0.6700768175813473,-1.7318953065454112,-1.2260588112551243,0.8088303613464911,0,0,-1.226947683438118,False,False,True,-0.03492675203135649,4.883987397417476,-0.9086076523680435,-1.5151895452582802,0.12168654633311428,Low,0
-1.5607400851079816,-0.0899302060989159,0.6847228671904925,-1.2260588112551243,0.8088303613464911,0,0,1.6096276101037332,False,True,True,-0.03492675203135649,-0.3462405222392956,-0.9086076523680435,0.5486627071552502,0.04792597894199487,Low,0
-0.9913252848165174,2.1900908649418738,1.7204163702201654,0.6170556682571168,-0.9102564852985486,0,1,-1.592253108050942,True,False,False,0.07756087771740454,-0.8217157876626383,0.240982924722633,3.2952931483371666,0.6255589472555243,High,0
-0.7221473792241889,1.0500803294214789,-1.0414329711922958,1.0826642863557827,0.8088303613464911,1,0,1.4214416426496703,True,False,True,-0.02836103811491493,0.8990518395837451,-0.9086076523680435,-0.7393052398396597,0.4824740581799334,High,1
-0.9499132993407745,0.2900733057412157,0.6847228671904925,-1.2260588112551243,0.8088303613464911,1,1,1.5752147853046725,False,False,False,-0.03492675203135649,-0.3462405222392956,1.3905735018133094,0.765910312672464,0.042981311898432524,Low,0
-1.4157981359428817,0.5750759396213144,-1.3866641388688534,1.6444560026193378,-0.9102564852985486,1,0,-0.6864569903098614,False,False,True,-0.010423273089815149,0.40093489485452893,-0.9086076523680435,-1.166041607819901,0.6628053908614133,High,0
-1.3433271613603317,-0.6599354738591133,-1.0414329711922958,0.9659001628717456,0.8088303613464911,1,1,0.5166859645566604,False,False,False,-0.02619338714450537,0.8990518395837451,1.3905735018133094,-1.018623589790363,0.06954156236163019,Low,0
0.8929200543297824,0.005070671861117005,0.6847228671904925,0.861509438617923,0.8088303613464911,0,0,-0.7739967740707857,False,True,False,-0.015491090940816177,-0.3462405222392956,-0.9086076523680435,0.6029746085345538,0.10051428642672543,Low,1
0.49950619231022525,-0.7549363518191462,1.0299540348670502,0.7953092486494601,0.8088303613464911,1,0,0.8360261085831648,False,True,True,-0.02787162876218617,-0.42926001302749833,-0.9086076523680435,0.4090035321798986,0.04381340769729014,Low,0
0.8929200543297824,-0.6599354738591133,0.6847228671904925,0.8374268652368178,0.8088303613464911,0,1,1.564093854695842,False,False,False,-0.02931185670119418,-0.3462405222392956,1.3905735018133094,0.22279129887942967,0.06464923332721247,Low,0
-0.49438145910760317,-1.4199424975393766,-1.3866641388688534,1.4248883606776013,0.8088303613464911,1,0,-1.3582844820242281,False,True,True,0.027577776427395374,1.8952857290421778,-0.9086076523680435,-1.3289773119578112,0.055957000321957884,Low,0
1.048214999863818,-0.8499372297791791,-0.35097063583918053,0.08254132280187576,-0.9102564852985486,1,1,-1.0961674720971035,True,False,True,-0.01664265322737004,-0.49567560565806046,0.240982924722633,-0.5841283787559356,0.04832861537082495,Low,0
-1.3122681722535245,-1.039938985699245,0.6847228671904925,-1.2260588112551243,0.8088303613464911,0,1,0.826245278194976,False,False,False,-0.03492675203135649,-0.3462405222392956,1.3905735018133094,0.005543693362215941,0.027077078544713685,Low,0
-0.44261647726292463,-0.0899302060989159,1.3751852025436078,0.4177579670033706,-0.9102564852985486,0,1,-0.7348513006596389,False,True,False,-0.020218795282469396,-0.7945457724955903,0.240982924722633,1.1383347792734018,0.10123926407170583,Low,0
-0.49438145910760317,-0.3749328399790146,0.33949169951393476,0.8445281986126765,0.8088303613464911,1,0,0.5364019906454508,False,False,True,-0.02674843234675065,-0.23950117694017783,-0.9086076523680435,0.1141674961208228,0.04940676768035511,Low,0
0.7169191160578752,1.2400820853415448,0.6847228671904925,-1.2260588112551243,-0.9102564852985486,1,1,-1.4817271955152216,False,False,True,-0.03492675203135649,-0.7198282307862078,0.240982924722633,1.3090293264654984,0.3881525360546092,High,0
-0.1837915680395318,-0.944938107739212,0.33949169951393476,0.6586252750762742,-0.9102564852985486,0,0,-1.2103613486494662,True,False,True,-0.0029109375091693718,-0.6664585581366489,-0.9086076523680435,-0.16515085382988057,0.24966498665035966,Low,0
0.09573933392173244,-1.039938985699245,-0.6962018035157382,0.8435028071659093,-0.9102564852985486,1,1,1.7152672064112817,False,True,False,-0.029541739843269542,-0.3462405222392956,0.240982924722633,-0.863446728706639,0.05351455220837085,Low,0
-1.291562179515653,-0.2799319620189817,-0.005739468162622887,0.2367802290901931,-0.9102564852985486,0,0,-0.7259373579581072,False,True,False,-0.021953188529073367,-0.5952989946039038,-0.9086076523680435,-0.11859779550476333,0.15264676317101908,Low,0
0.41668222135873956,-0.46993371793904753,0.6847228671904925,-1.2260588112551243,0.8088303613464911,0,1,1.0784345926570171,False,False,False,-0.03492675203135649,-0.3462405222392956,1.3905735018133094,0.33141510163803656,0.022243432177611006,Low,0
0.5616241705238395,1.6200855971816763,-1.0414329711922958,1.0733617643591475,-0.9102564852985486,1,0,-0.19714110181971234,True,False,False,-0.021525264956631818,-0.09718204987468745,-0.9086076523680435,-0.6461991231894253,0.9456524726735644,High,1
-0.6703823973795103,-0.5649345958990805,1.7204163702201654,-0.15140956907529993,0.8088303613464911,1,1,0.7156309326497715,False,True,False,-0.03099200454821017,-0.5500156359921567,1.3905735018133094,1.0452286626231673,0.03450039597386593,Low,0
-1.9230949580207315,1.1450812073815118,1.0299540348670502,0.7406496885270812,-0.9102564852985486,0,0,1.4227220898343282,False,False,False,-0.029335948705914532,-0.7613379761803092,-0.9086076523680435,1.6504184208496913,0.7333101196910445,High,1
-0.5564994373212174,2.665095254742038,-1.0414329711922958,-1.2260588112551243,0.8088303613464911,0,1,0.15549973906015352,False,False,True,-0.03492675203135649,0.8990518395837451,1.3905735018133094,-0.47550457599732876,0.02164884696560306,Low,0
0.33385825040725386,0.38507418370124863,-0.35097063583918053,0.6341572970515107,-0.9102564852985486,1,1,0.30730694788893553,True,False,False,-0.02675698449234526,-0.49567560565806046,0.240982924722633,-0.18066853993825296,0.505982668168463,High,1
1.483040847359118,-0.7549363518191462,-1.7318953065454112,1.0995370159324105,0.8088303613464911,0,1,1.3240990510662476,False,True,True,-0.02810291415514341,4.883987397417476,1.3905735018133094,-1.5151895452582802,0.03506355901245152,Low,0
-0.8463833356514174,0.1950724277811828,-0.35097063583918053,0.7040702772772887,-0.9102564852985486,1,0,1.1061838942582183,False,False,True,-0.02882962009595864,-0.49567560565806046,-0.9086076523680435,-0.2427392843717426,0.17341663579334293,Low,1
-0.8877953211271603,-0.7549363518191462,-1.0414329711922958,0.2115180060938262,0.8088303613464911,1,1,-1.6620743703081056,True,False,True,0.13188393759174757,0.8990518395837451,1.3905735018133094,-1.0341412758987354,0.03532815227013184,Low,0
0.24068128308683243,-1.2299407416193107,1.7204163702201654,-1.2260588112551243,0.8088303613464911,1,1,0.674886688104641,False,False,False,-0.03492675203135649,-0.5500156359921567,1.3905735018133094,0.5021096488301331,0.01567711868510894,Low,0
2.0628086440195177,0.10007154982114991,0.6847228671904925,0.4505525152407452,-0.9102564852985486,1,1,-1.7265006957145033,True,False,False,1.120458637158487,-0.7198282307862078,0.240982924722633,0.6572865099138572,0.3009920139804413,Medium,0
0.09573933392173244,-0.3749328399790146,1.0299540348670502,-0.28475604437654073,-0.9102564852985486,0,1,1.7258088746443796,True,False,True,-0.0324849271232181,-0.7613379761803092,0.240982924722633,0.6572865099138572,0.20233493039358807,Low,0
0.27174027219363955,1.6200855971816763,-0.005739468162622887,0.7637266142228392,-0.9102564852985486,1,1,-0.6826974536502622,False,True,True,-0.01800183583066876,-0.5952989946039038,0.240982924722633,0.6572865099138572,0.2503925145371459,Low,1
0.40632922498980384,-0.6599354738591133,-1.7318953065454112,0.48640782805341076,0.8088303613464911,1,1,0.6660501896954383,True,False,True,-0.028527454265312082,4.883987397417476,1.3905735018133094,-1.5151895452582802,0.05003462738061765,Low,0
1.079273988970625,0.2900733057412157,-1.0414329711922958,0.6988635424058434,-0.9102564852985486,1,0,0.9966138256908843,False,False,True,-0.02860256551604746,-0.09718204987468745,-0.9086076523680435,-0.863446728706639,0.20075860100244772,Low,0
0.19926929761108958,-0.5649345958990805,-1.0414329711922958,1.0405354334814378,0.8088303613464911,1,0,-0.4094317796852978,False,False,True,-0.01960819559530002,0.8990518395837451,-0.9086076523680435,-1.0031059036819907,0.04091827129317898,Low,0
0.6444481414753253,1.2400820853415448,-1.7318953065454112,1.7578421771982762,-0.9102564852985486,1,1,-0.930748556771068,False,False,False,-0.0017619251537401622,1.8952857290421778,0.240982924722633,-1.5151895452582802,0.5344466425241448,High,1
-0.23555654988421038,-1.039938985699245,-0.6962018035157382,1.2385104632384147,0.8088303613464911,1,0,0.19265485927362522,True,False,False,-0.023460494115937147,0.40093489485452893,-0.9086076523680435,-0.863446728706639,0.06620771436598019,Low,0
0.903273050698718,1.810087353101742,-1.0414329711922958,0.9208013988283198,4.24700405463657,1,0,-1.2446370761202146,True,False,True,0.0040685007690576475,2.8915196185006105,-0.9086076523680435,-0.6151637509726804,0.9983830305462278,High,1
1.6797477783688965,1.9050882310617752,-1.0414329711922958,0.9421980180643471,-0.9102564852985486,1,0,1.533279224280695,True,False,True,-0.02897121659946477,-0.09718204987468745,-0.9086076523680435,-0.599646064864308,0.9247622829067598,High,1
-0.9395603029718389,-0.0899302060989159,-0.005739468162622887,0.11771138262671259,-0.9102564852985486,1,1,-1.1596557447914606,False,False,False,-0.014095643099266513,-0.5952989946039038,0.240982924722633,-0.041009364962901286,0.11786893985190477,Low,0
0.6962131233200037,-0.1849310840589488,0.6847228671904925,-1.2260588112551243,0.8088303613464911,1,1,-0.7784672632878928,False,False,False,-0.03492675203135649,-0.3462405222392956,1.3905735018133094,0.49435080577594687,0.02460477878697399,Low,0
0.3752702358829967,0.4800750616612815,1.0299540348670502,0.3047751751272698,0.8088303613464911,1,1,-1.7083611144772233,True,False,True,0.4063625625580541,-0.42926001302749833,1.3905735018133094,1.215923209815264,0.11944922277970646,Low,0
-0.7739123610688674,1.5250847192216435,0.33949169951393476,-0.5104346212554143,2.5279172079915306,0,1,-0.5614878916788404,False,False,False,-0.029466014340152474,0.18745620425629328,2.540164078903986,1.0452286626231673,0.9594739250189638,High,1
-1.2708561867777817,-0.1849310840589488,0.33949169951393476,0.4396798023968529,-0.9102564852985486,1,0,1.6985622632469906,False,False,True,-0.030571430667239396,-0.6664585581366489,-0.9086076523680435,0.20727361277105727,0.21424456734068045,Low,0
-0.9395603029718389,0.4800750616612815,-0.005739468162622887,1.0732863207179482,-0.9102564852985486,1,0,-0.018655380828036645,False,False,False,-0.022915622318409625,-0.5952989946039038,-0.9086076523680435,0.19175592666268484,0.3357634243619159,Medium,0
-0.23555654988421038,-0.1849310840589488,-1.7318953065454112,-1.2260588112551243,0.8088303613464911,1,1,1.2554542792409757,False,False,True,-0.03492675203135649,4.883987397417476,1.3905735018133094,-1.5151895452582802,0.021251161808432284,Low,0
1.8661017130097393,-0.8499372297791791,-1.0414329711922958,-1.2260588112551243,0.8088303613464911,0,1,-1.679711435765655,False,False,True,-0.03492675203135649,0.8990518395837451,1.3905735018133094,-1.049658962007108,0.010515637547872084,Low,0
-0.1009675970880461,-0.7549363518191462,-0.6962018035157382,1.2349471155980287,-0.9102564852985486,1,0,-0.6942570608248756,False,True,True,-0.013762187220720144,-0.3462405222392956,-0.9086076523680435,-0.7936171412189631,0.11056275587399773,Low,0
-1.3433271613603317,0.955079451461446,-1.0414329711922958,0.8277509774754392,-0.9102564852985486,1,1,1.448318649417678,True,False,False,-0.02913522282476418,-0.09718204987468745,0.240982924722633,-0.7548229259480321,0.7406997288402397,High,0
-0.8774423247582246,0.10007154982114991,-1.0414329711922958,0.3309913588888432,0.8088303613464911,1,0,0.955062520919162,True,False,False,-0.029732298749857795,0.8990518395837451,-0.9086076523680435,-0.8944821009233838,0.19150211219823612,Low,0
0.2303282867178967,-0.1849310840589488,1.0299540348670502,-1.2260588112551243,0.8088303613464911,1,1,1.4579756387077731,False,True,False,-0.03492675203135649,-0.42926001302749833,1.3905735018133094,0.7814279987808365,0.02845862217268442,Low,0
-0.7325003755931246,-0.3749328399790146,1.0299540348670502,-1.2260588112551243,0.8088303613464911,0,1,-1.5588939791301701,False,False,False,-0.03492675203135649,-0.42926001302749833,1.3905735018133094,0.6572865099138572,0.016420808742566458,Low,0
0.04397435207705388,-1.1349398636592778,1.7204163702201654,-1.2260588112551243,0.8088303613464911,1,0,-0.8391520177151193,False,False,True,-0.03492675203135649,-0.5500156359921567,-0.9086076523680435,0.5796980793719951,0.013745892037940225,Low,0
-0.8877953211271603,-0.6599354738591133,1.3751852025436078,-0.13345446402504135,-0.9102564852985486,1,0,0.7597349338589642,True,False,False,-0.030996858622507475,-0.7945457724955903,-0.9086076523680435,0.7193572543473468,0.2333396620440417,Low,0
-1.3226211686224603,2.2850917429019066,0.33949169951393476,0.6396025622438539,-0.9102564852985486,1,1,0.34315877136303075,True,False,True,-0.026874116413882106,-0.6664585581366489,0.240982924722633,1.4176531292241052,0.4611812022856283,High,0
0.3856232322519324,-0.6599354738591133,-0.005739468162622887,-1.2260588112551243,0.8088303613464911,0,1,1.3583616967308592,False,False,False,-0.03492675203135649,-0.09718204987468745,1.3905735018133094,-0.27377465658848743,0.026911342851680623,Low,0
0.1371513193974753,0.1950724277811828,-0.005739468162622887,-1.2260588112551243,-0.9102564852985486,1,1,0.9126481657905818,False,False,False,-0.03492675203135649,-0.5952989946039038,0.240982924722633,0.07537328084989178,0.3151679606826266,Medium,0
0.40632922498980384,0.955079451461446,1.0299540348670502,0.6459504223180336,-0.9102564852985486,0,1,-0.8497857818634195,False,True,True,-0.01601341877182968,-0.7613379761803092,0.240982924722633,1.526276931982712,0.23498626960199545,Low,0
-1.1673262230884245,-1.3249416195793435,-0.005739468162622887,-0.22309258553831982,-0.9102564852985486,1,1,0.0528089562798933,True,False,True,-0.02989643631697955,-0.5952989946039038,0.240982924722633,-0.5453341634850046,0.059475910422939655,Low,0
-0.8774423247582246,0.4800750616612815,-0.005739468162622887,1.0441365029424237,0.8088303613464911,0,0,-0.5463323576333773,True,False,False,-0.01782352634886453,-0.09718204987468745,-0.9086076523680435,0.19175592666268484,0.28058220368236486,Low,0
0.34421124677618953,0.5750759396213144,0.33949169951393476,1.1507592353470448,-0.9102564852985486,1,0,1.4624447325322256,False,False,True,-0.02825394185351106,-0.6664585581366489,-0.9086076523680435,0.5796980793719951,0.4093715507821885,High,0
-0.4322634808939889,1.3350829633015777,0.33949169951393476,-1.2260588112551243,0.8088303613464911,1,1,0.42712024508536933,False,False,False,-0.03492675203135649,-0.23950117694017783,1.3905735018133094,0.9521225459729329,0.10753312966677223,Low,0
0.17856330487321814,0.7650776955413803,0.6847228671904925,0.48914771637602683,-0.9102564852985486,0,1,1.015640178960149,True,False,True,-0.02933048556800959,-0.7198282307862078,0.240982924722633,1.037469819568981,0.558480234988641,High,1
-0.27696853535995325,2.1900908649418738,0.6847228671904925,0.783047409697189,0.8088303613464911,1,1,0.9014356625387953,False,False,False,-0.0280881011800726,-0.3462405222392956,1.3905735018133094,1.8521483402585326,0.21841296663671442,Low,0
-0.2873215317288889,0.5750759396213144,-1.7318953065454112,-1.2260588112551243,-0.9102564852985486,1,0,1.6884758418674493,False,False,True,-0.03492675203135649,1.8952857290421778,-0.9086076523680435,-1.5151895452582802,0.6003417022145672,High,1
-0.5772054300590889,-0.944938107739212,0.33949169951393476,1.1927251620600763,-0.9102564852985486,1,0,-0.2086068688383053,False,False,True,-0.02072401212653148,-0.6664585581366489,-0.9086076523680435,-0.16515085382988057,0.07335717905716709,Low,0
0.14750431576641101,-0.6599354738591133,1.7204163702201654,-1.2260588112551243,-0.9102564852985486,1,1,-1.3473102420682106,False,True,False,-0.03492675203135649,-0.8217157876626383,0.240982924722633,0.9676402320813053,0.13349251297865852,Low,0
0.5098591886791609,-0.1849310840589488,0.6847228671904925,-1.2260588112551243,0.8088303613464911,1,0,-1.442312585745823,False,False,False,-0.03492675203135649,-0.3462405222392956,-0.9086076523680435,0.49435080577594687,0.03487414639815572,Low,0
-0.5875584264280246,1.3350829633015777,-0.35097063583918053,-1.2260588112551243,-0.9102564852985486,1,0,-1.6452040731142465,False,False,False,-0.03492675203135649,-0.49567560565806046,-0.9086076523680435,0.12968518222919523,0.8750657991304798,High,1
1.4933938437280536,-0.0899302060989159,0.6847228671904925,0.7949193494910072,0.8088303613464911,1,1,0.47684244597006037,True,False,True,-0.026729870156006738,-0.3462405222392956,1.3905735018133094,0.5486627071552502,0.06142891322394269,Low,0
-1.726388027010953,-0.6599354738591133,-0.6962018035157382,-1.2260588112551243,0.8088303613464911,1,1,0.6917690205601452,False,False,False,-0.03492675203135649,0.40093489485452893,1.3905735018133094,-0.7703406120564046,0.025515016224887287,Low,0
0.9446850361744609,-0.2799319620189817,-1.0414329711922958,0.8566438053157295,0.8088303613464911,0,0,-0.9150148068943639,True,False,False,-0.012220091693809953,0.8990518395837451,-0.9086076523680435,-0.9565528453568735,0.1836315764608891,Low,1
-1.5710930814769173,1.5250847192216435,-0.35097063583918053,0.8095976322190508,0.8088303613464911,1,0,0.4105750743800276,True,False,False,-0.026415871294275403,0.10206472801699919,-0.9086076523680435,0.19175592666268484,0.8810013331945634,High,0
0.18891630124215386,0.5750759396213144,0.6847228671904925,1.1715173124454323,-0.9102564852985486,0,1,1.2859111658643056,False,False,True,-0.02780290959762183,-0.7198282307862078,0.240982924722633,0.9288460168103743,0.16389590200981347,Low,0
-0.9395603029718389,-0.5649345958990805,1.3751852025436078,-1.2260588112551243,-0.9102564852985486,0,1,1.4586632184383166,False,True,False,-0.03492675203135649,-0.7945457724955903,0.240982924722633,0.7891868418350226,0.22890834466342957,Low,0
-0.007790629767624689,-1.5149433754994095,-0.005739468162622887,-1.2260588112551243,-0.9102564852985486,1,1,1.410944626981519,False,True,False,-0.03492675203135649,-0.5952989946039038,0.240982924722633,-0.6229225940268667,0.17687903036280536,Low,0
-0.3287335172046318,1.2400820853415448,1.0299540348670502,-1.2260588112551243,0.8088303613464911,1,1,0.41009366391419777,False,True,True,-0.03492675203135649,-0.42926001302749833,1.3905735018133094,1.712489165283181,0.06646214534662538,Low,0
0.012915362970246737,3.04509876658217,-0.35097063583918053,-1.2260588112551243,-0.9102564852985486,1,1,0.35541153983880613,False,True,True,-0.03492675203135649,-0.49567560565806046,0.240982924722633,0.688321882130602,0.11677068350638595,Low,0
0.5616241705238395,-1.4199424975393766,-0.005739468162622887,1.6279553546603687,0.8088303613464911,0,0,-0.34614025735523635,False,True,False,-0.01651430472058578,-0.09718204987468745,-0.9086076523680435,-0.5841283787559356,0.15513815448389814,Low,0
1.3173929054561466,0.7650776955413803,0.33949169951393476,0.817329642331658,0.8088303613464911,1,0,0.43543538991400493,False,True,False,-0.026481194491517847,-0.23950117694017783,-0.9086076523680435,0.6728041960222295,0.3810239422166192,High,0
-0.22520355351527466,-1.039938985699245,1.0299540348670502,0.5171869074420673,-0.9102564852985486,1,1,0.3473984975198867,True,False,True,-0.027417777218702553,-0.7613379761803092,0.240982924722633,0.22279129887942967,0.13868126337928313,Low,0
-0.5668524336901531,0.005070671861117005,1.7204163702201654,0.16316826318825609,-0.9102564852985486,0,1,0.5588228109710608,False,False,False,-0.02949316723157768,-0.8217157876626383,0.240982924722633,1.5107592458743397,0.21226811579360147,Low,0
1.0689209926016894,-0.1849310840589488,0.33949169951393476,-1.2260588112551243,-0.9102564852985486,1,1,0.28624576328113094,False,False,True,-0.03492675203135649,-0.6664585581366489,0.240982924722633,0.20727361277105727,0.13988194393805603,Low,0
1.2966869127182752,-0.8499372297791791,0.33949169951393476,-1.2260588112551243,0.8088303613464911,0,1,-0.6248211013644577,False,True,True,-0.03492675203135649,-0.23950117694017783,1.3905735018133094,-0.11859779550476333,0.01193930216561354,Low,0
-0.37014550268037466,0.4800750616612815,1.3751852025436078,0.7981579684374657,0.8088303613464911,0,1,0.1916433740231375,True,False,False,-0.025504274622364247,-0.49567560565806046,1.3905735018133094,1.557312304199457,0.2980149211087725,Low,0
0.34421124677618953,0.4800750616612815,-1.0414329711922958,0.9213057475956556,0.8088303613464911,0,1,-0.8697791422423075,True,False,False,-0.012732730444424968,0.8990518395837451,1.3905735018133094,-0.8324113564898942,0.17607299094583267,Low,0
-1.4261511323118174,0.955079451461446,-0.005739468162622887,1.5284570702791231,-0.9102564852985486,1,0,0.4621022156634163,True,False,False,-0.023679917974293172,-0.5952989946039038,-0.9086076523680435,0.38572700301734,0.6897705775244749,High,0
0.5616241705238395,0.6700768175813473,-0.005739468162622887,0.20841229637058678,-0.9102564852985486,0,1,0.6877774998717224,False,True,False,-0.02961427493891417,-0.5952989946039038,0.240982924722633,0.2693443572045469,0.3022019248827494,Medium,0
-1.6746230451662745,1.810087353101742,-0.35097063583918053,-1.2260588112551243,0.8088303613464911,1,1,1.5992683894602213,False,True,True,-0.03492675203135649,0.10206472801699919,1.3905735018133094,0.2848620433129193,0.06211252003287886,Low,0
0.7272721124268109,0.10007154982114991,-0.6962018035157382,-1.2260588112551243,-0.9102564852985486,1,1,0.7874176054609097,False,False,True,-0.03492675203135649,-0.3462405222392956,0.240982924722633,-0.5841283787559356,0.16783345837369576,Low,0
0.40632922498980384,-0.2799319620189817,0.6847228671904925,0.40453687017917067,0.8088303613464911,1,0,0.41939116517165675,False,False,True,-0.028137229696660944,-0.3462405222392956,-0.9086076523680435,0.4400389043966434,0.041559895469823686,Low,0
0.33385825040725386,-0.2799319620189817,-0.005739468162622887,0.6255308784947291,-0.9102564852985486,1,1,0.39376408137398844,False,False,True,-0.027124432981236894,-0.5952989946039038,0.240982924722633,-0.11859779550476333,0.058916184455733725,Low,0
-1.9230949580207315,-0.5649345958990805,-0.005739468162622887,-1.2260588112551243,0.8088303613464911,0,1,-0.3668613150034873,False,False,True,-0.03492675203135649,-0.09718204987468745,1.3905735018133094,-0.2349804413175564,0.011133315037769535,Low,0
2.0628086440195177,-1.1349398636592778,0.33949169951393476,0.3254271495728222,0.8088303613464911,0,0,0.924610692594205,False,False,True,-0.029691699985488394,-0.23950117694017783,-0.9086076523680435,-0.25825697048011503,0.021206565671769068,Low,0
-0.2459095462531461,0.005070671861117005,-0.005739468162622887,0.7737904749220442,-0.9102564852985486,1,0,-0.11508852524883771,True,False,False,-0.02385995644668218,-0.5952989946039038,-0.9086076523680435,-0.0022151496919702637,0.4227015533767603,High,1
0.18891630124215386,0.7650776955413803,1.3751852025436078,-0.24374183117131812,-0.9102564852985486,1,0,-0.7249164538072009,False,False,False,-0.02622358756822556,-0.7945457724955903,-0.9086076523680435,1.7668010666624845,0.6366862540041348,High,0
1.1517449635531751,-0.2799319620189817,-0.005739468162622887,0.6928977160892259,-0.9102564852985486,1,1,-0.9948654538563131,False,False,True,-0.01176196853186999,-0.5952989946039038,0.240982924722633,-0.11859779550476333,0.07338895173262593,Low,0
-2.0990958962926385,-0.2799319620189817,0.33949169951393476,0.12144680597638717,0.8088303613464911,1,0,-0.3092762509343259,False,False,False,-0.02645748909852278,-0.23950117694017783,-0.9086076523680435,0.16072055444594002,0.06522262855000091,Low,0
1.6797477783688965,-1.3249416195793435,-0.005739468162622887,0.7582121656063324,-0.9102564852985486,0,1,0.5795853815507851,True,False,False,-0.027235296082805487,-0.5952989946039038,0.240982924722633,-0.5453341634850046,0.17505910529736946,Low,0
-0.5150874518454747,0.2900733057412157,-1.3866641388688534,0.3549785843489433,-0.9102564852985486,1,0,-1.0415917467116234,True,False,True,-0.014563444475662745,0.40093489485452893,-0.9086076523680435,-1.1893181369824597,0.4247498563610652,High,1
0.7479781051646823,-1.039938985699245,-0.35097063583918053,-1.2260588112551243,0.8088303613464911,1,1,0.4213225630296759,False,False,True,-0.03492675203135649,0.10206472801699919,1.3905735018133094,-0.6461991231894253,0.010822924715326657,Low,0
2.0628086440195177,-0.3749328399790146,0.6847228671904925,0.6084287681451784,-0.9102564852985486,0,1,0.522047411983716,True,False,False,-0.02763497841244782,-0.7198282307862078,0.240982924722633,0.38572700301734,0.15045001377450196,Low,0
-0.5150874518454747,0.7650776955413803,-1.3866641388688534,-0.19183789017333708,0.8088303613464911,0,1,-0.05603969428502316,False,False,True,-0.02940430531131488,1.8952857290421778,1.3905735018133094,-1.1505239217115286,0.17749340921771703,Low,0
0.5823301632617109,-0.3749328399790146,1.3751852025436078,-1.2260588112551243,0.8088303613464911,1,1,-0.5115363231265531,False,False,False,-0.03492675203135649,-0.49567560565806046,1.3905735018133094,0.9288460168103743,0.020853892739858257,Low,0
-1.9645069434964744,-0.3749328399790146,-0.005739468162622887,-1.2260588112551243,-0.9102564852985486,1,1,-0.794009669946838,False,False,False,-0.03492675203135649,-0.5952989946039038,0.240982924722633,-0.15739201077569437,0.1508226592504305,Low,0
-0.5668524336901531,2.665095254742038,0.33949169951393476,-1.2260588112551243,0.8088303613464911,1,1,0.6736245554485742,False,True,True,-0.03492675203135649,-0.23950117694017783,1.3905735018133094,1.603865362524574,0.018108750662683873,Low,0
0.8204490797472324,-1.2299407416193107,0.33949169951393476,-1.2260588112551243,0.8088303613464911,1,1,1.5014056652648045,False,True,True,-0.03492675203135649,-0.23950117694017783,1.3905735018133094,-0.3048100288052322,0.01753381353117082,Low,0
-1.146620230350553,-1.039938985699245,1.0299540348670502,-1.2260588112551243,0.8088303613464911,0,0,1.7068706055364353,False,True,True,-0.03492675203135649,-0.42926001302749833,-0.9086076523680435,0.22279129887942967,0.025430489956184136,Low,0
-0.20449756077740325,-1.1349398636592778,1.7204163702201654,0.9276102677057423,-0.9102564852985486,1,1,1.3430516229489016,False,True,True,-0.02864624015770021,-0.8217157876626383,0.240982924722633,0.5796980793719951,0.04844643932488928,Low,0
1.7211597638446394,0.5750759396213144,1.3751852025436078,0.3985116520599068,-0.9102564852985486,0,0,-0.20093116269363057,True,False,True,-0.0254351043022444,-0.7945457724955903,-0.9086076523680435,1.6271418916871327,0.7015366939702015,High,1
-0.7014413864863175,0.10007154982114991,-0.6962018035157382,-1.2260588112551243,0.8088303613464911,1,0,-0.9070542662240731,False,False,True,-0.03492675203135649,0.40093489485452893,-0.9086076523680435,-0.5841283787559356,0.025624019421744602,Low,0
0.33385825040725386,-0.6599354738591133,-1.7318953065454112,0.9918413786389055,0.8088303613464911,1,1,1.5431781397722772,True,False,False,-0.028853231378388237,4.883987397417476,1.3905735018133094,-1.5151895452582802,0.0647015449970387,Low,0
0.11644532665960386,0.1950724277811828,-0.35097063583918053,-1.2260588112551243,0.8088303613464911,1,0,0.4678170462802441,False,False,False,-0.03492675203135649,0.10206472801699919,-0.9086076523680435,-0.2427392843717426,0.04552006112182576,Low,0
-0.9499132993407745,-0.5649345958990805,1.3751852025436078,0.5566591810358862,0.8088303613464911,1,0,0.1856051611586109,False,False,True,-0.02660239383071808,-0.49567560565806046,-0.9086076523680435,0.7891868418350226,0.045236650669017775,Low,0
-1.1673262230884245,-1.039938985699245,0.33949169951393476,1.4123086953219801,-0.9102564852985486,0,1,-1.6401417629875163,True,False,False,0.20367043198606852,-0.6664585581366489,0.240982924722633,-0.2117039121549978,0.1411737310432627,Low,0
0.19926929761108958,-0.0899302060989159,-0.35097063583918053,0.6941349918048929,0.8088303613464911,1,1,0.1873542858511255,False,False,False,-0.025968592954670983,0.10206472801699919,1.3905735018133094,-0.3358454010219771,0.051405754336430826,Low,0
-0.13202658619485325,-0.2799319620189817,0.33949169951393476,1.7989934731047414,-0.9102564852985486,0,0,-0.9192046477638187,False,False,True,-0.001777680148175041,-0.6664585581366489,-0.9086076523680435,0.16072055444594002,0.29792585697525586,Low,1
0.5305651814170323,-0.944938107739212,1.7204163702201654,0.1925802074873516,-0.9102564852985486,1,0,-0.19501539553454333,False,False,False,-0.026670016830130393,-0.8217157876626383,-0.9086076523680435,0.7348749404557192,0.10857774585451033,Low,0
0.9446850361744609,-1.7049451314194752,-1.3866641388688534,0.6085456255298444,-0.9102564852985486,1,0,-1.1897538410784816,True,False,False,-0.0049298009973816155,0.40093489485452893,-0.9086076523680435,-1.35225384112037,0.2268503586750972,Low,0
0.8308020761161681,0.38507418370124863,-1.0414329711922958,-1.2260588112551243,-0.9102564852985486,1,1,1.226273479200259,False,False,True,-0.03492675203135649,-0.09718204987468745,0.240982924722633,-0.8479290425982666,0.26199514275747376,Low,1
-0.9499132993407745,0.38507418370124863,-1.3866641388688534,-1.2260588112551243,-0.9102564852985486,0,1,-0.22843470076354383,False,False,False,-0.03492675203135649,0.40093489485452893,0.240982924722633,-1.1815592939282733,0.4568568008430741,High,0
-0.45296947363186035,-0.2799319620189817,1.7204163702201654,0.4867195547581105,0.8088303613464911,0,0,1.719522805159584,True,False,True,-0.030475574991408842,-0.5500156359921567,-0.9086076523680435,1.2779939542487535,0.08756198018246705,Low,0
-1.074149255768003,1.5250847192216435,-0.35097063583918053,0.5615182330842726,2.5279172079915306,1,0,-1.444380208811745,True,False,True,0.019515024309826823,0.6998050616920587,-0.9086076523680435,0.19175592666268484,0.9893968576790515,High,1
0.012915362970246737,-0.2799319620189817,-1.3866641388688534,-1.2260588112551243,0.8088303613464911,1,1,-1.4028585561339322,False,True,False,-0.03492675203135649,1.8952857290421778,1.3905735018133094,-1.2358711953075767,0.033889692106202664,Low,0
-0.4840284627386675,-0.46993371793904753,0.6847228671904925,-1.2260588112551243,0.8088303613464911,1,0,1.6272140925775542,False,False,False,-0.03492675203135649,-0.3462405222392956,-0.9086076523680435,0.33141510163803656,0.02977119201299567,Low,0
0.872214061591911,-0.0899302060989159,-1.3866641388688534,-1.2260588112551243,2.5279172079915306,0,0,-0.13100454829104635,False,False,False,-0.03492675203135649,3.389636563229827,-0.9086076523680435,-1.2203535091992044,0.6428017286063643,High,1
-1.0948552485058745,0.5750759396213144,0.33949169951393476,0.27954617943670756,0.8088303613464911,1,1,1.0917281496290268,True,False,True,-0.030146376273991787,-0.23950117694017783,1.3905735018133094,0.5796980793719951,0.2208123994458664,Low,0
-1.4986221068943673,-1.039938985699245,1.0299540348670502,-0.37444842110412824,-0.9102564852985486,0,1,-1.3108575276322374,True,False,True,-0.01706876641655843,-0.7613379761803092,0.240982924722633,0.22279129887942967,0.05981496610942944,Low,0
-1.3019151758845888,-0.8499372297791791,-1.7318953065454112,1.3099584807850182,0.8088303613464911,1,1,0.016689915112446326,True,False,False,-0.021945926455655868,4.883987397417476,1.3905735018133094,-1.5151895452582802,0.054626907603040634,Low,0
-0.31838052083569607,-0.5649345958990805,1.3751852025436078,0.8227713761195194,-0.9102564852985486,1,1,1.6219129958828093,False,False,False,-0.02944762905257288,-0.7945457724955903,0.240982924722633,0.7891868418350226,0.0579700564830215,Low,0
0.07503334118386101,0.38507418370124863,0.6847228671904925,1.0253778428542006,0.8088303613464911,1,0,-1.6916012277271582,False,False,False,0.38721239149811687,-0.3462405222392956,-0.9086076523680435,0.8202222140517674,0.1297919010293153,Low,0
-1.291562179515653,-0.6599354738591133,0.33949169951393476,0.8918034314455072,0.8088303613464911,1,1,-1.708220179819111,True,False,False,0.5728368642173959,-0.23950117694017783,1.3905735018133094,-0.02549167885452888,0.08041937441580624,Low,0
0.14750431576641101,-0.46993371793904753,-1.3866641388688534,0.3252797936949053,0.8088303613464911,0,0,1.2503215017851894,False,False,False,-0.03026244031299161,1.8952857290421778,-0.9086076523680435,-1.2513888814159493,0.04637744831761831,Low,0
-1.260503190408846,-1.039938985699245,1.3751852025436078,-1.2260588112551243,0.8088303613464911,1,1,-0.8230299998322785,False,False,True,-0.03492675203135649,-0.49567560565806046,1.3905735018133094,0.4400389043966434,0.01324607710893861,Low,0
-1.115561241243746,-0.7549363518191462,-1.0414329711922958,1.1443845687024814,-0.9102564852985486,1,1,-1.4489766322159279,False,False,False,0.03840858794916539,-0.09718204987468745,0.240982924722633,-1.0341412758987354,0.09376739265099378,Low,0
-0.16308557530166037,0.8600785735014131,1.0299540348670502,0.8734627612332049,0.8088303613464911,1,1,-0.9851561373416714,False,False,False,-0.009908462629878205,-0.42926001302749833,1.3905735018133094,1.4642061875492225,0.20329848631507774,Low,0
-0.20449756077740325,-0.0899302060989159,0.6847228671904925,-1.2260588112551243,0.8088303613464911,1,0,1.4280978400360935,False,True,True,-0.03492675203135649,-0.3462405222392956,-0.9086076523680435,0.5486627071552502,0.030827415927916796,Low,0
-0.26661553899101753,-1.6099442534594424,1.3751852025436078,-1.2260588112551243,0.8088303613464911,1,0,1.0001842866457882,False,False,True,-0.03492675203135649,-0.49567560565806046,-0.9086076523680435,0.02106137947058835,0.01617006491483739,Low,0
1.1724509562910466,-0.8499372297791791,-0.005739468162622887,-1.2260588112551243,0.8088303613464911,0,1,0.09462242044659513,False,False,True,-0.03492675203135649,-0.09718204987468745,1.3905735018133094,-0.35136308713034947,0.01179635808789899,Low,0
-0.8463833356514174,-0.2799319620189817,-1.3866641388688534,-0.14917804247965816,-0.9102564852985486,1,0,0.9601154121454739,False,False,True,-0.031340909291760775,0.40093489485452893,-0.9086076523680435,-1.2358711953075767,0.16644962413139144,Low,0
0.16821030850428242,-0.7549363518191462,-0.005739468162622887,-1.2260588112551243,0.8088303613464911,1,1,-1.384650251808414,False,True,True,-0.03492675203135649,-0.09718204987468745,1.3905735018133094,-0.31256887185941845,0.014381395048240691,Low,0
-0.08026160435017468,-0.46993371793904753,0.6847228671904925,1.3490745640813457,-0.9102564852985486,0,1,1.5489259365405696,True,False,False,-0.02788730588440247,-0.7198282307862078,0.240982924722633,0.33141510163803656,0.17714549269367524,Low,0
0.33385825040725386,-0.0899302060989159,0.6847228671904925,0.5291476139030837,0.8088303613464911,1,0,0.051195359098954736,False,False,True,-0.026115689333694493,-0.3462405222392956,-0.9086076523680435,0.5486627071552502,0.05363657843332517,Low,0
0.7376251087957466,-0.46993371793904753,1.0299540348670502,-1.2260588112551243,0.8088303613464911,1,1,0.5881000675290254,False,False,True,-0.03492675203135649,-0.42926001302749833,1.3905735018133094,0.5952157654803675,0.010394499418500888,Low,0
-1.4365041286807532,-0.2799319620189817,-0.35097063583918053,1.2165353357409363,0.8088303613464911,0,0,-1.065757505551784,False,False,True,-0.0023385148459300967,0.10206472801699919,-0.9086076523680435,-0.3979161454554667,0.05350869222609868,Low,1
-2.368273801884967,1.4300838412616106,-0.6962018035157382,1.0214300536804697,-0.9102564852985486,0,1,-0.2333766582738168,False,False,True,-0.02151280079859009,-0.3462405222392956,0.240982924722633,-0.25825697048011503,0.24453534429009469,Low,0
-0.3287335172046318,-0.5649345958990805,-0.6962018035157382,0.386973108952835,0.8088303613464911,0,1,-1.1038266079540051,True,False,False,-0.012117519752850876,0.40093489485452893,1.3905735018133094,-0.747064082893846,0.056671287224941407,Low,0
0.292446264931511,0.5750759396213144,-0.6962018035157382,1.1296807635511381,-0.9102564852985486,1,0,-0.8941662452423008,False,False,True,-0.009876706494982708,-0.3462405222392956,-0.9086076523680435,-0.46774573294314253,0.3809709423489531,High,0
-0.7221473792241889,0.6700768175813473,-1.0414329711922958,0.04821976316295189,0.8088303613464911,0,0,1.5482231819149077,False,True,True,-0.03144260909176619,0.8990518395837451,-0.9086076523680435,-0.8013759842731494,0.20227001860335467,Low,0
-0.6703823973795103,2.000089109021808,-0.6962018035157382,-0.4712909287967758,0.8088303613464911,0,1,-0.6364665251873275,False,False,False,-0.028775838306047026,0.40093489485452893,1.3905735018133094,-0.11859779550476333,0.17856745020644557,Low,1
-0.08026160435017468,-1.039938985699245,1.3751852025436078,1.3560099214465662,0.8088303613464911,1,0,-1.265996874756099,True,False,True,0.014089041381964854,-0.49567560565806046,-0.9086076523680435,0.4400389043966434,0.06005747586913568,Low,0
-3.103336544079403,1.7150864751417092,-0.35097063583918053,1.3927418251626122,-0.9102564852985486,1,0,1.2190652295948678,True,False,False,-0.02696978705040758,-0.49567560565806046,-0.9086076523680435,0.2538266710961745,0.9952921184857841,High,1
0.19926929761108958,-0.5649345958990805,0.6847228671904925,-1.2260588112551243,0.8088303613464911,1,1,-0.20133774522835843,False,False,False,-0.03492675203135649,-0.3462405222392956,1.3905735018133094,0.2771032002587331,0.014017077607905283,Low,0
-0.5357934445833461,-0.5649345958990805,-0.35097063583918053,-0.39632499031289103,-0.9102564852985486,1,0,0.20742421840193356,False,True,True,-0.031095749570833702,-0.49567560565806046,-0.9086076523680435,-0.49102226210570116,0.12777074275773,Low,1
0.5098591886791609,0.6700768175813473,-0.005739468162622887,0.31287685908175317,-0.9102564852985486,1,0,-0.025427570228871765,False,False,True,-0.02685602604309508,-0.5952989946039038,-0.9086076523680435,0.2693443572045469,0.33820591179620335,Medium,1
1.514099836465925,0.5750759396213144,1.0299540348670502,-1.2260588112551243,-0.9102564852985486,0,0,0.44267451258187834,False,False,True,-0.03492675203135649,-0.7613379761803092,-0.9086076523680435,1.2779939542487535,0.5830677368369026,High,0
0.49950619231022525,-0.944938107739212,-0.6962018035157382,0.7914853796693582,-0.9102564852985486,1,1,0.9051371159791475,False,False,True,-0.028068991245431177,-0.3462405222392956,0.240982924722633,-0.8401701995440803,0.046345891721349716,Low,0
0.3027992613004467,-0.6599354738591133,0.6847228671904925,1.5903004702275236,-0.9102564852985486,0,1,-0.3903766464425324,True,False,True,-0.01616149217854936,-0.7198282307862078,0.240982924722633,0.22279129887942967,0.08414490415316174,Low,0
0.2820932685625753,-1.1349398636592778,-0.005739468162622887,0.17205391893766944,0.8088303613464911,1,0,0.8689831899953363,False,True,False,-0.030108612101306317,-0.09718204987468745,-0.9086076523680435,-0.46774573294314253,0.06647687514486773,Low,0
-0.5150874518454747,0.38507418370124863,-1.0414329711922958,-1.2260588112551243,-0.9102564852985486,1,0,-0.8724159110872161,False,False,False,-0.03492675203135649,-0.09718204987468745,-0.9086076523680435,-0.8479290425982666,0.5841603469330319,High,1
0.5202121850480966,0.005070671861117005,1.3751852025436078,-1.2260588112551243,0.8088303613464911,1,1,0.1798847489711649,False,True,False,-0.03492675203135649,-0.49567560565806046,1.3905735018133094,1.2081643667610777,0.026744855018687303,Low,0
0.012915362970246737,0.10007154982114991,0.6847228671904925,0.3866909176310728,-0.9102564852985486,1,1,0.4329217644708629,False,True,False,-0.02825336101973562,-0.7198282307862078,0.240982924722633,0.6572865099138572,0.12703191305789677,Low,0
-0.29767452809782463,0.38507418370124863,1.0299540348670502,-1.2260588112551243,0.8088303613464911,1,0,0.015477667743780923,False,False,True,-0.03492675203135649,-0.42926001302749833,-0.9086076523680435,1.1538524653817743,0.05786761533334984,Low,0
0.6030361559995824,0.2900733057412157,1.3751852025436078,0.676833838657285,-0.9102564852985486,0,1,-0.39398844590482784,False,False,True,-0.022213841111733464,-0.7945457724955903,0.240982924722633,1.4176531292241052,0.10978901077299809,Low,0
0.6133891523685181,0.1950724277811828,1.3751852025436078,1.1681616755959223,0.8088303613464911,1,0,-1.0046748897939208,True,False,False,-0.005638996557274123,-0.49567560565806046,-0.9086076523680435,1.3478235417364293,0.09450557459154081,Low,1
-1.1362672339816173,-0.46993371793904753,-0.6962018035157382,0.8405118680883239,-0.9102564852985486,1,0,0.6125827549258575,False,False,True,-0.027028661630633295,-0.3462405222392956,-0.9086076523680435,-0.7237875537312873,0.0807104709641907,Low,0
1.2035099453978537,-1.4199424975393766,-0.005739468162622887,-1.2260588112551243,0.8088303613464911,1,1,-0.5631274780479706,False,True,False,-0.03492675203135649,-0.09718204987468745,1.3905735018133094,-0.5841283787559356,0.01803603596780502,Low,0
0.41668222135873956,-0.1849310840589488,1.3751852025436078,1.172169017090685,-0.9102564852985486,1,1,0.8142253658684335,False,False,True,-0.026484829814755934,-0.7945457724955903,0.240982924722633,1.068505191785726,0.0533774351633912,Low,0
1.0896269853395608,-0.6599354738591133,-1.7318953065454112,0.532069530074891,0.8088303613464911,1,1,-0.7596953947540068,True,False,True,-0.018797145954603137,4.883987397417476,1.3905735018133094,-1.5151895452582802,0.092405142517974,Low,0
0.6962131233200037,1.2400820853415448,1.0299540348670502,0.049665873298193955,2.5279172079915306,1,1,-1.1740396266989417,False,False,True,-0.014647465987283639,-0.09718204987468745,2.540164078903986,1.712489165283181,0.9404285792083921,High,1
-1.5400340923701101,-0.6599354738591133,-1.3866641388688534,1.5563802065524253,-0.9102564852985486,0,1,0.40175340201777976,True,False,False,-0.023245720508261215,0.40093489485452893,0.240982924722633,-1.2669065675243216,0.06934219346583706,Low,0
0.8411550724851038,0.2900733057412157,1.3751852025436078,0.5195478118564464,0.8088303613464911,1,1,-0.6001531755927303,True,False,True,-0.02115446952151653,-0.49567560565806046,1.3905735018133094,1.4176531292241052,0.09277235908373571,Low,0
1.5244528328348608,-1.6099442534594424,1.0299540348670502,-1.2260588112551243,0.8088303613464911,1,0,0.13752673282101366,False,False,True,-0.03492675203135649,-0.42926001302749833,-0.9086076523680435,-0.14963316772150814,0.017302328623649173,Low,0
0.758331101533618,0.5750759396213144,-0.005739468162622887,0.12050648927395087,-0.9102564852985486,0,1,-1.1443789860091311,False,True,True,-0.014588119326404202,-0.5952989946039038,0.240982924722633,0.23055014193361587,0.18957140828826186,Low,0
-1.653917052428403,3.140099644542203,0.33949169951393476,0.23923680246234835,-0.9102564852985486,1,1,-1.6168739393205773,False,False,False,0.0724509522457509,-0.6664585581366489,0.240982924722633,1.8366306541501602,0.11522204143736128,Low,0
1.0171560107570108,2.000089109021808,0.33949169951393476,-1.2260588112551243,-0.9102564852985486,1,0,-1.4259540488080307,False,False,False,-0.03492675203135649,-0.6664585581366489,-0.9086076523680435,1.2779939542487535,0.9594525528925343,High,1
-0.6600294010105746,-0.0899302060989159,-1.7318953065454112,0.8947489438199875,0.8088303613464911,0,0,-1.1860923307528668,True,False,False,-0.0004796060391217699,4.883987397417476,-0.9086076523680435,-1.5151895452582802,0.24382822005797755,Low,0
-0.9499132993407745,-0.7549363518191462,-1.3866641388688534,1.0080851971810256,-0.9102564852985486,0,1,0.761007880808104,False,True,False,-0.026895044797443046,0.40093489485452893,0.240982924722633,-1.2746654105785078,0.0728768054207791,Low,0
1.1828039526599823,-0.6599354738591133,1.3751852025436078,1.6327022043572696,-0.9102564852985486,0,0,-0.9154342968111467,False,True,False,-0.003743251858188051,-0.7945457724955903,-0.9086076523680435,0.7193572543473468,0.28249238258096404,Low,0
2.052455647650582,-0.3749328399790146,-0.35097063583918053,0.5530905362887774,-0.9102564852985486,0,0,0.4655202299708074,False,False,True,-0.02767365142343658,-0.49567560565806046,-0.9086076523680435,-0.4289515176722115,0.07963619713162359,Low,0
-0.1009675970880461,-0.1849310840589488,0.6847228671904925,-1.2260588112551243,0.8088303613464911,1,0,-0.42703396032648316,False,False,True,-0.03492675203135649,-0.3462405222392956,-0.9086076523680435,0.49435080577594687,0.019351294479815193,Low,0
-1.8195649943313745,0.005070671861117005,0.33949169951393476,-1.2260588112551243,-0.9102564852985486,1,1,-0.745330001799199,False,False,True,-0.03492675203135649,-0.6664585581366489,0.240982924722633,0.3003797294212917,0.17494895513949488,Low,1
-1.46756311778756,-1.989947765299574,0.6847228671904925,0.42702228562424976,-0.9102564852985486,1,0,1.2565470461135928,False,False,True,-0.029966865142137613,-0.7198282307862078,-0.9086076523680435,-0.5375753204308183,0.18415570435914236,Low,0
-1.508975103263303,0.5750759396213144,1.3751852025436078,0.8824352574291897,2.5279172079915306,1,0,1.6686195788168732,False,True,False,-0.029365346061359692,-0.1968054388205307,-0.9086076523680435,1.6271418916871327,0.9310917384253109,High,1
-1.1362672339816173,-0.944938107739212,0.6847228671904925,0.8206239611578957,-0.9102564852985486,0,0,-0.23646483664248172,False,False,True,-0.022686197877017974,-0.7198282307862078,-0.9086076523680435,0.05985559474151937,0.08611875965740663,Low,0
-0.04920261524336754,-0.0899302060989159,0.6847228671904925,-1.2260588112551243,0.8088303613464911,1,0,-1.7128865472801045,False,False,True,-0.03492675203135649,-0.3462405222392956,-0.9086076523680435,0.5486627071552502,0.020157785700074718,Low,0
0.1578573121353467,0.005070671861117005,1.7204163702201654,-1.2260588112551243,0.8088303613464911,1,0,0.05701083241099411,False,False,True,-0.03492675203135649,-0.5500156359921567,-0.9086076523680435,1.5107592458743397,0.027734356251616615,Low,0
2.0628086440195177,-1.4199424975393766,0.33949169951393476,-1.2260588112551243,0.8088303613464911,1,1,-1.5100051765084264,False,False,False,-0.03492675203135649,-0.23950117694017783,1.3905735018133094,-0.3979161454554667,0.018504663951881353,Low,0
-0.5564994373212174,-1.4199424975393766,-1.3866641388688534,0.43080345671380055,-0.9102564852985486,1,0,-0.6856740006065608,False,False,False,-0.02079384251274502,0.40093489485452893,-0.9086076523680435,-1.3289773119578112,0.09493090082053271,Low,0
-1.260503190408846,-0.0899302060989159,0.6847228671904925,0.37659687947538784,0.8088303613464911,1,0,-0.16526248450544878,False,True,True,-0.025775294814324664,-0.3462405222392956,-0.9086076523680435,0.5486627071552502,0.05754702586975202,Low,1
0.04397435207705388,-0.0899302060989159,-0.6962018035157382,2.8013168226874976,2.5279172079915306,0,1,-0.32576857114287555,False,True,True,-0.009318845204201804,1.1481103119483533,2.540164078903986,-0.6306814370810528,0.9762425875923139,High,1
0.8618610652229752,-0.5649345958990805,-0.005739468162622887,0.7306375147480166,-0.9102564852985486,1,0,-0.6610833447030808,True,False,True,-0.018616850068886318,-0.5952989946039038,-0.9086076523680435,-0.2349804413175564,0.27959936240126954,Low,0
-0.39085149541824604,-1.039938985699245,0.6847228671904925,0.004417345601068438,0.8088303613464911,1,1,1.4957288590978135,True,False,True,-0.03150778491265649,-0.3462405222392956,1.3905735018133094,0.005543693362215941,0.016685700372793235,Low,0
0.18891630124215386,-0.5649345958990805,1.0299540348670502,-1.2260588112551243,0.8088303613464911,0,1,0.5024676111028289,False,True,False,-0.03492675203135649,-0.42926001302749833,1.3905735018133094,0.5331450210468779,0.019861943054955818,Low,0
-0.2459095462531461,-0.3749328399790146,0.6847228671904925,-1.2260588112551243,-0.9102564852985486,1,0,1.534712990233275,False,True,False,-0.03492675203135649,-0.7198282307862078,-0.9086076523680435,0.38572700301734,0.3183688404697596,Medium,0
-0.37014550268037466,0.1950724277811828,-1.3866641388688534,0.8088878199182359,-0.9102564852985486,1,1,-0.7705977719883134,False,True,True,-0.016047468677145925,0.40093489485452893,0.240982924722633,-1.1970769800366459,0.12513817315885659,Low,0
-0.29767452809782463,0.1950724277811828,-1.0414329711922958,0.8139221580436216,-0.9102564852985486,1,0,0.04660783132294493,False,False,True,-0.024659831213984174,-0.09718204987468745,-0.9086076523680435,-0.8789644148150114,0.17174540266692026,Low,1
-0.27696853535995325,-0.2799319620189817,0.33949169951393476,-1.2260588112551243,0.8088303613464911,0,0,-0.2613021281976584,False,False,True,-0.03492675203135649,-0.23950117694017783,-0.9086076523680435,0.16072055444594002,0.020748012725069136,Low,0
0.12679832302853958,-1.4199424975393766,0.6847228671904925,-1.2260588112551243,0.8088303613464911,1,1,1.1613156836165481,False,False,True,-0.03492675203135649,-0.3462405222392956,1.3905735018133094,-0.2117039121549978,0.011198105753741359,Low,0
-0.5150874518454747,0.7650776955413803,-1.3866641388688534,1.0661761588308851,-0.9102564852985486,1,1,-0.7356822569854407,True,False,False,-0.01440013351121927,0.40093489485452893,0.240982924722633,-1.1505239217115286,0.7035666398557708,High,0
-0.06990860798123896,-0.3749328399790146,-0.005739468162622887,1.3677755980691628,2.5279172079915306,1,1,-0.626796279667014,True,False,True,-0.013972229012762533,0.40093489485452893,2.540164078903986,-0.15739201077569437,0.846369218874744,High,0
-0.9085013138650317,0.2900733057412157,0.33949169951393476,0.3639756398579145,0.8088303613464911,1,0,0.9526544220455225,False,True,False,-0.029617515629689062,-0.23950117694017783,-0.9086076523680435,0.4400389043966434,0.11919119217603022,Low,1
1.0275090071259465,-0.3749328399790146,-0.6962018035157382,-1.2260588112551243,-0.9102564852985486,1,0,1.6010332123200999,False,False,False,-0.03492675203135649,-0.3462405222392956,-0.9086076523680435,-0.7005110245687287,0.6124522686134062,High,0
-0.22520355351527466,0.955079451461446,-0.35097063583918053,-1.2260588112551243,0.8088303613464911,1,1,1.6850180588694028,False,False,False,-0.03492675203135649,0.10206472801699919,1.3905735018133094,0.005543693362215941,0.12410383604839004,Low,0
-0.8360303392824817,-0.0899302060989159,-1.3866641388688534,0.8157604145947142,-0.9102564852985486,1,0,0.8274236872917677,True,False,True,-0.027776366319466048,0.40093489485452893,-0.9086076523680435,-1.2203535091992044,0.35678591696997874,High,1
2.0628086440195177,-1.1349398636592778,-1.3866641388688534,0.3996433066778951,0.8088303613464911,1,1,-1.281417533405932,True,False,True,-0.003027023667753409,1.8952857290421778,1.3905735018133094,-1.3057007827952527,0.035719611637491946,Low,0
-0.1837915680395318,1.0500803294214789,0.6847228671904925,0.1913610703492491,-0.9102564852985486,1,1,1.6780703988422545,True,False,True,-0.031198475594443817,-0.7198282307862078,0.240982924722633,1.2004055237068916,0.5568686095735264,High,0
1.1517449635531751,-0.944938107739212,1.7204163702201654,0.6286561714610033,0.8088303613464911,1,0,0.8464036437552678,False,True,True,-0.028479271536254305,-0.5500156359921567,-0.9086076523680435,0.7348749404557192,0.03899797907956026,Low,0
-2.130154885399446,-0.8499372297791791,-0.6962018035157382,-1.2260588112551243,0.8088303613464911,1,1,0.492022050538815,False,False,False,-0.03492675203135649,0.40093489485452893,1.3905735018133094,-0.8168936703815217,0.01952415148510919,Low,0
-0.3804984990493104,0.1950724277811828,-0.6962018035157382,0.75594259615332,-0.9102564852985486,1,1,1.3866140373840359,False,False,False,-0.029227397701840286,-0.3462405222392956,0.240982924722633,-0.560851849593377,0.19690533469453103,Low,0
0.07503334118386101,0.4800750616612815,-1.0414329711922958,1.477012051345373,-0.9102564852985486,1,1,-1.4922343277801187,False,False,True,0.06332640039285976,-0.09718204987468745,0.240982924722633,-0.8324113564898942,0.16139095710304843,Low,0
-1.0534432630301316,-0.46993371793904753,-0.35097063583918053,-1.2260588112551243,0.8088303613464911,0,0,0.6930349905460123,False,False,False,-0.03492675203135649,0.10206472801699919,-0.9086076523680435,-0.45998688988895636,0.03073224625238668,Low,0
-0.5875584264280246,-0.46993371793904753,0.6847228671904925,1.0456864684731038,-0.9102564852985486,0,0,-1.574834247119752,False,False,False,0.08905824640293976,-0.7198282307862078,-0.9086076523680435,0.33141510163803656,0.10999090085988088,Low,0
0.9446850361744609,0.4800750616612815,1.0299540348670502,0.5063522374555457,-0.9102564852985486,0,1,-1.436478972329274,True,False,False,0.016459362168335805,-0.7613379761803092,0.240982924722633,1.215923209815264,0.5526260933908977,High,1
-2.4821567619432603,-0.2799319620189817,1.7204163702201654,-1.2260588112551243,-0.9102564852985486,0,0,0.3656545940438242,False,False,False,-0.03492675203135649,-0.8217157876626383,-0.9086076523680435,1.2779939542487535,0.49648413975886363,High,0
0.9860970216502037,-1.4199424975393766,1.7204163702201654,-0.12198414123181991,-0.9102564852985486,0,1,-0.9023554558838607,False,True,True,-0.023071597505305602,-0.8217157876626383,0.240982924722633,0.34693278774640895,0.056384877881874865,Low,0
0.5719771668927752,0.2900733057412157,1.3751852025436078,-1.2260588112551243,0.8088303613464911,1,1,-1.238698284982327,False,True,True,-0.03492675203135649,-0.49567560565806046,1.3905735018133094,1.4176531292241052,0.02080475279264437,Low,0
-0.45296947363186035,-1.1349398636592778,-1.0414329711922958,-1.2260588112551243,0.8088303613464911,1,0,-0.6320248159437211,False,False,False,-0.03492675203135649,0.8990518395837451,-0.9086076523680435,-1.0962120203322252,0.024391066796607023,Low,0
-0.37014550268037466,-0.6599354738591133,-1.3866641388688534,-1.2260588112551243,0.8088303613464911,0,0,-1.7022318522419857,False,False,True,-0.03492675203135649,1.8952857290421778,-0.9086076523680435,-1.2669065675243216,0.013382509944651231,Low,0
-1.6849760415352102,-0.5649345958990805,-0.35097063583918053,1.0212363079891347,-0.9102564852985486,1,0,0.41657700703553485,True,False,False,-0.025557185248358413,-0.49567560565806046,-0.9086076523680435,-0.49102226210570116,0.2212745977102612,Low,0
1.1724509562910466,-0.46993371793904753,0.33949169951393476,0.5197434837684078,0.8088303613464911,1,0,1.161559354058854,True,False,True,-0.02951716052993021,-0.23950117694017783,-0.9086076523680435,0.06761443779570558,0.10070159295872183,Low,1
-0.29767452809782463,0.7650776955413803,0.33949169951393476,1.058423281328159,-0.9102564852985486,0,0,0.007888127095526467,False,True,False,-0.023174532280159477,-0.6664585581366489,-0.9086076523680435,0.6728041960222295,0.4819834892183259,High,0
0.6030361559995824,-0.6599354738591133,0.6847228671904925,-1.2260588112551243,0.8088303613464911,1,1,1.7387849797874724,False,False,False,-0.03492675203135649,-0.3462405222392956,1.3905735018133094,0.22279129887942967,0.018823506403387473,Low,0
-1.146620230350553,-0.3749328399790146,0.6847228671904925,0.8345116908372027,0.8088303613464911,1,0,1.718519168992778,True,False,False,-0.029570176846415806,-0.3462405222392956,-0.9086076523680435,0.38572700301734,0.08115871414342261,Low,0
-1.1052082448748102,-1.2299407416193107,0.33949169951393476,-1.2260588112551243,-0.9102564852985486,1,0,0.008190752877488109,False,False,False,-0.03492675203135649,-0.6664585581366489,-0.9086076523680435,-0.3048100288052322,0.1617302134719825,Low,1
2.0628086440195177,-1.3249416195793435,1.0299540348670502,-0.11229926444085174,0.8088303613464911,1,0,-0.2075048574893515,True,False,False,-0.02839162571054002,-0.42926001302749833,-0.9086076523680435,0.03657906557896076,0.022261990512322166,Low,0
-0.7117943828552532,-0.6599354738591133,-1.3866641388688534,0.6425284913752995,-0.9102564852985486,0,1,0.9254960692335356,False,False,False,-0.02862382553719464,0.40093489485452893,0.240982924722633,-1.2669065675243216,0.055217861104876864,Low,0
-1.1776792194573602,0.7650776955413803,0.33949169951393476,0.4299026275342048,-0.9102564852985486,1,0,-1.455938246169622,True,False,False,0.01756193248579277,-0.6664585581366489,-0.9086076523680435,0.6728041960222295,0.8176835560484679,High,1
-0.39085149541824604,0.4800750616612815,1.3751852025436078,0.3875472832178768,-0.9102564852985486,1,1,-0.9145379314546616,False,True,True,-0.01734458423286816,-0.7945457724955903,0.240982924722633,1.557312304199457,0.12151739494993141,Low,0
-0.9188543102339675,-0.2799319620189817,0.33949169951393476,-1.2260588112551243,0.8088303613464911,1,0,-1.1666440456296736,False,False,True,-0.03492675203135649,-0.23950117694017783,-0.9086076523680435,0.16072055444594002,0.022361735801143666,Low,0
1.0689209926016894,0.005070671861117005,-0.6962018035157382,-0.023835013880956154,-0.9102564852985486,0,0,-1.1390006194461386,False,False,True,-0.016930889197610616,-0.3462405222392956,-0.9086076523680435,-0.6074049079184942,0.1499954630009019,Low,0
-1.8713299761760531,-0.7549363518191462,-1.0414329711922958,0.4060154050282899,0.8088303613464911,1,0,-0.9540484744690626,False,True,False,-0.016248846002002843,0.8990518395837451,-0.9086076523680435,-1.0341412758987354,0.07171723871697071,Low,0
0.219975290348961,-0.46993371793904753,-1.3866641388688534,1.055738129775009,0.8088303613464911,1,1,1.2039191144498231,False,False,False,-0.027958064186397753,1.8952857290421778,1.3905735018133094,-1.2513888814159493,0.021232003773622724,Low,0
0.12679832302853958,-1.6099442534594424,0.33949169951393476,-1.2260588112551243,0.8088303613464911,0,1,0.5598374358550212,False,False,True,-0.03492675203135649,-0.23950117694017783,1.3905735018133094,-0.49102226210570116,0.011561134829358366,Low,0
-0.8049713501756746,0.4800750616612815,1.3751852025436078,-1.2260588112551243,0.8088303613464911,1,0,0.12895797537740847,False,True,True,-0.03492675203135649,-0.49567560565806046,-0.9086076523680435,1.557312304199457,0.06641854647608068,Low,0
0.48915319594128953,0.10007154982114991,-1.7318953065454112,0.2515681458755541,-0.9102564852985486,1,1,0.7666116032848108,False,True,False,-0.02962658752206341,1.8952857290421778,0.240982924722633,-1.5151895452582802,0.13675876823553923,Low,0
-1.3640331540982031,-0.46993371793904753,-0.005739468162622887,-1.2260588112551243,-0.9102564852985486,1,0,-0.5450963885895841,False,False,True,-0.03492675203135649,-0.5952989946039038,-0.9086076523680435,-0.1961862260466254,0.1702392290558354,Low,0
-0.6910883901173818,-0.6599354738591133,-0.005739468162622887,-1.2260588112551243,0.8088303613464911,1,0,-1.548432197126547,False,True,True,-0.03492675203135649,-0.09718204987468745,-0.9086076523680435,-0.27377465658848743,0.010905822242086737,Low,0
2.0628086440195177,-0.6599354738591133,0.6847228671904925,-1.2260588112551243,0.8088303613464911,0,0,0.9679871709581168,False,False,False,-0.03492675203135649,-0.3462405222392956,-0.9086076523680435,0.22279129887942967,0.015564045596710666,Low,0
1.2759809199804037,0.955079451461446,-1.3866641388688534,1.065620283661794,-0.9102564852985486,1,1,-1.5962664317495925,False,False,True,0.10885501684146133,0.40093489485452893,0.240982924722633,-1.135006235603156,0.24546153234021373,Low,0
-0.5875584264280246,-1.5149433754994095,-0.35097063583918053,0.4554329162344072,0.8088303613464911,1,0,-0.7495751351025917,True,False,False,-0.019657935705470128,0.10206472801699919,-0.9086076523680435,-0.8013759842731494,0.12731220974254645,Low,1
0.5202121850480966,-0.0899302060989159,-0.6962018035157382,0.786608831116949,0.8088303613464911,0,1,-0.8317613205201422,True,False,True,-0.014996064352521484,0.40093489485452893,1.3905735018133094,-0.6306814370810528,0.10010926523978081,Low,0
-0.5564994373212174,0.10007154982114991,1.3751852025436078,0.4875714258301195,0.8088303613464911,1,0,0.8971873896019299,True,False,False,-0.02908445253472168,-0.49567560565806046,-0.9086076523680435,1.2779939542487535,0.21249969492623064,Low,0
0.4580942068344824,0.6700768175813473,-0.35097063583918053,-1.2260588112551243,0.8088303613464911,1,1,0.6594348075441617,False,False,True,-0.03492675203135649,0.10206472801699919,1.3905735018133094,-0.08756242328801851,0.04189960301054942,Low,0
-0.7946183538067388,-0.2799319620189817,-0.35097063583918053,0.0254629111279411,-0.9102564852985486,1,0,1.1745044117153824,False,True,True,-0.03106597925096989,-0.49567560565806046,-0.9086076523680435,-0.3979161454554667,0.12593825206848439,Low,1
-0.1734385716705961,0.5750759396213144,1.3751852025436078,-1.2260588112551243,0.8088303613464911,0,0,-1.4321611041837616,False,False,True,-0.03492675203135649,-0.49567560565806046,-0.9086076523680435,1.6271418916871327,0.10369438576867661,Low,0
-0.007790629767624689,-0.6599354738591133,-1.0414329711922958,0.13684581625546177,-0.9102564852985486,1,0,1.107342942281928,False,False,True,-0.030623192117904194,-0.09718204987468745,-0.9086076523680435,-1.018623589790363,0.08443071489048143,Low,0
0.35456424314512525,0.10007154982114991,-1.0414329711922958,1.4706715751169277,0.8088303613464911,1,1,1.180318664058849,False,False,True,-0.026624274335475647,0.8990518395837451,1.3905735018133094,-0.8944821009233838,0.022340604451149534,Low,0
0.32350525403831815,1.810087353101742,-1.3866641388688534,-1.2260588112551243,-0.9102564852985486,1,1,-1.7272224625650843,False,False,False,-0.03492675203135649,0.40093489485452893,0.240982924722633,-1.0651766481154803,0.5194018315880563,High,0
0.18891630124215386,-0.1849310840589488,-0.35097063583918053,-1.2260588112551243,-0.9102564852985486,1,0,0.5722770125224281,False,False,True,-0.03492675203135649,-0.49567560565806046,-0.9086076523680435,-0.36688077323872187,0.18696697161427514,Low,0
1.948925683961225,-0.5649345958990805,1.7204163702201654,-0.0126613290641948,-0.9102564852985486,1,0,-0.6463527077209371,False,True,False,-0.024948851718607,-0.8217157876626383,-0.9086076523680435,1.0452286626231673,0.11178151024941128,Low,0
-2.0783899035547675,-0.944938107739212,0.6847228671904925,0.6552134567918284,-0.9102564852985486,1,1,-0.9811386274650571,False,False,True,-0.012627914648949844,-0.7198282307862078,0.240982924722633,0.05985559474151937,0.055890728631937635,Low,0
2.0628086440195177,0.2900733057412157,0.33949169951393476,0.12944961060538385,2.5279172079915306,0,1,-0.6926288120210639,True,False,True,-0.023287557466358928,0.18745620425629328,2.540164078903986,0.4400389043966434,0.8381599746026271,High,1
-1.2812091831467174,-0.7549363518191462,-0.35097063583918053,-1.2260588112551243,-0.9102564852985486,1,0,1.2145336919491232,False,False,True,-0.03492675203135649,-0.49567560565806046,-0.9086076523680435,-0.5530930065391908,0.2154432481809008,Low,0
1.4623348546212465,-0.46993371793904753,-1.3866641388688534,-1.2260588112551243,-0.9102564852985486,0,1,-0.23373684400277986,False,False,True,-0.03492675203135649,0.40093489485452893,0.240982924722633,-1.2513888814159493,0.07633266815986162,Low,0
-1.2397971976709745,0.2900733057412157,-1.0414329711922958,-1.2260588112551243,0.8088303613464911,0,1,-0.1603540164188857,False,False,False,-0.03492675203135649,0.8990518395837451,1.3905735018133094,-0.863446728706639,0.03791859853876374,Low,0
-1.1983852121952316,-0.1849310840589488,-0.6962018035157382,1.591597137745837,0.8088303613464911,1,1,-1.578351159881536,False,True,True,0.12220753140954138,0.40093489485452893,1.3905735018133094,-0.6539579662436115,0.06125602744926412,Low,0
1.0378620034948822,-0.944938107739212,-1.3866641388688534,0.9495512047871028,-0.9102564852985486,1,0,-0.5739508411732117,False,False,True,-0.018147742053758815,0.40093489485452893,-0.9086076523680435,-1.2901830966868804,0.07621551927069552,Low,0
-0.9809722884475817,1.1450812073815118,1.0299540348670502,-0.24121206141536122,-0.9102564852985486,1,0,1.7281909843298278,False,False,False,-0.03237372504404373,-0.7613379761803092,-0.9086076523680435,1.6504184208496913,0.9027286878155977,High,1
-0.6910883901173818,-0.1849310840589488,1.7204163702201654,0.9276452607137878,4.24700405463657,1,1,-0.5024059201394797,True,False,False,-0.019277263088559225,-0.006615332651193497,3.6897546559946623,1.3555823847906157,0.9837835725801631,High,1
1.1620979599221108,-0.3749328399790146,0.6847228671904925,0.6303620003440334,0.8088303613464911,1,1,0.08678432548174357,False,False,False,-0.025789196031356904,-0.3462405222392956,1.3905735018133094,0.38572700301734,0.04379183109444981,Low,0
0.012915362970246737,-0.2799319620189817,1.3751852025436078,1.1970739261608618,-0.9102564852985486,0,0,-0.4775843267516669,True,False,True,-0.01766582788461338,-0.7945457724955903,-0.9086076523680435,0.9986756042980501,0.23105747329358917,Low,0
-2.223331852719867,0.38507418370124863,-0.005739468162622887,-1.2260588112551243,0.8088303613464911,1,1,-1.1170708029108587,False,True,True,-0.03492675203135649,-0.09718204987468745,1.3905735018133094,0.15296171139175382,0.03162166258802807,Low,0
-0.04920261524336754,1.2400820853415448,1.0299540348670502,-0.26825475434402984,-0.9102564852985486,0,0,1.269196803799596,False,False,True,-0.03206504930847207,-0.7613379761803092,-0.9086076523680435,1.712489165283181,0.7217394225709473,High,1
0.44774121046554666,-0.7549363518191462,-0.35097063583918053,1.053130027046913,0.8088303613464911,1,0,-1.2840052890838487,True,False,True,0.010049825855232843,0.10206472801699919,-0.9086076523680435,-0.5530930065391908,0.08806131849778609,Low,0
-0.44261647726292463,0.5750759396213144,-0.35097063583918053,-1.2260588112551243,0.8088303613464911,0,0,-1.0994530985263913,False,True,True,-0.03492675203135649,0.10206472801699919,-0.9086076523680435,-0.11859779550476333,0.0914254573699825,Low,1
-0.9602662957097102,-1.1349398636592778,-1.3866641388688534,1.218369579332391,-0.9102564852985486,1,0,1.4571446823819711,False,False,True,-0.028052750746209342,0.40093489485452893,-0.9086076523680435,-1.3057007827952527,0.05406197604771246,Low,0
0.292446264931511,0.10007154982114991,-1.3866641388688534,-1.2260588112551243,-0.9102564852985486,1,1,-1.4448178388330373,False,False,True,-0.03492675203135649,0.40093489485452893,0.240982924722633,-1.204835823090832,0.19528618848809803,Low,0
-0.7635593646999317,-0.3749328399790146,1.7204163702201654,-1.2260588112551243,0.8088303613464911,1,1,-1.3006664518036024,False,False,False,-0.03492675203135649,-0.5500156359921567,1.3905735018133094,1.2004055237068916,0.02419055814133006,Low,0
0.33385825040725386,-0.6599354738591133,1.3751852025436078,-1.2260588112551243,0.8088303613464911,1,1,-1.3036262540480459,False,False,False,-0.03492675203135649,-0.49567560565806046,1.3905735018133094,0.7193572543473468,0.01671867684658167,Low,0
-0.6186174155348317,-0.944938107739212,-1.3866641388688534,0.339657425486851,-0.9102564852985486,1,1,1.6853789422946934,False,True,True,-0.03081719608005229,0.40093489485452893,0.240982924722633,-1.2901830966868804,0.04129661884999064,Low,0
-0.15273257893272468,0.5750759396213144,-0.6962018035157382,-1.2260588112551243,0.8088303613464911,1,1,1.0418871659446143,False,True,True,-0.03492675203135649,0.40093489485452893,1.3905735018133094,-0.46774573294314253,0.045505959513306014,Low,0
0.5926831596306467,2.3800926208619395,-0.005739468162622887,-1.2260588112551243,2.5279172079915306,0,1,0.223075465687936,False,True,False,-0.03492675203135649,0.40093489485452893,2.540164078903986,0.9676402320813053,0.7614121536348722,High,1
0.49950619231022525,-0.46993371793904753,-0.35097063583918053,1.7463212911136126,0.8088303613464911,1,0,0.36809879870240075,True,False,True,-0.02224906977447792,0.10206472801699919,-0.9086076523680435,-0.45998688988895636,0.0729928914370581,Low,0
0.5823301632617109,-0.7549363518191462,-1.0414329711922958,0.10283967524410477,0.8088303613464911,0,0,-0.14489620543962445,False,False,False,-0.027435412941281056,0.8990518395837451,-0.9086076523680435,-1.0341412758987354,0.06551622440395588,Low,0
-0.5564994373212174,-0.5649345958990805,0.33949169951393476,0.9522333064909279,0.8088303613464911,0,0,-0.43396661988259483,False,False,False,-0.019928320795446475,-0.23950117694017783,-0.9086076523680435,0.02106137947058835,0.05473307099644207,Low,0
-0.4322634808939889,-1.2299407416193107,0.6847228671904925,-1.2260588112551243,0.8088303613464911,1,0,-0.022096419114228147,False,False,True,-0.03492675203135649,-0.3462405222392956,-0.9086076523680435,-0.10308010939639092,0.014468689525297866,Low,0
-1.332974164991396,-1.3249416195793435,-0.005739468162622887,0.2836153205098997,0.8088303613464911,1,0,0.061714526625497666,True,False,False,-0.02739250879763548,-0.09718204987468745,-0.9086076523680435,-0.5453341634850046,0.07166712834352451,Low,0
-0.5668524336901531,0.005070671861117005,1.3751852025436078,-1.2260588112551243,-0.9102564852985486,1,0,-0.8855026010981842,False,False,True,-0.03492675203135649,-0.7945457724955903,-0.9086076523680435,1.2081643667610777,0.2587304431981406,Low,0
-0.6186174155348317,1.6200855971816763,1.3751852025436078,0.8427421105368814,-0.9102564852985486,1,1,1.6833864960080365,False,False,False,-0.029493582365050442,-0.7945457724955903,0.240982924722633,2.395267354051567,0.20138251726243994,Low,1
0.03362135570811816,-0.2799319620189817,-0.005739468162622887,-1.2260588112551243,0.8088303613464911,0,0,1.0030647259330023,False,True,False,-0.03492675203135649,-0.09718204987468745,-0.9086076523680435,-0.11859779550476333,0.04256757570307367,Low,0
-0.0181436261365604,-1.799946009379508,-0.005739468162622887,-1.2260588112551243,0.8088303613464911,1,1,-0.7224867263474154,False,True,True,-0.03492675203135649,-0.09718204987468745,1.3905735018133094,-0.7393052398396597,0.009843376955648022,Low,0
-0.11132059345698182,-0.944938107739212,-0.35097063583918053,-1.2260588112551243,0.8088303613464911,1,0,-0.9563070919045803,False,False,False,-0.03492675203135649,0.10206472801699919,-0.9086076523680435,-0.6151637509726804,0.018437985608604,Low,0
-0.5254404482144104,0.005070671861117005,-0.005739468162622887,-1.2260588112551243,0.8088303613464911,0,0,0.32340419755215755,False,False,False,-0.03492675203135649,-0.09718204987468745,-0.9086076523680435,-0.0022151496919702637,0.045083454808979205,Low,0
-0.20449756077740325,-0.6599354738591133,1.7204163702201654,-1.2260588112551243,0.8088303613464911,0,1,1.6851432953601513,False,False,True,-0.03492675203135649,-0.5500156359921567,1.3905735018133094,0.9676402320813053,0.013478952942960835,Low,0
2.0628086440195177,0.4800750616612815,-1.0414329711922958,0.5838717024164458,0.8088303613464911,0,0,1.019343899913565,True,False,True,-0.029029353899178417,0.8990518395837451,-0.9086076523680435,-0.8324113564898942,0.16749141929226663,Low,0
-0.9809722884475817,0.38507418370124863,0.33949169951393476,-1.2260588112551243,2.5279172079915306,0,0,0.443451571866397,False,False,False,-0.03492675203135649,0.18745620425629328,-0.9086076523680435,0.48659196272176064,0.8765736181860877,High,1
0.6858601269510681,0.955079451461446,-1.3866641388688534,0.5535183177862156,0.8088303613464911,1,1,0.43260814997174607,False,True,False,-0.027561983382516107,1.8952857290421778,1.3905735018133094,-1.135006235603156,0.3059128601617496,Medium,1
1.1103329780774323,2.095089986981841,-1.0414329711922958,-1.2260588112551243,0.8088303613464911,1,1,-0.9723863758873745,False,True,True,-0.03492675203135649,0.8990518395837451,1.3905735018133094,-0.5686106926475633,0.04814999046423476,Low,0
-1.405445139573946,0.10007154982114991,1.7204163702201654,0.7219279476675302,-0.9102564852985486,1,0,0.6737911304467149,False,True,True,-0.027670690920013022,-0.8217157876626383,-0.9086076523680435,1.5883476764162017,0.18866028616204575,Low,0
-0.0181436261365604,-0.1849310840589488,1.0299540348670502,0.6156851622814593,-0.9102564852985486,1,1,0.12078987004974928,True,False,False,-0.02602714462161422,-0.7613379761803092,0.240982924722633,0.7814279987808365,0.25604968405283757,Low,1
-0.8774423247582246,-0.2799319620189817,-1.3866641388688534,1.0552430910740336,-0.9102564852985486,1,0,-0.3508443004179036,False,False,True,-0.020159258651619896,0.40093489485452893,-0.9086076523680435,-1.2358711953075767,0.1130663017966802,Low,0
1.1310389708153037,-0.46993371793904753,0.33949169951393476,-0.2949974384101424,-0.9102564852985486,1,0,-0.1636919700727201,True,False,False,-0.029615519762742116,-0.6664585581366489,-0.9086076523680435,0.06761443779570558,0.15592003568786714,Low,0
0.11644532665960386,-0.1849310840589488,-0.005739468162622887,0.2972781639310789,-0.9102564852985486,1,1,-0.8982327682859074,False,True,True,-0.018649864958820598,-0.5952989946039038,0.240982924722633,-0.07980358023383231,0.07157232110065123,Low,0
-0.9499132993407745,-1.1349398636592778,-1.3866641388688534,-1.2260588112551243,-0.9102564852985486,0,1,-1.721225239359786,False,True,False,-0.03492675203135649,0.40093489485452893,0.240982924722633,-1.3057007827952527,0.15539154697189014,Low,0
-0.4736754663697318,-1.894946887339541,1.0299540348670502,1.4406857775895618,-0.9102564852985486,1,1,0.14414717327066337,True,False,True,-0.022200391899443016,-0.7613379761803092,0.240982924722633,-0.3358454010219771,0.05073483027974716,Low,0
-0.04920261524336754,-0.6599354738591133,-1.3866641388688534,-1.2260588112551243,0.8088303613464911,1,0,1.4574598666978242,False,True,True,-0.03492675203135649,1.8952857290421778,-0.9086076523680435,-1.2669065675243216,0.02098531484711688,Low,0
1.0585679962327537,-0.0899302060989159,0.33949169951393476,1.0575311201413822,-0.9102564852985486,0,1,-1.1512055957234946,False,False,False,-3.501130502867663e-05,-0.6664585581366489,0.240982924722633,0.2538266710961745,0.11660740539046123,Low,0
0.4684472032034181,-0.2799319620189817,-0.6962018035157382,-1.2260588112551243,2.5279172079915306,1,0,-0.6050930400140214,False,True,False,-0.03492675203135649,1.1481103119483533,-0.9086076523680435,-0.6772344954061701,0.3909831384739041,High,0
-1.3433271613603317,-1.6099442534594424,-0.005739468162622887,-1.2260588112551243,0.8088303613464911,1,1,0.0017030491541054724,False,False,True,-0.03492675203135649,-0.09718204987468745,1.3905735018133094,-0.6617168092977976,0.013434491774509122,Low,0
-0.19414456440846753,-1.1349398636592778,-0.35097063583918053,1.8739661533608187,-0.9102564852985486,1,1,0.9233145472421832,False,False,True,-0.024461500139410473,-0.49567560565806046,0.240982924722633,-0.6772344954061701,0.06669832874100992,Low,0
0.5719771668927752,-1.989947765299574,-1.0414329711922958,1.601304005555623,0.8088303613464911,1,0,0.5219363038435952,False,False,True,-0.023687917420332272,0.8990518395837451,-0.9086076523680435,-1.2358711953075767,0.05067646252118617,Low,0
1.7625717493203823,-0.0899302060989159,1.0299540348670502,-1.2260588112551243,0.8088303613464911,0,1,0.4624085043510963,False,True,False,-0.03492675203135649,-0.42926001302749833,1.3905735018133094,0.843498743214326,0.02540398927718317,Low,1
-0.31838052083569607,0.4800750616612815,1.0299540348670502,-1.2260588112551243,0.8088303613464911,1,1,-1.4669641156538589,False,True,True,-0.03492675203135649,-0.42926001302749833,1.3905735018133094,1.215923209815264,0.03630081746237348,Low,0
-0.028496622505496116,-0.1849310840589488,0.6847228671904925,0.997177170292317,0.8088303613464911,1,0,-0.7415633137522452,True,False,False,-0.01490068787239217,-0.3462405222392956,-0.9086076523680435,0.49435080577594687,0.14163956309693448,Low,0
-2.306155823671353,2.1900908649418738,-1.3866641388688534,0.5033009434650009,-0.9102564852985486,0,1,-0.7212268612044126,False,False,False,-0.019660427683929064,0.40093489485452893,0.240982924722633,-1.0341412758987354,0.5228706772960036,High,0
-1.1259142376126816,1.9050882310617752,-1.0414329711922958,-0.12020318974436171,0.8088303613464911,1,0,-1.6016622407207675,False,False,False,0.037170656414593044,0.8990518395837451,-0.9086076523680435,-0.599646064864308,0.8200709171147643,High,1
-1.5193280996322387,0.10007154982114991,-0.005739468162622887,-1.2260588112551243,0.8088303613464911,0,0,0.8193143628796824,False,True,True,-0.03492675203135649,-0.09718204987468745,-0.9086076523680435,0.03657906557896076,0.03038007107422712,Low,0
1.7211597638446394,0.4800750616612815,1.0299540348670502,-1.2260588112551243,-0.9102564852985486,0,0,-0.5970344730097464,False,False,True,-0.03492675203135649,-0.7613379761803092,-0.9086076523680435,1.215923209815264,0.45857429402605526,High,1
0.4684472032034181,2.5700943767820053,0.6847228671904925,0.6921265857651383,0.8088303613464911,1,1,1.2959096775066086,True,False,False,-0.029246081613705135,-0.3462405222392956,1.3905735018133094,2.0693959457757463,0.16676745238514348,Low,0
-1.260503190408846,-0.6599354738591133,1.3751852025436078,1.1414892985826721,-0.9102564852985486,1,0,-1.1524977293216347,False,False,True,0.001327436790274131,-0.7945457724955903,-0.9086076523680435,0.7193572543473468,0.09973158133801502,Low,0
-1.146620230350553,-1.3249416195793435,-0.005739468162622887,0.638526446987259,-0.9102564852985486,1,0,-1.5056137014003848,False,False,True,0.03672482973570518,-0.5952989946039038,-0.9086076523680435,-0.5453341634850046,0.08260075113575985,Low,0
-0.35979250631143894,-1.5149433754994095,1.0299540348670502,-0.052461541719651984,-0.9102564852985486,1,1,-0.6453300593292125,False,False,True,-0.025285152644619717,-0.7613379761803092,0.240982924722633,-0.08756242328801851,0.04772916814813429,Low,0
0.4684472032034181,-0.7549363518191462,1.0299540348670502,0.7326173485151468,0.8088303613464911,1,0,-1.1494925768159172,True,False,False,-0.00508636210622355,-0.42926001302749833,-0.9086076523680435,0.4090035321798986,0.10777747075630667,Low,0
-0.5668524336901531,-0.2799319620189817,-1.0414329711922958,-1.2260588112551243,0.8088303613464911,0,1,0.45048749047894715,False,True,True,-0.03492675203135649,0.8990518395837451,1.3905735018133094,-0.9565528453568735,0.018862695575754627,Low,0
-0.19414456440846753,-1.1349398636592778,-0.6962018035157382,0.4975205158836708,-0.9102564852985486,1,1,-0.6458475755799795,False,False,False,-0.020760116548059128,-0.3462405222392956,0.240982924722633,-0.8867232578691976,0.06390153341221046,Low,0
1.6901007747378323,-0.944938107739212,1.0299540348670502,0.3323564072393924,0.8088303613464911,1,1,1.7014252601260231,True,False,True,-0.030855433933623656,-0.42926001302749833,1.3905735018133094,0.2848620433129193,0.02145552919143124,Low,0
1.0275090071259465,-0.46993371793904753,1.3751852025436078,0.5849458914524143,-0.9102564852985486,0,0,0.8838193535469824,False,True,False,-0.028721009994778487,-0.7945457724955903,-0.9086076523680435,0.8590164293226985,0.15627637007757744,Low,1
-0.5772054300590889,1.3350829633015777,0.6847228671904925,-1.2260588112551243,0.8088303613464911,1,0,-1.0179237942009836,False,False,False,-0.03492675203135649,-0.3462405222392956,-0.9086076523680435,1.3633412278448018,0.3462836282852875,Medium,1
-0.04920261524336754,0.5750759396213144,-0.6962018035157382,-0.46945941401787555,-0.9102564852985486,1,1,-0.7412041745677729,False,False,False,-0.028114044075621555,-0.3462405222392956,0.240982924722633,-0.46774573294314253,0.3990097622286159,High,0
0.9964500180191395,-0.6599354738591133,-0.005739468162622887,-0.14263932604508311,0.8088303613464911,0,1,-0.3900199491952057,True,False,False,-0.02770989065746466,-0.09718204987468745,1.3905735018133094,-0.27377465658848743,0.03880451384742914,Low,0
-0.04920261524336754,-1.2299407416193107,-0.35097063583918053,1.0187614355210293,-0.9102564852985486,1,0,1.1331540434859189,False,False,True,-0.027902109932609075,-0.49567560565806046,-0.9086076523680435,-0.7082698676229149,0.07328341691023887,Low,0
0.2820932685625753,-0.2799319620189817,-0.6962018035157382,1.113459257064607,0.8088303613464911,0,1,-0.17728588531362757,True,False,True,-0.021464862227781784,0.40093489485452893,1.3905735018133094,-0.6772344954061701,0.05064164707963407,Low,0
-1.0016782811854532,-1.2299407416193107,1.0299540348670502,1.16782346335761,-0.9102564852985486,1,1,1.3646142767919454,False,True,True,-0.02799422520301128,-0.7613379761803092,0.240982924722633,0.09864981001245039,0.0735546443911103,Low,0
0.04397435207705388,-1.4199424975393766,1.3751852025436078,0.4925362594945705,-0.9102564852985486,1,1,-0.8332411344303231,False,False,True,-0.017880366018634995,-0.7945457724955903,0.240982924722633,0.16072055444594002,0.049114678676903056,Low,0
1.483040847359118,-0.0899302060989159,1.3751852025436078,1.656551384005814,-0.9102564852985486,1,0,-1.327970274299829,False,True,True,0.028033942241952527,-0.7945457724955903,-0.9086076523680435,1.1383347792734018,0.3954359171223511,High,0
0.7893900906404252,1.9050882310617752,-0.005739468162622887,1.22314773011447,-0.9102564852985486,1,0,-0.4866555999750023,True,False,True,-0.01735377527972911,-0.5952989946039038,-0.9086076523680435,0.7736691557266502,0.9429721595208341,High,1
0.27174027219363955,1.810087353101742,-1.3866641388688534,0.21897344302816482,-0.9102564852985486,0,1,-1.6874227244230218,False,False,False,0.21429310794054043,0.40093489485452893,0.240982924722633,-1.0651766481154803,0.3059717500503046,Medium,0
-0.35979250631143894,-0.944938107739212,1.0299540348670502,1.1707784463168365,-0.9102564852985486,1,0,0.7154059255842208,True,False,True,-0.026150108095446607,-0.7613379761803092,-0.9086076523680435,0.2848620433129193,0.14854134630256127,Low,0
-0.5772054300590889,-0.6599354738591133,-1.7318953065454112,0.2581938632750868,-0.9102564852985486,1,0,-1.657194682195043,True,False,False,0.12709474396742776,1.8952857290421778,-0.9086076523680435,-1.5151895452582802,0.20126176372911364,Low,0
0.7479781051646823,-1.039938985699245,-0.005739468162622887,0.24972009770294415,-0.9102564852985486,1,0,0.7631234704965275,True,False,False,-0.029625838421119738,-0.5952989946039038,-0.9086076523680435,-0.4289515176722115,0.2369718855891846,Low,0
1.700453771106768,-0.1849310840589488,-1.0414329711922958,0.5521198816114758,0.8088303613464911,1,0,-1.697969974226738,True,False,True,0.3495501393673322,0.8990518395837451,-0.9086076523680435,-0.941035159248501,0.08344122008229599,Low,0
1.441628861883375,-1.2299407416193107,-0.35097063583918053,1.0465879397262419,0.8088303613464911,0,0,-0.024795108508183724,False,False,False,-0.023012580183965615,0.10206472801699919,-0.9086076523680435,-0.7082698676229149,0.04904672677100319,Low,0
0.12679832302853958,-0.1849310840589488,1.0299540348670502,1.2668512683508664,-0.9102564852985486,1,0,0.33115839453365237,True,False,False,-0.02410440518396297,-0.7613379761803092,-0.9086076523680435,0.7814279987808365,0.24996875133445987,Low,0
-1.1259142376126816,0.2900733057412157,-1.3866641388688534,-1.2260588112551243,-0.9102564852985486,1,1,1.3696785055835756,False,False,False,-0.03492675203135649,0.40093489485452893,0.240982924722633,-1.1893181369824597,0.409842241475223,High,1
0.6340951451063895,0.5750759396213144,0.33949169951393476,0.5877130679005704,-0.9102564852985486,0,0,1.721005235430992,False,True,True,-0.030215131769293885,-0.6664585581366489,-0.9086076523680435,0.5796980793719951,0.7048127771930048,High,0
1.410569872776568,0.2900733057412157,-1.0414329711922958,-0.03045415002668202,0.8088303613464911,0,1,-0.9673019139022527,True,False,False,-0.021009095436792687,0.8990518395837451,1.3905735018133094,-0.863446728706639,0.042913359862461364,Low,0
2.0628086440195177,2.1900908649418738,-0.005739468162622887,-1.2260588112551243,0.8088303613464911,1,1,1.4043362217935151,False,True,True,-0.03492675203135649,-0.09718204987468745,1.3905735018133094,0.8900518015394433,0.03697583426228331,Low,0
-1.7367410233798888,1.0500803294214789,1.3751852025436078,-1.2260588112551243,0.8088303613464911,1,1,0.1969148186239729,False,False,False,-0.03492675203135649,-0.49567560565806046,1.3905735018133094,1.976289829125512,0.11494990269321213,Low,0
0.5512711741549038,-0.2799319620189817,1.0299540348670502,0.8189027225098545,-0.9102564852985486,1,0,0.9001055044908178,False,True,True,-0.02796254828833168,-0.7613379761803092,-0.9086076523680435,0.7193572543473468,0.09193463366886812,Low,0
0.6755071305821324,-0.944938107739212,1.7204163702201654,0.18564244234634808,-0.9102564852985486,1,1,1.4442475913479438,False,False,False,-0.0309408116236304,-0.8217157876626383,0.240982924722633,0.7348749404557192,0.08905405697383896,Low,0
-0.5564994373212174,-1.2299407416193107,1.0299540348670502,1.181546661691749,-0.9102564852985486,1,0,-1.0011982689950374,False,False,False,-0.005613939017619851,-0.7613379761803092,-0.9086076523680435,0.09864981001245039,0.07970979443274655,Low,0
1.006803014388075,0.4800750616612815,-1.0414329711922958,0.26534190750113484,-0.9102564852985486,0,1,-0.24830265022760153,False,False,True,-0.02593635632980938,-0.09718204987468745,0.240982924722633,-0.8324113564898942,0.1433885078237981,Low,0
2.0628086440195177,-0.5649345958990805,1.7204163702201654,-1.2260588112551243,-0.9102564852985486,1,0,-1.6547454192380935,False,False,True,-0.03492675203135649,-0.8217157876626383,-0.9086076523680435,1.0452286626231673,0.1148832043308129,Low,1
-0.028496622505496116,1.5250847192216435,-1.3866641388688534,0.08008041543331135,-0.9102564852985486,0,1,1.4268453007045272,False,True,True,-0.03121859775442016,0.40093489485452893,0.240982924722633,-1.088453177278039,0.3845138271140234,High,0
-0.753206368330996,1.0500803294214789,-0.005739468162622887,1.201225413165831,0.8088303613464911,1,0,1.2222521319938442,False,False,True,-0.027559626185379854,-0.09718204987468745,-0.9086076523680435,0.424521218288271,0.5472522855842065,High,0
-0.45296947363186035,-0.1849310840589488,-0.35097063583918053,0.9558204108523727,-0.9102564852985486,0,0,1.4156186691021126,True,False,False,-0.028710314378661676,-0.49567560565806046,-0.9086076523680435,-0.36688077323872187,0.4462083141870991,High,0
2.0628086440195177,0.1950724277811828,1.0299540348670502,0.9062364420804606,-0.9102564852985486,1,1,1.3189333074589966,False,True,True,-0.028659535474737718,-0.7613379761803092,0.240982924722633,1.029710976514795,0.07854077417946713,Low,0
-1.46756311778756,-0.3749328399790146,1.0299540348670502,-1.2260588112551243,0.8088303613464911,0,1,-0.5633816139351858,False,False,True,-0.03492675203135649,-0.42926001302749833,1.3905735018133094,0.6572865099138572,0.01554677055136836,Low,0
-1.9230949580207315,0.1950724277811828,1.3751852025436078,0.6555561635449354,-0.9102564852985486,1,0,1.195679495248617,False,False,True,-0.029164102596666047,-0.7945457724955903,-0.9086076523680435,1.3478235417364293,0.10677486377124427,Low,0
0.6133891523685181,0.10007154982114991,-0.005739468162622887,-1.2260588112551243,0.8088303613464911,0,0,1.1014557806722594,False,False,True,-0.03492675203135649,-0.09718204987468745,-0.9086076523680435,0.03657906557896076,0.024919307111035037,Low,0
-0.6186174155348317,0.005070671861117005,-0.6962018035157382,-1.2260588112551243,2.5279172079915306,1,0,0.710578739119787,False,True,False,-0.03492675203135649,1.1481103119483533,-0.9086076523680435,-0.6074049079184942,0.7353712654668332,High,1
0.7997430870093609,0.6700768175813473,-1.0414329711922958,0.5349164841606557,-0.9102564852985486,1,0,-1.385868080747698,False,False,False,0.009832079603006161,-0.09718204987468745,-0.9086076523680435,-0.8013759842731494,0.542575043977811,High,1
-1.6435640560594673,0.5750759396213144,1.3751852025436078,1.507489677206004,0.8088303613464911,0,0,1.133948370754538,True,False,True,-0.026375113339854556,-0.49567560565806046,-0.9086076523680435,1.6271418916871327,0.16950643643563842,Low,0
-0.35979250631143894,-0.2799319620189817,1.7204163702201654,0.029990011155051042,-0.9102564852985486,1,0,0.6489290706719192,True,False,False,-0.030199391392580998,-0.8217157876626383,-0.9086076523680435,1.2779939542487535,0.22551694459390506,Low,0
-0.04920261524336754,-1.4199424975393766,1.0299540348670502,-1.2260588112551243,0.8088303613464911,0,0,-0.12415386805339117,False,False,True,-0.03492675203135649,-0.42926001302749833,-0.9086076523680435,-0.02549167885452888,0.0160636194785933,Low,0
1.3277459018250823,3.04509876658217,-0.6962018035157382,-1.2260588112551243,0.8088303613464911,1,1,0.8226633052506717,False,False,True,-0.03492675203135649,0.40093489485452893,1.3905735018133094,0.13744402528338143,0.016234799187313756,Low,1
0.33385825040725386,0.005070671861117005,-1.0414329711922958,0.3801228263319456,0.8088303613464911,1,0,0.16519039219804,True,False,False,-0.027346341506708966,0.8990518395837451,-0.9086076523680435,-0.9099997870317562,0.11873156313377957,Low,0
-1.943800950758603,-0.3749328399790146,-1.0414329711922958,-1.2260588112551243,0.8088303613464911,1,1,-1.7055166065508645,False,True,False,-0.03492675203135649,0.8990518395837451,1.3905735018133094,-0.9720705314652459,0.028493383748636088,Low,0
0.8825670579608467,2.2850917429019066,1.7204163702201654,-1.2260588112551243,0.8088303613464911,0,1,-1.730777225352624,False,False,False,-0.03492675203135649,-0.5500156359921567,1.3905735018133094,3.3728815788790287,0.0729107349441465,Low,0
-0.11132059345698182,2.2850917429019066,-1.0414329711922958,-0.1275921720670908,0.8088303613464911,1,1,0.2227819099582289,False,False,True,-0.029894663923251595,0.8990518395837451,1.3905735018133094,-0.5375753204308183,0.07039083267620148,Low,1
0.19926929761108958,-0.5649345958990805,1.3751852025436078,0.13066633996770327,0.8088303613464911,0,1,1.714348689196405,True,False,False,-0.03139560594769067,-0.49567560565806046,1.3905735018133094,0.7891868418350226,0.024629295159905727,Low,0
-1.0534432630301316,-0.7549363518191462,-0.35097063583918053,-1.2260588112551243,0.8088303613464911,0,1,-1.2915398861463292,False,False,True,-0.03492675203135649,0.10206472801699919,1.3905735018133094,-0.5530930065391908,0.014093660006024418,Low,0
-0.7428533719620604,0.005070671861117005,-0.005739468162622887,-1.2260588112551243,0.8088303613464911,0,1,-1.0437357675253838,False,False,True,-0.03492675203135649,-0.09718204987468745,1.3905735018133094,-0.0022151496919702637,0.018316725811597028,Low,0
-0.5875584264280246,0.955079451461446,-0.35097063583918053,-1.2260588112551243,0.8088303613464911,1,1,-1.3273543828669143,False,False,False,-0.03492675203135649,0.10206472801699919,1.3905735018133094,0.005543693362215941,0.11546673008651219,Low,0
-1.405445139573946,-1.3249416195793435,0.6847228671904925,0.05076205335298001,-0.9102564852985486,0,1,-1.0632541711294696,False,False,False,-0.01795491015950288,-0.7198282307862078,0.240982924722633,-0.15739201077569437,0.05917905319209608,Low,0
-0.5979114227969603,0.6700768175813473,-1.0414329711922958,0.003476547343475566,-0.9102564852985486,1,1,-0.7897415126646448,False,True,False,-0.023289783403205953,-0.09718204987468745,0.240982924722633,-0.8013759842731494,0.2565343130374889,Low,0
1.0275090071259465,-1.2299407416193107,-1.3866641388688534,1.20595797672642,0.8088303613464911,1,1,-1.392062752013619,False,False,False,0.02798997634641986,1.8952857290421778,1.3905735018133094,-1.3134596258494389,0.04572446162481533,Low,0
-1.291562179515653,-0.8499372297791791,1.0299540348670502,-1.2260588112551243,-0.9102564852985486,1,0,-1.107240784931596,False,True,True,-0.03492675203135649,-0.7613379761803092,-0.9086076523680435,0.34693278774640895,0.15664461672483326,Low,0
-1.4986221068943673,1.9050882310617752,1.0299540348670502,0.6865514611989014,0.8088303613464911,1,1,1.2375201695720826,True,False,True,-0.029151500469622987,-0.42926001302749833,1.3905735018133094,2.1469843763176084,0.1962982530558723,Low,0
-0.45296947363186035,-0.46993371793904753,1.3751852025436078,0.8998465261892716,-0.9102564852985486,1,0,1.3608027617559633,False,True,True,-0.02876270024849092,-0.7945457724955903,-0.9086076523680435,0.8590164293226985,0.15996383200801145,Low,0
0.5926831596306467,2.665095254742038,-1.3866641388688534,-1.2260588112551243,0.8088303613464911,0,1,-1.6726176083579398,False,False,False,-0.03492675203135649,1.8952857290421778,1.3905735018133094,-0.9953470606278044,0.034057378639444885,Low,0
0.33385825040725386,-0.46993371793904753,1.3751852025436078,0.6136351819798526,0.8088303613464911,0,1,-1.2975672847177828,False,True,True,0.0024909871369508734,-0.49567560565806046,1.3905735018133094,0.8590164293226985,0.037774900313950414,Low,0
0.8204490797472324,0.1950724277811828,-0.35097063583918053,1.463351615699977,-0.9102564852985486,1,0,0.49738768414383433,False,False,False,-0.024118961775550795,-0.49567560565806046,-0.9086076523680435,-0.2427392843717426,0.22605685731802758,Low,0
-1.0327372702922604,0.5750759396213144,0.33949169951393476,-1.2260588112551243,0.8088303613464911,1,1,-0.8474809420462188,False,False,False,-0.03492675203135649,-0.23950117694017783,1.3905735018133094,0.5796980793719951,0.07462201942378995,Low,0
-1.2501501940399102,-0.1849310840589488,1.0299540348670502,-1.2260588112551243,0.8088303613464911,1,1,-1.7345222848134318,False,False,True,-0.03492675203135649,-0.42926001302749833,1.3905735018133094,0.7814279987808365,0.10055127606613416,Low,0
1.4002168764076324,-0.5649345958990805,-1.7318953065454112,0.10682245742588177,-0.9102564852985486,0,1,0.9638634368156724,False,False,False,-0.030494621359774703,1.8952857290421778,0.240982924722633,-1.5151895452582802,0.07066059428606954,Low,1
-0.7946183538067388,-0.8499372297791791,-0.005739468162622887,0.7058602177943365,-0.9102564852985486,1,0,0.6639023315518779,False,True,True,-0.02770093340338676,-0.5952989946039038,-0.9086076523680435,-0.35136308713034947,0.09802082369751344,Low,0
0.7479781051646823,0.10007154982114991,0.6847228671904925,1.0670578863226032,0.8088303613464911,0,0,-1.076389699883348,False,False,False,-0.003842286179772058,-0.3462405222392956,-0.9086076523680435,0.6572865099138572,0.08291653133588592,Low,0
-1.115561241243746,-0.1849310840589488,-0.6962018035157382,-1.2260588112551243,0.8088303613464911,1,1,-0.3630660214071146,False,True,True,-0.03492675203135649,0.40093489485452893,1.3905735018133094,-0.6539579662436115,0.01807046969651278,Low,0
1.6176298001552822,-0.7549363518191462,-1.3866641388688534,1.0383608909126594,2.5279172079915306,1,1,1.6487662809756884,True,False,False,-0.02891907750175505,3.389636563229827,2.540164078903986,-1.2746654105785078,0.7290862550334258,High,0
-0.5461464409522817,-1.1349398636592778,1.0299540348670502,0.23018838107000758,0.8088303613464911,1,0,0.16684306037330685,False,True,True,-0.028059918603122007,-0.42926001302749833,-0.9086076523680435,0.16072055444594002,0.0412318694399773,Low,0
-0.4840284627386675,-1.039938985699245,0.33949169951393476,-1.2260588112551243,0.8088303613464911,1,1,-0.535038049487216,False,True,False,-0.03492675203135649,-0.23950117694017783,1.3905735018133094,-0.2117039121549978,0.01985669831493711,Low,0
1.338098898194018,-1.2299407416193107,-0.6962018035157382,1.0269242769803995,-0.9102564852985486,1,0,0.3037305565152497,False,False,False,-0.025014696622000676,-0.3462405222392956,-0.9086076523680435,-0.9099997870317562,0.10074489254386576,Low,0
-2.04733091444796,-1.039938985699245,-0.6962018035157382,1.020984294123852,-0.9102564852985486,1,0,0.6473913479665733,True,False,False,-0.026464161830721426,-0.3462405222392956,-0.9086076523680435,-0.863446728706639,0.257604738112304,Low,0
-0.8463833356514174,0.2900733057412157,1.3751852025436078,1.1191268402209091,-0.9102564852985486,1,0,-1.1713763453935961,True,False,False,0.0021782447162982514,-0.7945457724955903,-0.9086076523680435,1.4176531292241052,0.5411111491629093,High,1
1.2138629417667894,-0.2799319620189817,-0.6962018035157382,1.0426269880448973,-0.9102564852985486,0,1,0.4559391151563051,False,False,False,-0.025637584615827567,-0.3462405222392956,0.240982924722633,-0.6772344954061701,0.09038770907868411,Low,0
0.7479781051646823,-0.46993371793904753,-0.005739468162622887,-1.2260588112551243,0.8088303613464911,0,1,-1.5286314009339905,False,False,True,-0.03492675203135649,-0.09718204987468745,1.3905735018133094,-0.1961862260466254,0.29687963450492477,Low,0
-0.4840284627386675,1.3350829633015777,-1.0414329711922958,0.7224703392922368,-0.9102564852985486,1,1,-0.8987928440126389,False,False,False,-0.014092808276164201,-0.09718204987468745,0.240982924722633,-0.6927521815145425,0.35436727829906767,High,1
-0.5875584264280246,-1.039938985699245,-1.7318953065454112,1.0625274154093967,0.8088303613464911,1,0,0.5120045966246302,True,False,True,-0.02578943904685953,4.883987397417476,-0.9086076523680435,-1.5151895452582802,0.08002489524804883,Low,0
0.2510342794557681,2.095089986981841,-0.005739468162622887,-0.22995924103453333,2.5279172079915306,1,0,1.1612169595862367,False,False,False,-0.03183984590163605,0.40093489485452893,-0.9086076523680435,0.8512575862685122,0.9920629749709796,High,1
0.03362135570811816,-0.1849310840589488,-1.0414329711922958,1.1112505240797104,0.8088303613464911,0,0,1.5099854114255642,True,False,True,-0.02846086134256824,0.8990518395837451,-0.9086076523680435,-0.941035159248501,0.1414972505740011,Low,0
-0.8774423247582246,2.2850917429019066,-1.0414329711922958,0.7127975013801832,0.8088303613464911,1,1,-0.8290720500266051,False,True,True,-0.01578370052191686,0.8990518395837451,1.3905735018133094,-0.5375753204308183,0.11681926157314174,Low,0
-0.5668524336901531,-0.1849310840589488,-1.0414329711922958,-1.2260588112551243,-0.9102564852985486,0,1,0.3740532880076526,False,False,True,-0.03492675203135649,-0.09718204987468745,0.240982924722633,-0.941035159248501,0.15906166142543207,Low,0
-0.35979250631143894,-0.8499372297791791,-1.0414329711922958,-1.2260588112551243,0.8088303613464911,1,0,1.7332293983573486,False,True,True,-0.03492675203135649,0.8990518395837451,-0.9086076523680435,-1.049658962007108,0.023939206093128745,Low,0
0.8308020761161681,-0.5649345958990805,-1.3866641388688534,-1.2260588112551243,-0.9102564852985486,1,0,0.5406474727970072,False,True,True,-0.03492675203135649,0.40093489485452893,-0.9086076523680435,-1.2591477244701355,0.12899224937395246,Low,0
0.7893900906404252,0.6700768175813473,-0.6962018035157382,0.6238852440062729,4.24700405463657,1,0,0.541084405121972,True,False,True,-0.027634920672815543,1.8952857290421778,-0.9086076523680435,-0.4444692037805839,0.9740174271363792,High,1
-0.9292073066029032,-1.039938985699245,-0.6962018035157382,-1.2260588112551243,0.8088303613464911,1,0,1.59871790705799,False,True,False,-0.03492675203135649,0.40093489485452893,-0.9086076523680435,-0.863446728706639,0.029377520120613242,Low,0
0.002562366601311024,-1.3249416195793435,1.0299540348670502,-1.2260588112551243,0.8088303613464911,1,1,0.4714750681242227,False,False,False,-0.03492675203135649,-0.42926001302749833,1.3905735018133094,0.03657906557896076,0.01617832161602374,Low,0
-0.5357934445833461,0.1950724277811828,-1.0414329711922958,0.23993489692101955,-0.9102564852985486,1,0,0.2789733256136294,False,False,False,-0.028397970483864537,-0.09718204987468745,-0.9086076523680435,-0.8789644148150114,0.2709232003967097,Low,0
-0.6600294010105746,0.1950724277811828,1.0299540348670502,0.14010048704047348,-0.9102564852985486,1,0,-1.712373391631383,False,True,True,0.4170441356624776,-0.7613379761803092,-0.9086076523680435,1.029710976514795,0.12673429020539095,Low,0
0.36491723951406096,-0.0899302060989159,-1.0414329711922958,0.275909474894134,2.5279172079915306,0,0,-1.5627259017837256,True,False,False,0.04143276007490326,1.8952857290421778,-0.9086076523680435,-0.9255174731401287,0.8990342226931797,High,1
0.758331101533618,-0.46993371793904753,0.33949169951393476,0.6718415563489082,0.8088303613464911,0,0,1.0013061823400697,True,False,True,-0.02870201926376525,-0.23950117694017783,-0.9086076523680435,0.06761443779570558,0.0762690642131667,Low,0
0.7169191160578752,-1.7049451314194752,-1.0414329711922958,0.7515402189117671,-0.9102564852985486,1,1,1.4125118273566928,False,True,True,-0.02928677974507362,-0.09718204987468745,0.240982924722633,-1.1893181369824597,0.04025320110402455,Low,0
1.6072768037863465,0.8600785735014131,-0.35097063583918053,1.4177059655170494,-0.9102564852985486,1,1,-1.3655891881468665,False,False,True,0.028626057827581743,-0.49567560565806046,0.240982924722633,-0.02549167885452888,0.20407017757359397,Low,0
1.2242159381357252,-0.944938107739212,-0.35097063583918053,1.1090241340724054,-0.9102564852985486,1,0,1.5463036448944523,False,False,True,-0.02853841929585038,-0.49567560565806046,-0.9086076523680435,-0.6151637509726804,0.11761827481713784,Low,0
-0.39085149541824604,-0.1849310840589488,1.3751852025436078,0.5121386042171405,-0.9102564852985486,1,1,0.2515653719405547,False,False,True,-0.027079158667869405,-0.7945457724955903,0.240982924722633,1.068505191785726,0.07459134538463588,Low,0
-0.6186174155348317,-0.0899302060989159,-1.0414329711922958,1.0579457391312066,-0.9102564852985486,0,1,0.3472441322074741,False,False,False,-0.02508774819682737,-0.09718204987468745,0.240982924722633,-0.9255174731401287,0.11200027767228006,Low,0
1.6176298001552822,-0.3749328399790146,-0.6962018035157382,1.579644457204097,-0.9102564852985486,1,1,-1.7290737997695467,False,False,True,2.3736272274987895,-0.3462405222392956,0.240982924722633,-0.7005110245687287,0.04400717530071316,Low,0
0.04397435207705388,2.095089986981841,-1.0414329711922958,1.7274425632730133,0.8088303613464911,1,1,1.0724703356031833,True,False,False,-0.025485007358173814,0.8990518395837451,1.3905735018133094,-0.5686106926475633,0.1883468289700974,Low,0
-1.012031277554389,0.005070671861117005,-1.3866641388688534,1.0673794046488203,0.8088303613464911,1,0,-0.9657406439458609,False,True,False,-0.008283427116684134,1.8952857290421778,-0.9086076523680435,-1.2125946661450182,0.1200238792079573,Low,0
0.18891630124215386,1.0500803294214789,-0.35097063583918053,1.1771198856555949,2.5279172079915306,1,1,0.43853019639777896,False,False,True,-0.025008253530273816,0.6998050616920587,2.540164078903986,0.03657906557896076,0.9455371425827388,High,1
-0.16308557530166037,0.1950724277811828,-0.35097063583918053,0.4360268854973408,0.8088303613464911,1,0,1.6398608850541663,False,False,True,-0.03050549433198103,0.10206472801699919,-0.9086076523680435,-0.2427392843717426,0.048931598088065534,Low,0
1.0171560107570108,-0.1849310840589488,0.6847228671904925,-1.2260588112551243,0.8088303613464911,1,0,-1.3853462038948856,False,False,True,-0.03492675203135649,-0.3462405222392956,-0.9086076523680435,0.49435080577594687,0.02471318049722583,Low,0
0.41668222135873956,-1.2299407416193107,1.3751852025436078,0.9669945772242908,-0.9102564852985486,1,0,0.933119797001827,False,False,True,-0.027550470803580068,-0.7945457724955903,-0.9086076523680435,0.3003797294212917,0.074494207660409,Low,0
-0.6393234082727032,-1.7049451314194752,-0.6962018035157382,-1.2260588112551243,0.8088303613464911,0,1,-0.7697225119457287,False,False,False,-0.03492675203135649,0.40093489485452893,1.3905735018133094,-1.0263824328445492,0.018605883262414406,Low,0
1.3173929054561466,-0.5649345958990805,1.3751852025436078,1.2101709422730471,0.8088303613464911,0,0,1.4044475043577178,False,False,False,-0.027960975962801858,-0.49567560565806046,-0.9086076523680435,0.7891868418350226,0.08515216522931952,Low,1
-1.1362672339816173,-0.6599354738591133,-0.35097063583918053,-1.2260588112551243,-0.9102564852985486,1,1,0.26548406482181536,False,False,False,-0.03492675203135649,-0.49567560565806046,0.240982924722633,-0.522057634322446,0.14298779799294015,Low,0
1.1103329780774323,1.0500803294214789,-1.0414329711922958,0.3119281954232692,2.5279172079915306,1,1,-0.5544369725952535,False,False,False,-0.023260606899551787,1.8952857290421778,2.540164078903986,-0.7393052398396597,0.956206192166044,High,1
-0.9499132993407745,-0.944938107739212,-0.6962018035157382,0.05351927766123337,-0.9102564852985486,1,0,-0.30486768226626576,False,False,False,-0.026909136174220593,-0.3462405222392956,-0.9086076523680435,-0.8401701995440803,0.09710063076637612,Low,0
0.40632922498980384,0.2900733057412157,-0.005739468162622887,-1.2260588112551243,0.8088303613464911,0,1,0.362475366304448,False,False,False,-0.03492675203135649,-0.09718204987468745,1.3905735018133094,0.1141674961208228,0.03417398306113863,Low,0
2.0213966585437753,-0.46993371793904753,1.7204163702201654,1.0595401682546786,0.8088303613464911,0,1,-0.5465957379969292,False,False,False,-0.01770367633917992,-0.5500156359921567,1.3905735018133094,1.1228170931650294,0.030282785216984656,Low,1
-0.8670893283892889,0.10007154982114991,-0.35097063583918053,0.6781515340841028,-0.9102564852985486,0,0,-0.13530392748388553,False,True,True,-0.024256418674055008,-0.49567560565806046,-0.9086076523680435,-0.27377465658848743,0.1817226971908318,Low,0
-1.7056820342730816,0.10007154982114991,1.3751852025436078,-0.0809192042167699,-0.9102564852985486,1,0,-0.4105698968191887,True,False,False,-0.027180809687666122,-0.7945457724955903,-0.9086076523680435,1.2779939542487535,0.2796794200657334,Low,0
0.5823301632617109,0.8600785735014131,0.6847228671904925,0.46077657328870975,-0.9102564852985486,1,1,1.4061001725329847,True,False,False,-0.030106211511128054,-0.7198282307862078,0.240982924722633,1.0917817209482845,0.7000140109922396,High,1
-0.7221473792241889,0.7650776955413803,-1.3866641388688534,0.7475009342582837,-0.9102564852985486,0,0,1.4044778541479548,False,False,False,-0.02928391702389906,0.40093489485452893,-0.9086076523680435,-1.1505239217115286,0.6861351463632687,High,1
-1.97485993986541,0.10007154982114991,0.33949169951393476,0.6922575687677311,0.8088303613464911,1,0,-0.142507642063149,True,False,False,-0.024128887918666117,-0.23950117694017783,-0.9086076523680435,0.34693278774640895,0.12454681709917569,Low,1
-0.45296947363186035,0.10007154982114991,-1.3866641388688534,0.5804865301839981,-0.9102564852985486,1,1,-1.3934494234641068,False,True,True,0.011996164741479028,0.40093489485452893,0.240982924722633,-1.204835823090832,0.1395947266685286,Low,0
0.5202121850480966,-0.3749328399790146,1.3751852025436078,-1.2260588112551243,0.8088303613464911,0,0,1.243051506054833,False,True,False,-0.03492675203135649,-0.49567560565806046,-0.9086076523680435,0.9288460168103743,0.046357264906513714,Low,0
-0.5254404482144104,-0.6599354738591133,0.6847228671904925,0.3611140785990664,-0.9102564852985486,1,0,0.5798274821763546,False,False,False,-0.02877517482883713,-0.7198282307862078,-0.9086076523680435,0.22279129887942967,0.10228553555337466,Low,0
-2.3268618164092243,-0.46993371793904753,1.3751852025436078,-1.2260588112551243,0.8088303613464911,1,0,0.1420875737125049,False,False,True,-0.03492675203135649,-0.49567560565806046,-0.9086076523680435,0.8590164293226985,0.017706925543527565,Low,0
1.410569872776568,0.005070671861117005,0.6847228671904925,1.5291872684149006,-0.9102564852985486,0,1,0.01849851841686242,False,True,False,-0.020838293347696824,-0.7198282307862078,0.240982924722633,0.6029746085345538,0.11503761971072346,Low,0
0.1578573121353467,1.9050882310617752,1.0299540348670502,1.2236846641140688,0.8088303613464911,1,1,1.553272410235501,True,False,False,-0.0282389142326401,-0.42926001302749833,1.3905735018133094,2.1469843763176084,0.17610071263114402,Low,0
0.872214061591911,0.4800750616612815,1.3751852025436078,0.7111032298209115,-0.9102564852985486,1,0,-0.4342195348012372,False,False,True,-0.021586015545288283,-0.7945457724955903,-0.9086076523680435,1.557312304199457,0.2774958625239901,Low,0
0.6237421487374538,-0.6599354738591133,-0.005739468162622887,-1.2260588112551243,0.8088303613464911,1,1,0.83705172218428,False,True,True,-0.03492675203135649,-0.09718204987468745,1.3905735018133094,-0.27377465658848743,0.011889106650348093,Low,0
0.6030361559995824,0.005070671861117005,1.3751852025436078,0.7759894162854234,-0.9102564852985486,1,0,-0.4550541425267544,True,False,False,-0.02091552466021841,-0.7945457724955903,-0.9086076523680435,1.2081643667610777,0.4293976748909505,High,0
0.9860970216502037,-1.4199424975393766,-0.35097063583918053,-1.2260588112551243,-0.9102564852985486,0,1,-0.09812770195651323,False,False,False,-0.03492675203135649,-0.49567560565806046,0.240982924722633,-0.7703406120564046,0.13743704248225522,Low,0
1.6383357928931537,-0.5649345958990805,1.0299540348670502,1.1505080240736896,-0.9102564852985486,0,0,1.7350381760858462,True,False,True,-0.02877809746797012,-0.7613379761803092,-0.9086076523680435,0.5331450210468779,0.15545492373400494,Low,0
-0.5668524336901531,-1.799946009379508,-0.6962018035157382,1.7803616225410874,-0.9102564852985486,1,0,0.06498445488742147,False,True,True,-0.019949971922666,-0.3462405222392956,-0.9086076523680435,-1.049658962007108,0.19524229164235624,Low,0
-0.4736754663697318,-0.2799319620189817,0.33949169951393476,-1.2260588112551243,-0.9102564852985486,0,1,-1.7274956106772181,False,False,False,-0.03492675203135649,-0.6664585581366489,0.240982924722633,0.16072055444594002,0.17254330874880586,Low,0
-0.3804984990493104,1.0500803294214789,-0.35097063583918053,0.9747200060830912,-0.9102564852985486,1,0,0.4785443017364012,False,False,True,-0.026007465662736273,-0.49567560565806046,-0.9086076523680435,0.03657906557896076,0.5071295783383944,High,1
0.9343320398055251,1.2400820853415448,-1.3866641388688534,1.522598630762425,0.8088303613464911,0,0,-1.3587010067316196,False,False,True,0.029952487520717625,1.8952857290421778,-0.9086076523680435,-1.1117297064405975,0.5497881950093682,High,1
-0.16308557530166037,0.1950724277811828,-1.3866641388688534,-1.2260588112551243,0.8088303613464911,1,0,1.323541940548907,False,True,True,-0.03492675203135649,1.8952857290421778,-0.9086076523680435,-1.1970769800366459,0.027434812893998867,Low,0
1.2242159381357252,0.38507418370124863,-0.35097063583918053,0.5425735321872202,0.8088303613464911,1,1,-0.212683857326821,True,False,True,-0.02451387568083833,0.10206472801699919,1.3905735018133094,-0.18066853993825296,0.17847514886393262,Low,0
-0.15273257893272468,-0.1849310840589488,-1.3866641388688534,0.6221058977026698,-0.9102564852985486,1,0,-0.8240979984852768,False,True,True,-0.01677828034112006,0.40093489485452893,-0.9086076523680435,-1.2281123522533905,0.1553454496667981,Low,0
0.903273050698718,1.4300838412616106,-0.35097063583918053,-1.2260588112551243,-0.9102564852985486,0,1,-0.7675666302944044,False,False,True,-0.03492675203135649,-0.49567560565806046,0.240982924722633,0.16072055444594002,0.4793897283409466,High,1
-0.7635593646999317,0.38507418370124863,0.33949169951393476,-1.2260588112551243,0.8088303613464911,1,1,0.8673586040972425,False,True,True,-0.03492675203135649,-0.23950117694017783,1.3905735018133094,0.48659196272176064,0.03494038886642541,Low,0
0.3856232322519324,-1.2299407416193107,-1.3866641388688534,-1.2260588112551243,0.8088303613464911,1,1,0.08206877042967621,False,False,True,-0.03492675203135649,1.8952857290421778,1.3905735018133094,-1.3134596258494389,0.007350377731401209,Low,0
-0.6703823973795103,1.6200855971816763,1.3751852025436078,0.39167356883631765,0.8088303613464911,1,1,-0.7898341318520924,True,False,False,-0.019614189644995016,-0.49567560565806046,1.3905735018133094,2.395267354051567,0.35079861212460606,High,0
-0.14237958256378896,-0.5649345958990805,-1.0414329711922958,1.1132049959419266,-0.9102564852985486,0,1,0.16550435554532023,False,False,True,-0.023888363136633818,-0.09718204987468745,0.240982924722633,-1.0031059036819907,0.06928406895063731,Low,0
-1.2812091831467174,-1.3249416195793435,0.33949169951393476,-1.2260588112551243,0.8088303613464911,0,1,-0.05184287645229534,False,False,False,-0.03492675203135649,-0.23950117694017783,1.3905735018133094,-0.35136308713034947,0.019025484129081848,Low,0
1.514099836465925,-0.1849310840589488,-0.35097063583918053,-0.017938049951731018,-0.9102564852985486,1,0,-0.24295602884750075,False,False,True,-0.027670029870358707,-0.49567560565806046,-0.9086076523680435,-0.36688077323872187,0.08657671059045942,Low,0
-0.4736754663697318,-1.1349398636592778,1.3751852025436078,-1.2260588112551243,0.8088303613464911,1,0,1.7156526836321093,False,False,True,-0.03492675203135649,-0.49567560565806046,-0.9086076523680435,0.3702093169089676,0.018833973103736447,Low,0
-1.2501501940399102,-1.3249416195793435,1.3751852025436078,1.3833332005131416,-0.9102564852985486,1,0,-0.6209808063549748,False,False,True,-0.013956142568061661,-0.7945457724955903,-0.9086076523680435,0.23055014193361587,0.09507160134621899,Low,0
-1.146620230350553,-0.7549363518191462,1.7204163702201654,0.6706062068538674,-0.9102564852985486,1,1,1.0168358560410418,False,True,False,-0.02874111877839561,-0.8217157876626383,0.240982924722633,0.8900518015394433,0.08800476984622249,Low,0
0.9550380325433966,0.5750759396213144,0.6847228671904925,1.2994132254476078,-0.9102564852985486,1,0,0.4481584057143732,False,True,True,-0.02454939263999156,-0.7198282307862078,-0.9086076523680435,0.9288460168103743,0.3860630355711528,High,0
-0.29767452809782463,1.810087353101742,0.6847228671904925,0.650758269001436,-0.9102564852985486,1,0,0.36079269718710766,True,False,False,-0.026893977965456204,-0.7198282307862078,-0.9086076523680435,1.634900734741319,0.9728090804587738,High,1
1.120685974446368,0.5750759396213144,1.0299540348670502,-1.2260588112551243,0.8088303613464911,1,1,-0.008364883272762838,False,False,False,-0.03492675203135649,-0.42926001302749833,1.3905735018133094,1.2779939542487535,0.06933789213309478,Low,0
0.18891630124215386,1.7150864751417092,-0.005739468162622887,-1.2260588112551243,0.8088303613464911,1,1,-0.7474953023509417,False,False,True,-0.03492675203135649,-0.09718204987468745,1.3905735018133094,0.6960807251847881,0.05097691058441998,Low,0
0.43738821409661094,-0.7549363518191462,-1.0414329711922958,-1.2260588112551243,0.8088303613464911,1,1,0.14003634651027386,False,False,True,-0.03492675203135649,0.8990518395837451,1.3905735018133094,-1.0341412758987354,0.011356624655612286,Low,0
-0.7014413864863175,1.9050882310617752,0.6847228671904925,0.8197502595854543,-0.9102564852985486,0,1,-0.5612635823096168,False,False,True,-0.019318699484767134,-0.7198282307862078,0.240982924722633,1.6892126361206223,0.1787518778934493,Low,0
-0.7221473792241889,3.04509876658217,-0.35097063583918053,-1.2260588112551243,0.8088303613464911,1,1,1.7064129167457331,False,False,True,-0.03492675203135649,0.10206472801699919,1.3905735018133094,0.688321882130602,0.02056893555996214,Low,0
-0.5150874518454747,-0.0899302060989159,-0.35097063583918053,-0.26272682218313875,-0.9102564852985486,1,1,-1.0763842927368112,False,False,True,-0.0218683602830796,-0.49567560565806046,0.240982924722633,-0.3358454010219771,0.07271212168830504,Low,0
-0.45296947363186035,0.8600785735014131,-0.35097063583918053,0.5728845399636705,2.5279172079915306,1,0,1.2879036121509622,False,False,False,-0.02958512608669734,0.6998050616920587,-0.9086076523680435,-0.02549167885452888,0.9527831389851916,High,1
0.9343320398055251,-0.6599354738591133,-0.005739468162622887,-1.2260588112551243,-0.9102564852985486,1,1,-0.6085932080639507,False,False,True,-0.03492675203135649,-0.5952989946039038,0.240982924722633,-0.27377465658848743,0.10266679799290301,Low,0
-0.9602662957097102,-0.6599354738591133,-0.35097063583918053,0.511326541704743,-0.9102564852985486,1,1,0.7683811355948988,True,False,True,-0.028699245894971578,-0.49567560565806046,0.240982924722633,-0.522057634322446,0.13545916659160714,Low,0
-2.740981671166653,1.3350829633015777,-1.3866641388688534,0.8920626686381385,-0.9102564852985486,1,1,-0.6491394812762129,False,True,False,-0.017464692871861046,0.40093489485452893,0.240982924722633,-1.1039708633864114,0.6597946223830647,High,1
-1.653917052428403,-1.2299407416193107,-0.35097063583918053,0.4152599798877487,-0.9102564852985486,1,1,0.8053173535856839,True,False,True,-0.029128976521932647,-0.49567560565806046,0.240982924722633,-0.7082698676229149,0.08463506261126258,Low,0
-2.1508608781373173,1.0500803294214789,-0.6962018035157382,0.6553177937424232,-0.9102564852985486,1,0,-0.9923096177853701,True,False,True,-0.012293297393962867,-0.3462405222392956,-0.9086076523680435,-0.35136308713034947,0.8280074084925525,High,1
-0.6703823973795103,-0.0899302060989159,-1.0414329711922958,0.9707704512071192,-0.9102564852985486,0,1,1.5595802827305252,True,False,True,-0.028940840853462855,-0.09718204987468745,0.240982924722633,-0.9255174731401287,0.2394313958821149,Low,0
-0.35979250631143894,0.38507418370124863,-0.6962018035157382,0.7140816484644253,-0.9102564852985486,1,0,-1.4122924570233764,False,True,False,0.018367735142658673,-0.3462405222392956,-0.9086076523680435,-0.5142987912682597,0.39607826641457156,High,1
-0.37014550268037466,1.9050882310617752,1.0299540348670502,-1.2260588112551243,0.8088303613464911,1,1,1.1485082465605774,False,False,True,-0.03492675203135649,-0.42926001302749833,1.3905735018133094,2.1469843763176084,0.04095022933847011,Low,0
-0.5564994373212174,0.5750759396213144,0.6847228671904925,-1.2260588112551243,0.8088303613464911,0,0,1.1865309521570342,False,False,True,-0.03492675203135649,-0.3462405222392956,-0.9086076523680435,0.9288460168103743,0.07408543335239279,Low,0
-1.405445139573946,0.1950724277811828,1.0299540348670502,-1.2260588112551243,0.8088303613464911,1,1,1.4882443217468164,False,False,True,-0.03492675203135649,-0.42926001302749833,1.3905735018133094,1.029710976514795,0.029557966528597046,Low,0
0.4684472032034181,-0.8499372297791791,-1.7318953065454112,-1.2260588112551243,0.8088303613464911,1,1,-1.5825150115627995,False,True,False,-0.03492675203135649,4.883987397417476,1.3905735018133094,-1.5151895452582802,0.536394788224754,High,0
-1.146620230350553,0.8600785735014131,-1.0414329711922958,0.5291983377129111,-0.9102564852985486,1,0,-0.19235089326062504,False,False,True,-0.024728431883590942,-0.09718204987468745,-0.9086076523680435,-0.7703406120564046,0.5068608365531367,High,1
0.41668222135873956,-0.7549363518191462,-0.005739468162622887,-0.5692890083468556,-0.9102564852985486,1,0,0.46192779158159397,False,False,False,-0.032244913716367514,-0.5952989946039038,-0.9086076523680435,-0.31256887185941845,0.19971775888913043,Low,1
0.5719771668927752,-1.5149433754994095,-0.005739468162622887,-1.2260588112551243,-0.9102564852985486,0,0,1.1232491975755545,False,False,False,-0.03492675203135649,-0.5952989946039038,-0.9086076523680435,-0.6229225940268667,0.23131015574677377,Low,1
1.5658648183106036,0.10007154982114991,-0.005739468162622887,-1.2260588112551243,0.8088303613464911,1,1,1.3136379667589517,False,True,True,-0.03492675203135649,-0.09718204987468745,1.3905735018133094,0.03657906557896076,0.013481985282053844,Low,0
0.35456424314512525,-1.5149433754994095,-0.005739468162622887,1.4209283721065695,-0.9102564852985486,0,0,0.7224901596674359,False,True,True,-0.025262008458736825,-0.5952989946039038,-0.9086076523680435,-0.6229225940268667,0.12118289960536223,Low,0
-0.5150874518454747,0.1950724277811828,-1.3866641388688534,-1.2260588112551243,0.8088303613464911,0,1,1.0618283735230376,False,False,False,-0.03492675203135649,1.8952857290421778,1.3905735018133094,-1.1970769800366459,0.04727934483617612,Low,0
2.0628086440195177,-0.944938107739212,-1.3866641388688534,-1.2260588112551243,0.8088303613464911,1,1,1.7139928640694877,False,True,False,-0.03492675203135649,1.8952857290421778,1.3905735018133094,-1.2901830966868804,0.009594190384437117,Low,0
0.04397435207705388,-1.1349398636592778,1.3751852025436078,-1.2260588112551243,0.8088303613464911,0,0,0.14437497112152334,False,True,False,-0.03492675203135649,-0.49567560565806046,-0.9086076523680435,0.3702093169089676,0.021655799227936,Low,0
-0.09061460071911039,-1.989947765299574,-0.005739468162622887,0.5586412620604139,0.8088303613464911,0,1,-1.5640094886018563,True,False,True,0.056470217646804426,-0.09718204987468745,1.3905735018133094,-0.8168936703815217,0.027719587516744963,Low,0
-1.188032215826296,-0.3749328399790146,1.0299540348670502,-1.2260588112551243,-0.9102564852985486,1,0,1.2577620842675674,False,False,False,-0.03492675203135649,-0.7613379761803092,-0.9086076523680435,0.6572865099138572,0.3141046336153353,Medium,1
0.16821030850428242,-0.5649345958990805,-0.35097063583918053,0.813755539959441,0.8088303613464911,1,0,-0.5358159808921437,True,False,False,-0.01969343208164229,0.10206472801699919,-0.9086076523680435,-0.49102226210570116,0.10897640323521368,Low,0
0.3027992613004467,0.8600785735014131,1.0299540348670502,0.6217546834751297,-0.9102564852985486,1,0,0.6946925425955701,True,False,False,-0.02810292633109432,-0.7613379761803092,-0.9086076523680435,1.4642061875492225,0.8355809575366593,High,1
-0.2459095462531461,2.1900908649418738,-0.6962018035157382,1.0761976426763105,0.8088303613464911,1,1,0.756538089287324,True,False,True,-0.026635360754536434,0.40093489485452893,1.3905735018133094,-0.0720447371796461,0.18191465053473288,Low,0
1.9178666948544179,0.1950724277811828,0.6847228671904925,1.1865781104861948,-0.9102564852985486,1,1,0.9821013932351005,False,True,False,-0.02695795019494457,-0.7198282307862078,0.240982924722633,0.7115984112931606,0.14864085625607978,Low,0
1.307039909087211,0.38507418370124863,-1.3866641388688534,-1.2260588112551243,0.8088303613464911,1,0,-1.3595467891043764,False,False,True,-0.03492675203135649,1.8952857290421778,-0.9086076523680435,-1.1815592939282733,0.06211743760665575,Low,0
-0.5772054300590889,-0.2799319620189817,0.33949169951393476,0.15068201953301372,-0.9102564852985486,1,1,-1.3069254855557157,False,True,True,-0.006319351170992382,-0.6664585581366489,0.240982924722633,0.16072055444594002,0.07913716931320859,Low,0
-0.30802752446676035,0.38507418370124863,1.0299540348670502,-1.2260588112551243,-0.9102564852985486,0,0,0.05364915708203183,False,True,False,-0.03492675203135649,-0.7613379761803092,-0.9086076523680435,1.1538524653817743,0.5483152909503627,High,0
-0.0181436261365604,0.1950724277811828,-0.35097063583918053,0.6343128393670896,-0.9102564852985486,1,0,0.7642158885209811,True,False,False,-0.02824731882448863,-0.49567560565806046,-0.9086076523680435,-0.2427392843717426,0.5898711720048442,High,0
-1.2397971976709745,-0.6599354738591133,-1.7318953065454112,0.5327445098860458,0.8088303613464911,1,1,1.2614180130225643,True,False,False,-0.029658222741783077,4.883987397417476,1.3905735018133094,-1.5151895452582802,0.09093163488031887,Low,0
0.5616241705238395,-0.1849310840589488,-0.6962018035157382,0.5392296131798539,-0.9102564852985486,1,1,-1.106022083871903,True,False,False,-0.009878015454671752,-0.3462405222392956,0.240982924722633,-0.6539579662436115,0.22682443329469057,Low,1
1.6693947819999608,-0.46993371793904753,-0.005739468162622887,0.44041786593352095,-0.9102564852985486,1,1,1.1565617552664795,False,False,True,-0.029754050320271355,-0.5952989946039038,0.240982924722633,-0.1961862260466254,0.03865001298607172,Low,0
-2.4303917800985815,-0.6599354738591133,-1.7318953065454112,-1.2260588112551243,0.8088303613464911,0,1,-1.7242159146667122,False,False,True,-0.03492675203135649,4.883987397417476,1.3905735018133094,-1.5151895452582802,0.06719452458250331,Low,0
-0.898148317496096,0.1950724277811828,1.3751852025436078,0.4356716583101623,0.8088303613464911,1,1,-1.1406044488784952,True,False,True,-0.009986012563024511,-0.49567560565806046,1.3905735018133094,1.3478235417364293,0.09841011466066225,Low,0
-1.46756311778756,0.6700768175813473,-1.3866641388688534,-1.2260588112551243,-0.9102564852985486,1,0,-0.49686830438978347,False,False,False,-0.03492675203135649,0.40093489485452893,-0.9086076523680435,-1.1582827647657148,0.782932396449765,High,1
2.0628086440195177,-1.6099442534594424,-1.0414329711922958,-1.2260588112551243,0.8088303613464911,1,1,-1.5706241730568056,False,True,True,-0.03492675203135649,0.8990518395837451,1.3905735018133094,-1.1738004508740871,0.00953351021360819,Low,0
-1.2294442013020388,0.10007154982114991,-0.005739468162622887,-1.2260588112551243,0.8088303613464911,0,1,1.3494999068297924,False,False,False,-0.03492675203135649,-0.09718204987468745,1.3905735018133094,0.03657906557896076,0.06268477606333554,Low,0
-0.504734455476539,-0.3749328399790146,1.0299540348670502,-1.2260588112551243,-0.9102564852985486,1,1,-1.347103723955333,False,False,True,-0.03492675203135649,-0.7613379761803092,0.240982924722633,0.6572865099138572,0.12809975395266313,Low,0
0.35456424314512525,0.38507418370124863,1.3751852025436078,-1.2260588112551243,0.8088303613464911,1,0,0.14094282846350467,False,True,True,-0.03492675203135649,-0.49567560565806046,-0.9086076523680435,1.487482716711781,0.06482238916842126,Low,0
1.700453771106768,-0.0899302060989159,-1.0414329711922958,-0.44935849918984855,-0.9102564852985486,1,0,1.4837563901215267,False,True,False,-0.032760617957805646,-0.09718204987468745,-0.9086076523680435,-0.9255174731401287,0.22485778155844338,Low,0
2.0628086440195177,0.10007154982114991,-1.7318953065454112,-1.2260588112551243,0.8088303613464911,1,0,-1.7203597470657834,False,False,False,-0.03492675203135649,4.883987397417476,-0.9086076523680435,-1.5151895452582802,0.21508787684508912,Low,0
0.9136260470676537,-0.1849310840589488,0.6847228671904925,0.4587495471162336,-0.9102564852985486,0,1,-0.32873692016732836,False,False,True,-0.02419142573482582,-0.7198282307862078,0.240982924722633,0.49435080577594687,0.08075146524048102,Low,0
0.24068128308683243,-0.46993371793904753,-1.0414329711922958,1.2266284107863081,-0.9102564852985486,1,0,1.325249552309948,True,False,True,-0.02773270011521459,-0.09718204987468745,-0.9086076523680435,-0.9875882175736183,0.14126039686336805,Low,1
-0.028496622505496116,-0.46993371793904753,-0.6962018035157382,-1.2260588112551243,-0.9102564852985486,1,0,-0.7849847935292671,False,False,False,-0.03492675203135649,-0.3462405222392956,-0.9086076523680435,-0.7237875537312873,0.19381390551029254,Low,0
-0.7117943828552532,1.0500803294214789,0.33949169951393476,0.32272803292013097,0.8088303613464911,1,1,-1.3846968230382606,True,False,False,0.004308935904930383,-0.23950117694017783,1.3905735018133094,0.8124633709975813,0.34881299595654147,Medium,0
0.34421124677618953,-0.46993371793904753,0.33949169951393476,-1.2260588112551243,0.8088303613464911,1,1,0.5441579318677638,False,False,False,-0.03492675203135649,-0.23950117694017783,1.3905735018133094,0.06761443779570558,0.016472122597025435,Low,0
-0.028496622505496116,1.3350829633015777,0.33949169951393476,0.558928268933742,-0.9102564852985486,1,1,0.3804447096378692,False,True,False,-0.027357829553396565,-0.6664585581366489,0.240982924722633,0.9521225459729329,0.3246126021286589,Medium,0
0.36491723951406096,0.005070671861117005,-0.35097063583918053,1.3058233666553734,0.8088303613464911,1,0,1.1004378417307443,True,False,False,-0.0269125453984308,0.10206472801699919,-0.9086076523680435,-0.3048100288052322,0.08945631204192712,Low,0
1.4209228691455036,0.38507418370124863,1.7204163702201654,-1.2260588112551243,0.8088303613464911,1,1,0.2857188281299455,False,False,False,-0.03492675203135649,-0.5500156359921567,1.3905735018133094,1.821112968041788,0.06675489216040943,Low,0
0.8308020761161681,0.6700768175813473,1.7204163702201654,-1.2260588112551243,0.8088303613464911,1,0,0.9294118898704475,False,True,True,-0.03492675203135649,-0.5500156359921567,-0.9086076523680435,2.053878259667374,0.09437254237239044,Low,0
-0.1734385716705961,0.38507418370124863,-0.6962018035157382,2.18810817820766,-0.9102564852985486,1,0,0.2710209828751844,True,False,True,-0.019661669531949817,-0.3462405222392956,-0.9086076523680435,-0.5142987912682597,0.3647868328090726,High,0
-1.508975103263303,0.10007154982114991,0.33949169951393476,-0.4576622757917145,0.8088303613464911,1,1,0.9651086503358025,True,False,True,-0.03237283669727016,-0.23950117694017783,1.3905735018133094,0.34693278774640895,0.025625071863982673,Low,0
-1.9334479543896672,-0.0899302060989159,-0.6962018035157382,0.6430116517157455,-0.9102564852985486,1,0,-0.42134459562560156,False,False,True,-0.02218066435410241,-0.3462405222392956,-0.9086076523680435,-0.6306814370810528,0.10119182141389023,Low,0
-0.007790629767624689,0.1950724277811828,-0.6962018035157382,0.8415568427781258,2.5279172079915306,0,0,0.24326435546254674,False,True,True,-0.025552824800459915,1.1481103119483533,-0.9086076523680435,-0.560851849593377,0.9251780092084495,High,1
0.8204490797472324,0.005070671861117005,-1.3866641388688534,0.3632444786118241,-0.9102564852985486,1,0,1.6607786930667128,False,False,False,-0.030725107626646424,0.40093489485452893,-0.9086076523680435,-1.2125946661450182,0.23557944633546646,Low,0
-1.2501501940399102,1.5250847192216435,-0.35097063583918053,0.7146892105536574,-0.9102564852985486,0,1,0.41417117567495915,False,False,False,-0.026826222362659045,-0.49567560565806046,0.240982924722633,0.19175592666268484,0.441617002557111,High,1
-0.40120449178718176,0.2900733057412157,1.7204163702201654,-0.014184969579648014,-0.9102564852985486,0,0,0.8712826226660002,False,False,False,-0.030754101956448773,-0.8217157876626383,-0.9086076523680435,1.7435245374999258,0.4622794620336125,High,0
1.586570811048475,-0.0899302060989159,-0.6962018035157382,0.7675349129195446,-0.9102564852985486,1,0,-0.4367361254537702,False,True,False,-0.02117086453473889,-0.3462405222392956,-0.9086076523680435,-0.6306814370810528,0.09008960522603336,Low,0
-0.11132059345698182,0.7650776955413803,0.33949169951393476,0.21538762281380433,0.8088303613464911,0,1,-1.4991233813157745,False,False,False,0.01896929151100118,-0.23950117694017783,1.3905735018133094,0.6728041960222295,0.2290031528288964,Low,1
-2.2440378454577385,1.5250847192216435,0.33949169951393476,-1.2260588112551243,-0.9102564852985486,0,1,-0.45644622112377864,False,True,True,-0.03492675203135649,-0.6664585581366489,0.240982924722633,1.0452286626231673,0.429025844781716,High,1
-0.11132059345698182,0.38507418370124863,1.3751852025436078,1.5425326064695006,-0.9102564852985486,1,0,1.5934265781118266,False,True,True,-0.027459513403371744,-0.7945457724955903,-0.9086076523680435,1.487482716711781,0.3920562007321406,High,1
-1.840270987069246,0.10007154982114991,1.0299540348670502,1.22307052077103,0.8088303613464911,1,0,-0.46496457000773744,True,False,True,-0.01765337965812289,-0.42926001302749833,-0.9086076523680435,0.9676402320813053,0.08902777929765733,Low,0
-0.5150874518454747,0.955079451461446,-0.35097063583918053,0.3189784839525294,0.8088303613464911,1,0,0.07906658313334983,True,False,False,-0.027289594839797888,0.10206472801699919,-0.9086076523680435,0.005543693362215941,0.4523910814796689,High,0
1.0171560107570108,-0.5649345958990805,1.7204163702201654,0.004992322458037946,-0.9102564852985486,0,1,-1.2093585846030694,True,False,False,-0.014053990677254491,-0.8217157876626383,0.240982924722633,1.0452286626231673,0.0871653948246678,Low,0
1.772924745689318,1.0500803294214789,0.6847228671904925,-1.2260588112551243,0.8088303613464911,1,1,-1.5640260588896293,False,False,True,-0.03492675203135649,-0.3462405222392956,1.3905735018133094,1.2004055237068916,0.045032132657205806,Low,0
-0.0181436261365604,-0.2799319620189817,-1.0414329711922958,-1.2260588112551243,0.8088303613464911,0,1,-0.43074605363582674,False,False,False,-0.03492675203135649,0.8990518395837451,1.3905735018133094,-0.9565528453568735,0.025325089633117703,Low,0
0.7065661196889395,0.8600785735014131,-0.005739468162622887,-1.2260588112551243,0.8088303613464911,0,0,-0.36920609793542514,False,True,False,-0.03492675203135649,-0.09718204987468745,-0.9086076523680435,0.34693278774640895,0.1948895423217499,Low,0
-1.0016782811854532,0.005070671861117005,1.7204163702201654,-1.2260588112551243,0.8088303613464911,1,1,-1.4187459736267216,False,False,False,-0.03492675203135649,-0.5500156359921567,1.3905735018133094,1.5107592458743397,0.0413700268189971,Low,0
0.7790370942714895,-1.2299407416193107,-1.3866641388688534,0.07061127535249564,-0.9102564852985486,1,1,-1.4042004005953916,False,True,False,-0.00016750682103653376,0.40093489485452893,0.240982924722633,-1.3134596258494389,0.0863522723106567,Low,0
1.5762178146795394,0.5750759396213144,0.6847228671904925,-1.2260588112551243,0.8088303613464911,1,1,0.4996766513695891,False,True,False,-0.03492675203135649,-0.3462405222392956,1.3905735018133094,0.9288460168103743,0.05254967159126741,Low,0
2.0628086440195177,-0.6599354738591133,-1.0414329711922958,0.8389777938778111,0.8088303613464911,0,0,-0.7903963006678059,True,False,True,-0.01536867744112513,0.8990518395837451,-0.9086076523680435,-1.018623589790363,0.06382228827352703,Low,0
0.1578573121353467,-0.0899302060989159,0.33949169951393476,0.813216358702445,-0.9102564852985486,1,1,-1.5956979836669336,False,False,False,0.09251338553999537,-0.6664585581366489,0.240982924722633,0.2538266710961745,0.11969250802431455,Low,0
-1.1776792194573602,-1.039938985699245,-0.6962018035157382,1.307596613260326,-0.9102564852985486,1,0,-0.22359983963950977,False,False,True,-0.0199023654297936,-0.3462405222392956,-0.9086076523680435,-0.863446728706639,0.08667912616043441,Low,0
-1.5193280996322387,0.38507418370124863,-0.005739468162622887,0.9367689652289426,0.8088303613464911,1,0,1.4250464651486932,True,False,True,-0.028782952246112888,-0.09718204987468745,-0.9086076523680435,0.15296171139175382,0.22881263541970068,Low,0
-0.2562625426220818,1.2400820853415448,-1.7318953065454112,-1.2260588112551243,0.8088303613464911,1,0,-1.178607095705542,False,False,False,-0.03492675203135649,4.883987397417476,-0.9086076523680435,-1.5151895452582802,0.4970061881913228,High,1
0.4684472032034181,-1.039938985699245,-0.35097063583918053,1.5452400700782398,-0.9102564852985486,1,1,0.2919966996828959,False,False,True,-0.022663932027063714,-0.49567560565806046,0.240982924722633,-0.6461991231894253,0.06634038430921403,Low,0
-0.504734455476539,-0.944938107739212,-0.005739468162622887,0.4418440717889574,-0.9102564852985486,1,0,1.0726911564907704,False,True,True,-0.029595223578965837,-0.5952989946039038,-0.9086076523680435,-0.3901573024012805,0.0705636426312969,Low,0
0.19926929761108958,-0.8499372297791791,-0.6962018035157382,0.9160002939171096,-0.9102564852985486,0,0,-1.6845155982512885,False,True,True,0.31499050713902155,-0.3462405222392956,-0.9086076523680435,-0.8168936703815217,0.08221928157874621,Low,0
-1.4468571250496889,0.8600785735014131,0.33949169951393476,1.1773200520823512,-0.9102564852985486,0,0,-0.19924360970199922,True,False,True,-0.020900255048782464,-0.6664585581366489,-0.9086076523680435,0.7193572543473468,0.6485532482681916,High,1
-1.260503190408846,-0.7549363518191462,0.33949169951393476,1.2188055472674906,-0.9102564852985486,1,0,-1.5118479669328795,False,False,False,0.06159589838374732,-0.6664585581366489,-0.9086076523680435,-0.0720447371796461,0.1654725183176931,Low,0
-0.14237958256378896,0.4800750616612815,-1.0414329711922958,-1.2260588112551243,0.8088303613464911,1,0,0.8709838342138384,False,False,False,-0.03492675203135649,0.8990518395837451,-0.9086076523680435,-0.8324113564898942,0.10676461936669679,Low,0
-1.3536801577292674,-0.8499372297791791,-0.35097063583918053,1.1050371784126047,0.8088303613464911,0,0,0.7924111924994016,False,True,False,-0.026650442583508543,0.10206472801699919,-0.9086076523680435,-0.5841283787559356,0.12306316280479203,Low,0
-0.8877953211271603,-0.46993371793904753,0.6847228671904925,-1.2260588112551243,-0.9102564852985486,0,0,-0.4384493187854295,False,False,True,-0.03492675203135649,-0.7198282307862078,-0.9086076523680435,0.33141510163803656,0.1446855201386916,Low,0
-0.9499132993407745,-1.039938985699245,-0.6962018035157382,1.2180713361720754,-0.9102564852985486,0,0,-0.619004930356091,True,False,False,-0.015318920175944873,-0.3462405222392956,-0.9086076523680435,-0.863446728706639,0.20184291574026644,Low,0
0.3959762286208681,1.5250847192216435,-0.35097063583918053,-1.2260588112551243,0.8088303613464911,1,1,-0.7201719443575509,False,True,False,-0.03492675203135649,0.10206472801699919,1.3905735018133094,0.19175592666268484,0.1010716892561367,Low,0
0.2303282867178967,1.9050882310617752,-1.7318953065454112,1.6321004209299168,0.8088303613464911,0,1,-1.3721436962935871,False,False,True,0.035005569916292806,4.883987397417476,1.3905735018133094,-1.5151895452582802,0.35383187996198284,High,1
-0.05955561161230325,-0.7549363518191462,-1.3866641388688534,0.8434715060807307,-0.9102564852985486,1,1,-1.6898344862023795,True,False,False,0.33931462625534836,0.40093489485452893,0.240982924722633,-1.2746654105785078,0.15252542807634267,Low,0
-1.1362672339816173,0.005070671861117005,0.33949169951393476,0.5371523447527067,-0.9102564852985486,1,0,-1.2984404516713854,False,False,False,0.0010063833444203289,-0.6664585581366489,-0.9086076523680435,0.3003797294212917,0.21907737544195235,Low,0
1.1103329780774323,0.005070671861117005,0.33949169951393476,0.8182673907399257,-0.9102564852985486,0,1,-0.7527063962194667,False,False,False,-0.016304308132752306,-0.6664585581366489,0.240982924722633,0.3003797294212917,0.14699258696006054,Low,0
-1.7367410233798888,-0.8499372297791791,1.3751852025436078,-1.2260588112551243,0.8088303613464911,0,0,0.6388484052870776,False,False,False,-0.03492675203135649,-0.49567560565806046,-0.9086076523680435,0.5796980793719951,0.02709291336352258,Low,0
-0.7842653574378031,0.38507418370124863,-0.6962018035157382,-1.2260588112551243,-0.9102564852985486,1,0,-0.2814559587318232,False,True,True,-0.03492675203135649,-0.3462405222392956,-0.9086076523680435,-0.5142987912682597,0.4768366486178376,High,0
-1.291562179515653,-0.3749328399790146,-0.005739468162622887,-1.2260588112551243,0.8088303613464911,1,1,0.10268918538271558,False,True,True,-0.03492675203135649,-0.09718204987468745,1.3905735018133094,-0.15739201077569437,0.016753884578443973,Low,0
-0.40120449178718176,-0.7549363518191462,1.0299540348670502,0.6678937671751769,-0.9102564852985486,1,1,-0.7953904109785437,False,False,False,-0.016894141962361997,-0.7613379761803092,0.240982924722633,0.4090035321798986,0.07554282940610309,Low,0
-0.4736754663697318,-0.5649345958990805,-0.35097063583918053,-1.2260588112551243,0.8088303613464911,0,1,-0.2796044471032787,False,False,False,-0.03492675203135649,0.10206472801699919,1.3905735018133094,-0.49102226210570116,0.017515432894529188,Low,0
-0.1837915680395318,-0.6599354738591133,-1.3866641388688534,0.4433545497967973,-0.9102564852985486,0,1,-1.1004094657670231,False,False,False,-0.011446464786863118,0.40093489485452893,0.240982924722633,-1.2669065675243216,0.06089520317904668,Low,0
0.10609233029066815,-0.8499372297791791,0.6847228671904925,-1.2260588112551243,0.8088303613464911,1,0,-0.4802634806484582,False,False,False,-0.03492675203135649,-0.3462405222392956,-0.9086076523680435,0.1141674961208228,0.021595172140824404,Low,0
-0.1837915680395318,-0.5649345958990805,-0.6962018035157382,-1.2260588112551243,0.8088303613464911,1,0,1.5938908950176376,False,False,False,-0.03492675203135649,0.40093489485452893,-0.9086076523680435,-0.747064082893846,0.025317378916968614,Low,0
-0.06990860798123896,-0.1849310840589488,0.33949169951393476,0.6563691891676463,0.8088303613464911,1,0,0.07826667429411248,False,False,True,-0.025617769804043632,-0.23950117694017783,-0.9086076523680435,0.20727361277105727,0.05732450793206811,Low,1
-1.508975103263303,-0.1849310840589488,1.7204163702201654,0.7395525453619818,0.8088303613464911,1,1,-0.820435441615171,True,False,False,-0.015701901903496948,-0.5500156359921567,1.3905735018133094,1.3555823847906157,0.11406563898434763,Low,0
0.292446264931511,0.005070671861117005,0.6847228671904925,0.23767463753436774,-0.9102564852985486,0,1,-1.6335766149718045,False,True,False,0.08924316035198832,-0.7198282307862078,0.240982924722633,0.6029746085345538,0.15578963325928444,Low,0
-1.0327372702922604,-0.0899302060989159,1.7204163702201654,-1.2260588112551243,0.8088303613464911,1,1,-1.7357732543282618,False,False,False,-0.03492675203135649,-0.5500156359921567,1.3905735018133094,1.4331708153324776,0.1612690039840689,Low,0
0.14750431576641101,0.005070671861117005,1.7204163702201654,-0.4824803444153193,-0.9102564852985486,1,0,0.646785573130404,False,False,True,-0.032125649898226236,-0.8217157876626383,-0.9086076523680435,1.5107592458743397,0.26146541043623167,Low,0
1.0378620034948822,-0.0899302060989159,0.6847228671904925,-1.2260588112551243,0.8088303613464911,0,0,-0.15508396721070491,False,True,True,-0.03492675203135649,-0.3462405222392956,-0.9086076523680435,0.5486627071552502,0.02464856784947979,Low,0
1.4209228691455036,-0.1849310840589488,1.0299540348670502,1.0459384823383864,-0.9102564852985486,0,0,-0.5881151231616782,False,True,True,-0.017188821149854885,-0.7613379761803092,-0.9086076523680435,0.7814279987808365,0.11492296193152392,Low,0
0.34421124677618953,-1.1349398636592778,-1.0414329711922958,0.9345809391157797,-0.9102564852985486,1,1,-0.4884760641169824,False,False,True,-0.019401674433334466,-0.09718204987468745,0.240982924722633,-1.0962120203322252,0.0412959042478896,Low,0
0.6858601269510681,-0.3749328399790146,-0.005739468162622887,0.4307270499622882,-0.9102564852985486,1,0,1.263560987291834,True,False,False,-0.029967359491120258,-0.5952989946039038,-0.9086076523680435,-0.15739201077569437,0.3769559494280134,High,0
0.292446264931511,-0.6599354738591133,-1.7318953065454112,0.19188114991836727,-0.9102564852985486,0,0,1.0439978717587468,True,False,False,-0.030347519617995325,1.8952857290421778,-0.9086076523680435,-1.5151895452582802,0.1808089667085593,Low,0
-1.3433271613603317,3.6151040343423673,0.33949169951393476,-1.2260588112551243,0.8088303613464911,1,1,-0.88392388873361,False,False,False,-0.03492675203135649,-0.23950117694017783,1.3905735018133094,2.0693959457757463,0.03202214209229008,Low,0
0.7790370942714895,-0.7549363518191462,1.3751852025436078,-1.2260588112551243,0.8088303613464911,1,1,0.11139573785096057,False,False,True,-0.03492675203135649,-0.49567560565806046,1.3905735018133094,0.6495276668596709,0.010956223503131043,Low,0
-1.074149255768003,0.2900733057412157,-1.3866641388688534,1.0645931265127857,-0.9102564852985486,1,0,-0.23587929499980395,True,False,False,-0.021232431210546306,0.40093489485452893,-0.9086076523680435,-1.1893181369824597,0.524544793927647,High,1
-1.5193280996322387,-0.46993371793904753,-1.7318953065454112,-0.3435157256205193,-0.9102564852985486,1,1,0.6484924871951179,False,True,True,-0.03160453866038073,1.8952857290421778,0.240982924722633,-1.5151895452582802,0.07310575894877559,Low,0
1.0689209926016894,0.005070671861117005,1.0299540348670502,0.851079114444552,-0.9102564852985486,1,1,-0.21010918345504137,True,False,False,-0.022718126567439056,-0.7613379761803092,0.240982924722633,0.9055694876478156,0.2830410421945764,Low,0
1.2863339163493395,-0.2799319620189817,-1.0414329711922958,0.5388255884034742,0.8088303613464911,0,1,-0.48922940172637325,True,False,True,-0.02223769721918092,0.8990518395837451,1.3905735018133094,-0.9565528453568735,0.08214063431151636,Low,0
0.654801137844261,0.6700768175813473,-1.3866641388688534,-1.2260588112551243,-0.9102564852985486,1,0,0.9146271814229388,False,False,True,-0.03492675203135649,0.40093489485452893,-0.9086076523680435,-1.1582827647657148,0.5776050832730357,High,1
-0.8567363320203532,-0.2799319620189817,1.7204163702201654,1.2396739004967379,-0.9102564852985486,1,1,-0.7961938082994174,False,True,False,-0.011430142839972667,-0.8217157876626383,0.240982924722633,1.2779939542487535,0.08535832997464078,Low,1
0.5512711741549038,-1.1349398636592778,-0.005739468162622887,1.133631121019038,-0.9102564852985486,1,0,-0.6165800867705965,True,False,True,-0.016037211674383867,-0.5952989946039038,-0.9086076523680435,-0.46774573294314253,0.17647591348817854,Low,1
0.7065661196889395,2.095089986981841,-0.005739468162622887,-1.2260588112551243,0.8088303613464911,0,1,-1.2314057885454157,False,False,True,-0.03492675203135649,-0.09718204987468745,1.3905735018133094,0.8512575862685122,0.0434442879271148,Low,0
1.835042723902932,0.2900733057412157,1.7204163702201654,-1.2260588112551243,-0.9102564852985486,1,1,1.5059832508681505,False,True,True,-0.03492675203135649,-0.8217157876626383,0.240982924722633,1.7435245374999258,0.16624164540906214,Low,0
-0.37014550268037466,-0.6599354738591133,0.6847228671904925,0.25391813503971705,-0.9102564852985486,1,1,-1.6914824449274373,False,False,True,0.24187969542489,-0.7198282307862078,0.240982924722633,0.22279129887942967,0.04366428615337895,Low,0
-0.30802752446676035,0.6700768175813473,0.33949169951393476,1.0385084073089617,-0.9102564852985486,0,0,-1.1363730950775666,True,False,True,-0.001176534606162846,-0.6664585581366489,-0.9086076523680435,0.6262511376971123,0.7144072034638738,High,1
-0.29767452809782463,-1.5149433754994095,1.0299540348670502,-1.2260588112551243,0.8088303613464911,1,1,0.5522018472491659,False,True,False,-0.03492675203135649,-0.42926001302749833,1.3905735018133094,-0.08756242328801851,0.022656389872023067,Low,0
-0.6393234082727032,-1.039938985699245,0.6847228671904925,-1.2260588112551243,0.8088303613464911,1,0,0.9055252095612022,False,False,True,-0.03492675203135649,-0.3462405222392956,-0.9086076523680435,0.005543693362215941,0.014718863457533454,Low,0
1.0689209926016894,0.7650776955413803,-1.3866641388688534,1.7517766689642442,-0.9102564852985486,1,0,-1.2609462510428509,False,False,False,0.021005396977951483,0.40093489485452893,-0.9086076523680435,-1.1505239217115286,0.8218568175629082,High,0
-1.0534432630301316,-0.2799319620189817,0.33949169951393476,1.0119265626651504,-0.9102564852985486,0,0,-0.27467295503791517,True,False,True,-0.02119296723847908,-0.6664585581366489,-0.9086076523680435,0.16072055444594002,0.22308451595621323,Low,1
-1.6642700487973388,-0.5649345958990805,-1.3866641388688534,-1.2260588112551243,0.8088303613464911,1,1,-0.3303240048878301,False,False,True,-0.03492675203135649,1.8952857290421778,1.3905735018133094,-1.2591477244701355,0.009149963001858472,Low,0
-0.08026160435017468,-0.8499372297791791,-0.005739468162622887,0.2899373371240091,-0.9102564852985486,1,1,1.1491684417102752,False,False,True,-0.030209094649658583,-0.5952989946039038,0.240982924722633,-0.35136308713034947,0.03908547964049954,Low,0
-1.0637962593990673,-0.0899302060989159,-1.7318953065454112,1.6320760221353163,0.8088303613464911,1,0,-1.0691512749118017,False,True,True,0.0033985223888079994,4.883987397417476,-0.9086076523680435,-1.5151895452582802,0.09567396819008095,Low,0
0.002562366601311024,0.6700768175813473,-0.35097063583918053,0.21448213860102808,-0.9102564852985486,1,0,0.9888931181330995,False,True,False,-0.03018057146191676,-0.49567560565806046,-0.9086076523680435,-0.08756242328801851,0.56921655173094,High,1
0.2820932685625753,1.5250847192216435,-0.005739468162622887,-1.2260588112551243,-0.9102564852985486,0,1,1.6930176705340214,False,False,False,-0.03492675203135649,-0.5952989946039038,0.240982924722633,0.6184922946429261,0.6719706635888462,High,1
-2.5235687474190027,-0.1849310840589488,-1.3866641388688534,-1.2260588112551243,-0.9102564852985486,1,1,-0.8820572022099471,False,True,True,-0.03492675203135649,0.40093489485452893,0.240982924722633,-1.2281123522533905,0.58049841946136,High,1
0.33385825040725386,-0.8499372297791791,-1.3866641388688534,0.5919274781126675,-0.9102564852985486,1,1,-0.6051781589659507,False,True,True,-0.020519879279468967,0.40093489485452893,0.240982924722633,-1.282424253632694,0.05343200797281874,Low,0
-0.22520355351527466,0.5750759396213144,0.6847228671904925,0.8577650262386585,2.5279172079915306,1,0,-1.5787692544056644,True,False,False,0.08158557989701452,0.027347186307616678,-0.9086076523680435,0.9288460168103743,0.962634245232622,High,1
0.8825670579608467,-1.1349398636592778,-0.005739468162622887,-0.39902394644719685,-0.9102564852985486,0,1,1.611695233169655,False,False,True,-0.032708294959246834,-0.5952989946039038,0.240982924722633,-0.46774573294314253,0.218015528848436,Low,0
-1.1673262230884245,-0.7549363518191462,-1.7318953065454112,-1.2260588112551243,0.8088303613464911,0,0,1.390558463570367,False,True,False,-0.03492675203135649,4.883987397417476,-0.9086076523680435,-1.5151895452582802,0.03962206607685951,Low,0
0.04397435207705388,-0.1849310840589488,1.3751852025436078,0.721707234887426,-0.9102564852985486,1,1,1.404299243888169,True,False,True,-0.029357350405536806,-0.7945457724955903,0.240982924722633,1.068505191785726,0.23176033724295003,Low,0
0.903273050698718,-0.5649345958990805,-0.6962018035157382,0.7344228593155911,0.8088303613464911,0,1,-1.2534676441106354,False,True,False,0.0013300728284283548,0.40093489485452893,1.3905735018133094,-0.747064082893846,0.06787654082767995,Low,0
-0.6496764046416389,1.9050882310617752,-0.35097063583918053,-1.2260588112551243,0.8088303613464911,1,1,-1.261005904078834,False,True,True,-0.03492675203135649,0.10206472801699919,1.3905735018133094,0.3158974155296641,0.05029541619798528,Low,0
0.8825670579608467,1.7150864751417092,1.3751852025436078,0.30360740387253715,-0.9102564852985486,1,0,-1.2435804150325347,True,False,True,-0.007201315667717369,-0.7945457724955903,-0.9086076523680435,2.465096941539243,0.9473227907619908,High,1
-0.2873215317288889,0.10007154982114991,-0.005739468162622887,0.6807161363297198,-0.9102564852985486,1,0,1.6245263919007535,False,False,True,-0.029831484332736566,-0.5952989946039038,-0.9086076523680435,0.03657906557896076,0.12790025063771196,Low,0
-1.0534432630301316,0.5750759396213144,0.33949169951393476,0.7682365387826973,-0.9102564852985486,1,1,0.81354354213259,True,False,True,-0.027904824367365154,-0.6664585581366489,0.240982924722633,0.5796980793719951,0.5123768380987644,High,0
-0.21485055714633894,-0.7549363518191462,-1.7318953065454112,-1.2260588112551243,0.8088303613464911,1,1,-1.1382160599261018,False,False,True,-0.03492675203135649,4.883987397417476,1.3905735018133094,-1.5151895452582802,0.03325169165158846,Low,0
-1.6228580633215959,-0.3749328399790146,1.3751852025436078,0.5834177564221662,0.8088303613464911,1,0,1.4655477369478453,False,False,False,-0.0298516458522498,-0.49567560565806046,-0.9086076523680435,0.9288460168103743,0.08262410573728377,Low,0
0.20962229398002527,-0.2799319620189817,-1.0414329711922958,0.6471148226866702,-0.9102564852985486,0,0,1.630360179741384,True,False,True,-0.029929938673458594,-0.09718204987468745,-0.9086076523680435,-0.9565528453568735,0.2531830849594738,Low,0
1.3898638800386967,-0.0899302060989159,-1.3866641388688534,-1.2260588112551243,-0.9102564852985486,1,0,0.6145664800084234,False,False,False,-0.03492675203135649,0.40093489485452893,-0.9086076523680435,-1.2203535091992044,0.3471689521835625,Medium,1
0.758331101533618,-0.944938107739212,-0.35097063583918053,-1.2260588112551243,-0.9102564852985486,1,0,-1.5828647318468534,False,False,True,-0.03492675203135649,-0.49567560565806046,-0.9086076523680435,-0.6151637509726804,0.13947792807209197,Low,0
-1.2294442013020388,0.2900733057412157,-1.3866641388688534,1.3265801596066766,-0.9102564852985486,1,0,0.021839960552333244,False,False,True,-0.021899049827440446,0.40093489485452893,-0.9086076523680435,-1.1893181369824597,0.19235780316009235,Low,1
0.9964500180191395,-0.944938107739212,0.6847228671904925,0.6636652313451533,-0.9102564852985486,1,1,1.3198239168207815,True,False,True,-0.02937411475140355,-0.7198282307862078,0.240982924722633,0.05985559474151937,0.1348441898629591,Low,0
-0.5461464409522817,0.38507418370124863,-0.005739468162622887,-1.2260588112551243,2.5279172079915306,1,1,0.01730127151923375,False,False,False,-0.03492675203135649,0.40093489485452893,2.540164078903986,0.15296171139175382,0.8542156544443074,High,1
-0.03884961887443183,-0.3749328399790146,-0.6962018035157382,1.8624428595003721,-0.9102564852985486,1,1,-1.0393151635956779,True,False,True,0.004722933219500759,-0.3462405222392956,0.240982924722633,-0.7005110245687287,0.07127249997723392,Low,0
-0.6289704119037675,0.38507418370124863,1.0299540348670502,-1.2260588112551243,0.8088303613464911,1,1,0.7656780855988977,False,False,True,-0.03492675203135649,-0.42926001302749833,1.3905735018133094,1.1538524653817743,0.032328297093712995,Low,0
0.6444481414753253,-0.0899302060989159,0.6847228671904925,1.095136885948255,-0.9102564852985486,1,1,-0.752403596013423,True,False,False,-0.013788698245090426,-0.7198282307862078,0.240982924722633,0.5486627071552502,0.20448646845554638,Low,1
1.4519818582523107,-0.2799319620189817,0.33949169951393476,0.5584075472910818,-0.9102564852985486,1,1,1.5739871886168066,False,False,True,-0.030085586385679996,-0.6664585581366489,0.240982924722633,0.16072055444594002,0.08399533836780221,Low,0
-0.31838052083569607,-0.944938107739212,-1.3866641388688534,1.0009771220329746,0.8088303613464911,0,0,0.9588056617150694,False,False,False,-0.027507474907120844,1.8952857290421778,-0.9086076523680435,-1.2901830966868804,0.044717553713351677,Low,0
-0.14237958256378896,-0.8499372297791791,-1.3866641388688534,0.7352435898208074,-0.9102564852985486,1,0,0.049460537181149684,True,False,True,-0.025071548713955227,0.40093489485452893,-0.9086076523680435,-1.282424253632694,0.15158934787652728,Low,1
-1.1052082448748102,-0.6599354738591133,1.3751852025436078,0.5513354282613895,-0.9102564852985486,1,1,-1.485590688927587,False,False,False,0.027989105874769306,-0.7945457724955903,0.240982924722633,0.7193572543473468,0.08801755826743492,Low,0
-0.14237958256378896,0.10007154982114991,0.33949169951393476,-1.2260588112551243,0.8088303613464911,1,1,1.4281806914749593,False,True,False,-0.03492675203135649,-0.23950117694017783,1.3905735018133094,0.34693278774640895,0.04262271591405738,Low,0
0.07503334118386101,0.2900733057412157,1.0299540348670502,0.4252087489045287,-0.9102564852985486,0,1,0.07035811200020478,False,False,True,-0.0267252228033975,-0.7613379761803092,0.240982924722633,1.0917817209482845,0.0951289489388072,Low,1
0.654801137844261,1.1450812073815118,-0.35097063583918053,0.19146091278504893,2.5279172079915306,0,0,-1.6372888827052299,False,False,False,0.08968827823713856,0.6998050616920587,-0.9086076523680435,0.06761443779570558,0.9577271827052616,High,1
-0.09061460071911039,-0.5649345958990805,-0.35097063583918053,0.1320445508258661,0.8088303613464911,0,1,-0.6919637329970751,False,False,False,-0.023272679309584716,0.10206472801699919,1.3905735018133094,-0.49102226210570116,0.0366355214178938,Low,0
-0.39085149541824604,0.38507418370124863,-0.35097063583918053,1.0321408034733617,-0.9102564852985486,0,1,-1.3883588566361214,True,False,False,0.02287714911161591,-0.49567560565806046,0.240982924722633,-0.18066853993825296,0.5058610372751763,High,0
0.34421124677618953,-0.6599354738591133,-0.6962018035157382,0.4213434661809602,0.8088303613464911,1,1,0.48320107587289457,True,False,True,-0.02826417032820707,0.40093489485452893,1.3905735018133094,-0.7703406120564046,0.03816125229632585,Low,0
0.5202121850480966,0.8600785735014131,-1.3866641388688534,0.2518769832493142,-0.9102564852985486,1,1,0.5976039124752803,True,False,False,-0.029242125652848703,0.40093489485452893,0.240982924722633,-1.1427650786573424,0.7100242411550461,High,0
-0.37014550268037466,-0.8499372297791791,1.3751852025436078,-1.2260588112551243,-0.9102564852985486,1,0,-0.2159891936773547,False,False,False,-0.03492675203135649,-0.7945457724955903,-0.9086076523680435,0.5796980793719951,0.18485831537116026,Low,0
-0.5357934445833461,0.005070671861117005,-1.0414329711922958,1.8073677172778555,0.8088303613464911,0,1,1.3327967079063197,True,False,True,-0.026051172289240986,0.8990518395837451,1.3905735018133094,-0.9099997870317562,0.05127337755539634,Low,0
-1.0016782811854532,-1.2299407416193107,0.6847228671904925,0.26045155436756984,0.8088303613464911,1,0,1.621775549706333,False,False,False,-0.03095126094541549,-0.3462405222392956,-0.9086076523680435,-0.10308010939639092,0.037935239874600936,Low,0
-0.6393234082727032,-1.894946887339541,1.3751852025436078,0.11419121443203391,-0.9102564852985486,1,1,0.7551079862404627,True,False,False,-0.03009718241238548,-0.7945457724955903,0.240982924722633,-0.1884273829924392,0.08305179460338223,Low,1
0.02326835933918245,0.38507418370124863,-1.7318953065454112,-1.2260588112551243,0.8088303613464911,1,0,-1.2535550305756282,False,False,True,-0.03492675203135649,4.883987397417476,-0.9086076523680435,-1.5151895452582802,0.10833270392203995,Low,0
-0.1837915680395318,-0.5649345958990805,-0.35097063583918053,0.9866455590176765,0.8088303613464911,1,0,-0.024099854118039787,False,True,True,-0.023331524744977246,0.10206472801699919,-0.9086076523680435,-0.49102226210570116,0.04847277952840546,Low,0
1.1517449635531751,-1.039938985699245,-0.6962018035157382,0.782922365874861,0.8088303613464911,1,1,0.10976871001572162,True,False,True,-0.025161173076162266,0.40093489485452893,1.3905735018133094,-0.863446728706639,0.06098386974525699,Low,0
0.9550380325433966,0.005070671861117005,-0.6962018035157382,0.695278043228254,-0.9102564852985486,0,1,-1.2836684761818495,True,False,True,0.0029601091358926594,-0.3462405222392956,0.240982924722633,-0.6074049079184942,0.36192127100387894,High,0
0.654801137844261,0.5750759396213144,-1.7318953065454112,0.7755007983198693,-0.9102564852985486,0,1,1.5255712496808829,False,True,True,-0.02941610428278784,1.8952857290421778,0.240982924722633,-1.5151895452582802,0.1870619621484121,Low,0
1.8246897275339964,2.000089109021808,-1.0414329711922958,-1.2260588112551243,0.8088303613464911,0,1,-0.6822594747808063,False,False,False,-0.03492675203135649,0.8990518395837451,1.3905735018133094,-0.5841283787559356,0.05804837181614545,Low,0
-0.5772054300590889,-0.3749328399790146,1.0299540348670502,-1.2260588112551243,-0.9102564852985486,1,0,0.004970709902965507,False,True,True,-0.03492675203135649,-0.7613379761803092,-0.9086076523680435,0.6572865099138572,0.19357787949951558,Low,1
0.12679832302853958,-0.2799319620189817,1.7204163702201654,-1.2260588112551243,0.8088303613464911,1,0,0.6387189826183652,False,False,True,-0.03492675203135649,-0.5500156359921567,-0.9086076523680435,1.2779939542487535,0.018455210074355,Low,0
-1.1052082448748102,-0.1849310840589488,-1.0414329711922958,-1.2260588112551243,0.8088303613464911,0,0,0.6163485708524021,False,True,True,-0.03492675203135649,0.8990518395837451,-0.9086076523680435,-0.941035159248501,0.023398117732046145,Low,0
1.2863339163493395,-0.6599354738591133,1.0299540348670502,0.7269560255758799,-0.9102564852985486,0,1,0.45642558392050764,True,False,True,-0.02693187550071703,-0.7613379761803092,0.240982924722633,0.47107427661338824,0.150179573680376,Low,0
0.5305651814170323,-0.2799319620189817,-1.0414329711922958,0.4636360478085458,0.8088303613464911,1,1,-0.8166699745367898,True,False,False,-0.018467959035393788,0.8990518395837451,1.3905735018133094,-0.9565528453568735,0.13070468541506092,Low,0
-0.7014413864863175,0.2900733057412157,-0.35097063583918053,-1.2260588112551243,0.8088303613464911,1,0,-1.4353558556664197,False,False,False,-0.03492675203135649,0.10206472801699919,-0.9086076523680435,-0.2117039121549978,0.04456669778329405,Low,0
0.19926929761108958,0.2900733057412157,0.33949169951393476,0.5771024815802492,-0.9102564852985486,1,1,-0.5934596514527972,False,False,False,-0.020783468189110456,-0.6664585581366489,0.240982924722633,0.4400389043966434,0.13265188482918228,Low,0
-1.291562179515653,0.955079451461446,-1.0414329711922958,-1.2260588112551243,-0.9102564852985486,1,0,0.25830215325277966,False,True,True,-0.03492675203135649,-0.09718204987468745,-0.9086076523680435,-0.7548229259480321,0.7376390482296872,High,1
1.3173929054561466,-0.1849310840589488,-0.6962018035157382,1.0501524109953266,-0.9102564852985486,0,1,1.390003446142008,False,False,True,-0.028388470018193224,-0.3462405222392956,0.240982924722633,-0.6539579662436115,0.09323391517745153,Low,0
-0.3804984990493104,-0.0899302060989159,-1.0414329711922958,0.6399494424749849,-0.9102564852985486,1,0,0.09436531934998889,False,False,True,-0.025779973107577275,-0.09718204987468745,-0.9086076523680435,-0.9255174731401287,0.10710771736770343,Low,0
-0.9292073066029032,-0.6599354738591133,0.33949169951393476,1.4517825740996542,-0.9102564852985486,1,0,0.6928328330351802,True,False,True,-0.02503013968631275,-0.6664585581366489,-0.9086076523680435,-0.02549167885452888,0.14666971262600229,Low,0
-0.9809722884475817,-0.46993371793904753,1.0299540348670502,1.40254307778309,-0.9102564852985486,1,1,0.07446597355120309,False,False,True,-0.02190055566811313,-0.7613379761803092,0.240982924722633,0.5952157654803675,0.08260024783069031,Low,0
0.33385825040725386,-0.944938107739212,1.3751852025436078,-1.2260588112551243,0.8088303613464911,1,1,-0.8874858029085044,False,False,False,-0.03492675203135649,-0.49567560565806046,1.3905735018133094,0.5098684918843193,0.01519374372258455,Low,0
0.48915319594128953,1.5250847192216435,1.0299540348670502,1.262924828122411,0.8088303613464911,1,1,0.7823526789729519,True,False,True,-0.026054633607679265,-0.42926001302749833,1.3905735018133094,1.8987013985836498,0.17052062667683351,Low,0
0.12679832302853958,2.665095254742038,1.3751852025436078,-1.2260588112551243,2.5279172079915306,1,1,-0.47813201836858904,False,False,True,-0.03492675203135649,-0.1968054388205307,2.540164078903986,3.1633928164160015,0.6086837581292059,High,0
-1.8920359689139243,-1.2299407416193107,-1.3866641388688534,0.8870573843405337,-0.9102564852985486,1,0,-0.6156237195299645,False,True,True,-0.018025451579224954,0.40093489485452893,-0.9086076523680435,-1.3134596258494389,0.07910785486413038,Low,0
-0.6186174155348317,-0.2799319620189817,0.6847228671904925,0.9444194320017001,-0.9102564852985486,1,1,0.38882753101025197,False,True,True,-0.025759471426291692,-0.7198282307862078,0.240982924722633,0.4400389043966434,0.06678525414575787,Low,0
-2.2854498309334814,0.955079451461446,-0.6962018035157382,0.9748916002372231,-0.9102564852985486,1,0,0.8160613537536954,True,False,True,-0.02718482542468519,-0.3462405222392956,-0.9086076523680435,-0.3746396162929081,0.7447986293962441,High,1
0.10609233029066815,0.1950724277811828,-1.3866641388688534,-1.2260588112551243,0.8088303613464911,0,1,0.5506545312193194,False,False,False,-0.03492675203135649,1.8952857290421778,1.3905735018133094,-1.1970769800366459,0.04543450202292262,Low,0
-1.5503870887390458,0.4800750616612815,-0.35097063583918053,1.0541220306694903,0.8088303613464911,0,1,-0.43240273356497544,False,False,True,-0.01924555900043176,0.10206472801699919,1.3905735018133094,-0.14963316772150814,0.10791064666408087,Low,0
0.975744025281268,-0.2799319620189817,1.3751852025436078,-1.2260588112551243,-0.9102564852985486,1,0,-1.397583971899624,False,False,False,-0.03492675203135649,-0.7945457724955903,-0.9086076523680435,0.9986756042980501,0.27682247653322034,Low,1
0.1578573121353467,-1.1349398636592778,-1.3866641388688534,0.14196250031262453,-0.9102564852985486,0,1,-0.6143106550420058,False,False,False,-0.02399769929140503,0.40093489485452893,0.240982924722633,-1.3057007827952527,0.05718126234204709,Low,0
0.36491723951406096,0.5750759396213144,-0.6962018035157382,-0.03381058946811988,2.5279172079915306,1,0,-0.607402763705513,False,True,True,-0.025460058233277863,1.1481103119483533,-0.9086076523680435,-0.46774573294314253,0.8928200897606564,High,1
0.10609233029066815,0.4800750616612815,-1.3866641388688534,1.0394434269046755,-0.9102564852985486,1,0,1.5700254944463752,True,False,True,-0.028773203486098416,0.40093489485452893,-0.9086076523680435,-1.1738004508740871,0.6309281706554665,High,1
-0.44261647726292463,0.2900733057412157,1.0299540348670502,0.8830042951058946,0.8088303613464911,1,0,-0.49802822453390216,True,False,True,-0.019655675993467375,-0.42926001302749833,-0.9086076523680435,1.0917817209482845,0.13217108734710942,Low,0
0.5616241705238395,0.10007154982114991,-0.6962018035157382,0.2649950272700039,-0.9102564852985486,1,1,0.17034043763792714,True,False,False,-0.027908665333527247,-0.3462405222392956,0.240982924722633,-0.5841283787559356,0.3471758020036184,Medium,0
1.1310389708153037,0.38507418370124863,1.0299540348670502,0.7308463491675914,-0.9102564852985486,1,0,1.6322870425732756,False,False,True,-0.029709562455065994,-0.7613379761803092,-0.9086076523680435,1.1538524653817743,0.20645793641263235,Low,0
0.48915319594128953,-0.2799319620189817,0.6847228671904925,0.7204452393403871,-0.9102564852985486,1,1,-1.5060286562910399,True,False,False,0.04000569160107559,-0.7198282307862078,0.240982924722633,0.4400389043966434,0.2633936775585915,Low,0
-1.8092119979624388,-0.1849310840589488,-0.35097063583918053,-1.2260588112551243,-0.9102564852985486,1,1,-0.766680555958747,False,False,True,-0.03492675203135649,-0.49567560565806046,0.240982924722633,-0.36688077323872187,0.14049151910560193,Low,1
1.772924745689318,-0.6599354738591133,1.0299540348670502,0.641701019097891,-0.9102564852985486,1,0,0.15815988073202625,False,False,True,-0.026079160245797137,-0.7613379761803092,-0.9086076523680435,0.47107427661338824,0.08701673775776787,Low,0
2.0628086440195177,0.2900733057412157,1.0299540348670502,-1.2260588112551243,-0.9102564852985486,1,0,-1.3971050033709398,False,False,False,-0.03492675203135649,-0.7613379761803092,-0.9086076523680435,1.0917817209482845,0.39665525230415755,High,1
0.975744025281268,-0.5649345958990805,-1.3866641388688534,-1.2260588112551243,0.8088303613464911,1,1,1.3029513521138594,False,False,False,-0.03492675203135649,1.8952857290421778,1.3905735018133094,-1.2591477244701355,0.01592397689175875,Low,0
-0.7428533719620604,-0.0899302060989159,-0.35097063583918053,1.594881022877015,-0.9102564852985486,1,1,1.6291163616139088,False,False,False,-0.027398931770509942,-0.49567560565806046,0.240982924722633,-0.3358454010219771,0.09291738626585261,Low,0
1.0585679962327537,-0.0899302060989159,1.3751852025436078,1.210075915388813,-0.9102564852985486,1,1,1.4145649732238237,True,False,False,-0.027983590979440615,-0.7945457724955903,0.240982924722633,1.1383347792734018,0.2160128841653013,Low,0
0.16821030850428242,-1.1349398636592778,0.6847228671904925,1.2910579224439864,-0.9102564852985486,1,1,0.8663954343174195,False,False,True,-0.026243715557249914,-0.7198282307862078,0.240982924722633,-0.04876820801708749,0.044329012087253046,Low,0
-0.13202658619485325,0.8600785735014131,1.7204163702201654,0.994440652855797,-0.9102564852985486,1,1,-0.9079065022878573,False,False,False,-0.010924684451261013,-0.8217157876626383,0.240982924722633,2.2090551207510982,0.32519132364100456,Medium,0
0.8204490797472324,2.1900908649418738,-1.0414329711922958,-1.2260588112551243,0.8088303613464911,1,1,1.1016326466912276,False,True,False,-0.03492675203135649,0.8990518395837451,1.3905735018133094,-0.5530930065391908,0.09513158562654556,Low,0
1.1103329780774323,-0.3749328399790146,-0.005739468162622887,-1.2260588112551243,0.8088303613464911,0,0,0.011070668892457109,False,True,False,-0.03492675203135649,-0.09718204987468745,-0.9086076523680435,-0.15739201077569437,0.0328231656849243,Low,0
-1.0534432630301316,-0.944938107739212,1.0299540348670502,-1.2260588112551243,0.8088303613464911,1,1,1.566810160922062,False,False,False,-0.03492675203135649,-0.42926001302749833,1.3905735018133094,0.2848620433129193,0.022611128878792235,Low,0
0.5926831596306467,-0.6599354738591133,1.7204163702201654,0.16425609628699472,0.8088303613464911,1,1,1.2628032890803975,False,False,True,-0.030763958484651382,-0.5500156359921567,1.3905735018133094,0.9676402320813053,0.012061458245916378,Low,0
-0.8567363320203532,-0.7549363518191462,-1.3866641388688534,-0.237391723839741,0.8088303613464911,1,1,-0.6616633047751402,True,False,False,-0.02668135430249581,1.8952857290421778,1.3905735018133094,-1.2746654105785078,0.04343279406129209,Low,0
-1.3640331540982031,0.8600785735014131,1.7204163702201654,-0.08503024058858544,-0.9102564852985486,1,0,0.6667916664672653,False,False,True,-0.030664168760507253,-0.8217157876626383,-0.9086076523680435,2.2090551207510982,0.5354332036635624,High,0
-0.20449756077740325,-0.944938107739212,-1.0414329711922958,0.32877877346269413,0.8088303613464911,1,1,-1.188132569237943,True,False,False,-0.009578915045537798,0.8990518395837451,1.3905735018133094,-1.0651766481154803,0.07236353509750416,Low,0
1.0999799817084965,-0.6599354738591133,1.3751852025436078,-1.2260588112551243,0.8088303613464911,1,0,0.2829184494962877,False,False,True,-0.03492675203135649,-0.49567560565806046,-0.9086076523680435,0.7193572543473468,0.01804510819633085,Low,0
0.8618610652229752,-0.8499372297791791,-0.6962018035157382,-1.2260588112551243,0.8088303613464911,1,0,0.13795965339209687,False,False,True,-0.03492675203135649,0.40093489485452893,-0.9086076523680435,-0.8168936703815217,0.017094504284256073,Low,0
0.2820932685625753,-0.7549363518191462,-1.0414329711922958,-1.2260588112551243,0.8088303613464911,1,1,-0.7138747117315183,False,False,True,-0.03492675203135649,0.8990518395837451,1.3905735018133094,-1.0341412758987354,0.01093309196481565,Low,0
1.1517449635531751,1.6200855971816763,1.7204163702201654,0.383312647689203,2.5279172079915306,1,1,-0.39399594614034633,True,False,True,-0.024174747686734412,-0.27831548432167524,2.540164078903986,2.8297625650859946,0.9592207020612534,High,1
0.09573933392173244,2.095089986981841,-0.005739468162622887,1.276922191859035,-0.9102564852985486,1,1,1.0222573053522443,False,True,False,-0.026779751894294018,-0.5952989946039038,0.240982924722633,0.8512575862685122,0.2163557045787275,Low,0
0.8204490797472324,-1.1349398636592778,0.6847228671904925,-1.2260588112551243,0.8088303613464911,1,0,0.7738964250621221,False,False,False,-0.03492675203135649,-0.3462405222392956,-0.9086076523680435,-0.04876820801708749,0.028170666796620343,Low,0
-0.05955561161230325,0.8600785735014131,0.6847228671904925,0.22843584133678807,-0.9102564852985486,1,1,0.8618000574577277,False,False,False,-0.029900469251644017,-0.7198282307862078,0.240982924722633,1.0917817209482845,0.3726665817566536,High,0
0.09573933392173244,-0.7549363518191462,1.3751852025436078,0.7834668442385796,0.8088303613464911,1,1,0.7002013783717654,True,False,True,-0.027522492718467226,-0.49567560565806046,1.3905735018133094,0.6495276668596709,0.047807583358998346,Low,0
-0.8877953211271603,0.10007154982114991,-1.3866641388688534,0.21852174429128268,0.8088303613464911,0,1,0.3724557378422417,True,False,False,-0.028778092694458336,1.8952857290421778,1.3905735018133094,-1.204835823090832,0.17663333632343825,Low,0
0.36491723951406096,-0.46993371793904753,-0.6962018035157382,0.7639118524397409,0.8088303613464911,1,0,0.8383487396567114,False,False,False,-0.027987471988805725,0.40093489485452893,-0.9086076523680435,-0.7237875537312873,0.0643740389058319,Low,0
0.9239790434365894,0.4800750616612815,1.3751852025436078,-1.2260588112551243,-0.9102564852985486,0,1,-0.055864746930955354,False,False,True,-0.03492675203135649,-0.7945457724955903,0.240982924722633,1.557312304199457,0.2954621056446884,Low,1
0.7272721124268109,-0.5649345958990805,-0.005739468162622887,-1.2260588112551243,0.8088303613464911,0,1,0.31215087906522415,False,True,True,-0.03492675203135649,-0.09718204987468745,1.3905735018133094,-0.2349804413175564,0.013831046290716463,Low,0
-0.4840284627386675,3.04509876658217,-1.0414329711922958,-1.2260588112551243,0.8088303613464911,1,1,-0.8760273617013481,False,False,False,-0.03492675203135649,0.8990518395837451,1.3905735018133094,-0.4134338315638391,0.0324106666993577,Low,0
-1.1569732267194888,0.7650776955413803,-1.0414329711922958,0.8171161528789026,0.8088303613464911,1,1,1.172105731742161,False,False,False,-0.028618645156038385,0.8990518395837451,1.3905735018133094,-0.7858582981647769,0.3210149040438471,Medium,1
1.120685974446368,-0.0899302060989159,-1.3866641388688534,-1.2260588112551243,0.8088303613464911,1,0,-1.377120364196143,False,True,True,-0.03492675203135649,1.8952857290421778,-0.9086076523680435,-1.2203535091992044,0.026304559929974422,Low,0
-0.8670893283892889,0.1950724277811828,-1.7318953065454112,0.9309694359597345,-0.9102564852985486,1,1,0.10493576755658764,True,False,True,-0.024414048472020767,1.8952857290421778,0.240982924722633,-1.5151895452582802,0.2401753434292721,Low,0
0.9446850361744609,-0.7549363518191462,-0.35097063583918053,0.4632222314106488,-0.9102564852985486,1,1,-1.3959258965778205,False,False,True,0.009266583971195183,-0.49567560565806046,0.240982924722633,-0.5530930065391908,0.07589805319303886,Low,0
0.3752702358829967,3.140099644542203,1.3751852025436078,-1.2260588112551243,-0.9102564852985486,0,1,-0.5215526260252021,False,False,False,-0.03492675203135649,-0.7945457724955903,0.240982924722633,3.5125407538543807,0.03746263958105154,Low,0
-0.3804984990493104,-0.46993371793904753,-0.005739468162622887,-1.2260588112551243,0.8088303613464911,1,0,1.4971007045013467,False,False,False,-0.03492675203135649,-0.09718204987468745,-0.9086076523680435,-0.1961862260466254,0.03258426712576932,Low,0
1.835042723902932,0.7650776955413803,-1.3866641388688534,0.5376661641047892,0.8088303613464911,1,0,-0.2811604843372161,False,True,True,-0.024055201105667966,1.8952857290421778,-0.9086076523680435,-1.1505239217115286,0.22117656333718716,Low,1
1.1724509562910466,0.005070671861117005,1.3751852025436078,0.9945767724467268,-0.9102564852985486,1,0,-0.8661528655812206,True,False,False,-0.012070732521273702,-0.7945457724955903,-0.9086076523680435,1.2081643667610777,0.43903525161791734,High,1
-0.16308557530166037,0.6700768175813473,1.0299540348670502,-1.2260588112551243,0.8088303613464911,1,1,-0.6801083025796911,False,True,True,-0.03492675203135649,-0.42926001302749833,1.3905735018133094,1.340064698682243,0.04563972764795629,Low,0
-1.0845022521369387,-0.8499372297791791,-0.005739468162622887,-1.2260588112551243,0.8088303613464911,0,1,1.7235240935965888,False,False,False,-0.03492675203135649,-0.09718204987468745,1.3905735018133094,-0.35136308713034947,0.03509173697778806,Low,0
-1.726388027010953,-0.3749328399790146,0.6847228671904925,0.9227720830474747,-0.9102564852985486,1,1,-1.2636102300445238,False,True,False,0.0056602681777910705,-0.7198282307862078,0.240982924722633,0.38572700301734,0.09734916685942283,Low,0
0.7272721124268109,-0.2799319620189817,-1.3866641388688534,1.2648146110752585,0.8088303613464911,1,1,-0.8734711767822414,False,False,True,-0.009072658002977371,1.8952857290421778,1.3905735018133094,-1.2358711953075767,0.0360159507369661,Low,0
-0.4322634808939889,0.10007154982114991,1.7204163702201654,0.9792995956222693,0.8088303613464911,1,0,1.2277956781623225,True,False,False,-0.02824570493874029,-0.5500156359921567,-0.9086076523680435,1.5883476764162017,0.231357823474529,Low,0
0.34421124677618953,0.8600785735014131,1.7204163702201654,0.8026434942027233,-0.9102564852985486,1,1,1.716307646059352,True,False,False,-0.029649645264954606,-0.8217157876626383,0.240982924722633,2.2090551207510982,0.553660379958751,High,0
-0.6703823973795103,-0.0899302060989159,-1.0414329711922958,-1.2260588112551243,0.8088303613464911,1,0,-0.21911766400892058,False,False,False,-0.03492675203135649,0.8990518395837451,-0.9086076523680435,-0.9255174731401287,0.03207774792016228,Low,0
1.9075136984854821,-0.3749328399790146,0.33949169951393476,0.8144520292342571,-0.9102564852985486,1,0,-1.2388142769967387,False,False,True,0.0017057897272922881,-0.6664585581366489,-0.9086076523680435,0.1141674961208228,0.16306478456557397,Low,0
0.6030361559995824,0.1950724277811828,-0.6962018035157382,1.1865429569597634,0.8088303613464911,1,0,-0.48939824423757716,False,False,False,-0.017578436922360934,0.40093489485452893,-0.9086076523680435,-0.560851849593377,0.09528310913392517,Low,0
-1.0016782811854532,-0.1849310840589488,-0.6962018035157382,-1.2260588112551243,0.8088303613464911,1,0,1.1589867732760557,False,True,True,-0.03492675203135649,0.40093489485452893,-0.9086076523680435,-0.6539579662436115,0.026364032316013614,Low,0
1.1828039526599823,1.6200855971816763,-1.3866641388688534,-1.2260588112551243,-0.9102564852985486,1,0,-1.5088011270716064,False,False,False,-0.03492675203135649,0.40093489485452893,-0.9086076523680435,-1.0806943342238526,0.9767810904431352,High,1
-0.4219104845250532,-1.1349398636592778,1.3751852025436078,1.3352035283141335,-0.9102564852985486,0,1,0.06367627427375377,False,False,False,-0.022158314519800267,-0.7945457724955903,0.240982924722633,0.3702093169089676,0.06819657856314923,Low,0
-0.608264419165896,-0.46993371793904753,0.33949169951393476,0.4135390622764787,0.8088303613464911,1,1,0.0505510365407029,True,False,False,-0.02669307687733516,-0.23950117694017783,1.3905735018133094,0.06761443779570558,0.05575915743114394,Low,0
0.26138727582470384,-0.46993371793904753,1.0299540348670502,0.3848963220808444,-0.9102564852985486,0,0,-0.936527052177761,False,False,False,-0.016892806651323252,-0.7613379761803092,-0.9086076523680435,0.5952157654803675,0.09421597408596642,Low,0
-0.39085149541824604,-1.799946009379508,-0.6962018035157382,-1.2260588112551243,0.8088303613464911,1,1,0.8700789220773439,False,False,True,-0.03492675203135649,0.40093489485452893,1.3905735018133094,-1.049658962007108,0.007471546638843607,Low,0
-0.45296947363186035,-0.6599354738591133,0.33949169951393476,-1.2260588112551243,0.8088303613464911,0,0,1.6802480835038067,False,False,False,-0.03492675203135649,-0.23950117694017783,-0.9086076523680435,-0.02549167885452888,0.032210801777833586,Low,0
-0.5979114227969603,0.005070671861117005,1.0299540348670502,1.2040559943762716,-0.9102564852985486,1,0,-1.2638108177386196,True,False,False,0.01099249903106098,-0.7613379761803092,-0.9086076523680435,0.9055694876478156,0.33401622405323134,Medium,1
-0.13202658619485325,-1.4199424975393766,-1.3866641388688534,-1.2260588112551243,0.8088303613464911,0,1,1.0965403356224235,False,False,True,-0.03492675203135649,1.8952857290421778,1.3905735018133094,-1.3289773119578112,0.008200373929231983,Low,0
0.6237421487374538,-1.3249416195793435,-0.005739468162622887,1.8248586031571603,-0.9102564852985486,0,0,-0.8439582732897344,False,False,False,-0.00430321222976204,-0.5952989946039038,-0.9086076523680435,-0.5453341634850046,0.20571588067697155,Low,1
-0.1734385716705961,0.6700768175813473,-0.005739468162622887,0.7586283897800125,-0.9102564852985486,1,1,-0.8722189862988386,True,False,False,-0.014356373923324355,-0.5952989946039038,0.240982924722633,0.2693443572045469,0.6025092474624916,High,1
-2.19227286361306,-0.2799319620189817,-1.0414329711922958,1.4311028299734052,0.8088303613464911,1,1,0.42256010189020554,False,False,True,-0.023879000254357605,0.8990518395837451,1.3905735018133094,-0.9565528453568735,0.025281539172968815,Low,0
-0.007790629767624689,0.2900733057412157,-0.35097063583918053,1.8965480403556012,-0.9102564852985486,1,0,1.2438965907312627,False,True,True,-0.02551798895441484,-0.49567560565806046,-0.9086076523680435,-0.2117039121549978,0.3327869251160426,Medium,1
0.9446850361744609,-1.3249416195793435,-0.35097063583918053,0.8946479777554889,0.8088303613464911,1,0,0.5268076196007301,False,False,False,-0.02651501118184694,0.10206472801699919,-0.9086076523680435,-0.7393052398396597,0.06016379323313085,Low,0
-0.12167358982591753,-0.3749328399790146,1.0299540348670502,-1.2260588112551243,-0.9102564852985486,0,0,1.128927922407445,False,False,False,-0.03492675203135649,-0.7613379761803092,-0.9086076523680435,0.6572865099138572,0.250413558113198,Low,0
-1.5193280996322387,-0.6599354738591133,1.0299540348670502,2.091274338507831,-0.9102564852985486,0,0,-1.455549280467158,False,False,False,0.07007809181617503,-0.7613379761803092,-0.9086076523680435,0.47107427661338824,0.5179433632855127,High,0
0.5202121850480966,-1.5149433754994095,-0.6962018035157382,-1.2260588112551243,0.8088303613464911,1,0,-1.0599790101450912,False,False,True,-0.03492675203135649,0.40093489485452893,-0.9086076523680435,-0.9798293745194321,0.015065418471045531,Low,0
-0.05955561161230325,0.10007154982114991,0.33949169951393476,0.883333197277846,-0.9102564852985486,1,1,1.6557258018404006,False,False,True,-0.02934184882041765,-0.6664585581366489,0.240982924722633,0.34693278774640895,0.06003679890615214,Low,0
0.49950619231022525,-1.3249416195793435,1.0299540348670502,-1.2260588112551243,0.8088303613464911,1,1,-0.8254853676320919,False,True,False,-0.03492675203135649,-0.42926001302749833,1.3905735018133094,0.03657906557896076,0.017986415287335758,Low,0
-0.825677342913546,-0.0899302060989159,0.33949169951393476,0.49459908126702007,0.8088303613464911,0,0,-1.0599380204858628,False,False,False,-0.012166911960215063,-0.23950117694017783,-0.9086076523680435,0.2538266710961745,0.07661680933147504,Low,0
0.16821030850428242,-1.5149433754994095,-1.3866641388688534,-1.2260588112551243,0.8088303613464911,1,0,-0.14228856541638016,False,False,True,-0.03492675203135649,1.8952857290421778,-0.9086076523680435,-1.3367361550119974,0.011740757252882093,Low,0
-0.13202658619485325,-0.46993371793904753,-0.005739468162622887,1.128421175779882,-0.9102564852985486,1,0,0.04271730217789713,False,True,True,-0.02305113743466148,-0.5952989946039038,-0.9086076523680435,-0.1961862260466254,0.10885230962130846,Low,0
0.6444481414753253,0.8600785735014131,-1.3866641388688534,1.4026034326960495,-0.9102564852985486,0,0,1.005560560119799,False,True,False,-0.026318628408789034,0.40093489485452893,-0.9086076523680435,-1.1427650786573424,0.6682294607169665,High,1
-0.6910883901173818,-0.8499372297791791,-0.005739468162622887,-1.2260588112551243,0.8088303613464911,1,1,1.4908160304092049,False,True,False,-0.03492675203135649,-0.09718204987468745,1.3905735018133094,-0.35136308713034947,0.02811475318337682,Low,0
0.3752702358829967,-0.46993371793904753,0.6847228671904925,0.8589978074395309,-0.9102564852985486,0,1,-1.2389803287226338,False,False,True,0.0025179210692412406,-0.7198282307862078,0.240982924722633,0.33141510163803656,0.06269712189659767,Low,0
-0.39085149541824604,2.8550970106621043,1.3751852025436078,0.03848079167605985,-0.9102564852985486,0,1,-1.5868967189222591,True,False,True,0.03954162118095944,-0.7945457724955903,0.240982924722633,3.303051991391353,0.06876276027993944,Low,0
0.44774121046554666,0.2900733057412157,1.0299540348670502,0.9211505263168481,-0.9102564852985486,1,0,-1.1045509911658133,False,False,True,-0.004529295830297015,-0.7613379761803092,-0.9086076523680435,1.0917817209482845,0.16436984550721623,Low,0
0.32350525403831815,-0.8499372297791791,1.3751852025436078,-1.2260588112551243,0.8088303613464911,1,1,-1.703728934136267,False,False,True,-0.03492675203135649,-0.49567560565806046,1.3905735018133094,0.5796980793719951,0.009524660194348193,Low,0
1.5037468400969893,1.0500803294214789,-1.3866641388688534,0.28544651425202894,-0.9102564852985486,1,1,1.5643036868662743,False,False,False,-0.030814096793440923,0.40093489485452893,0.240982924722633,-1.1272473925489699,0.41271674688048526,High,0
0.04397435207705388,0.4800750616612815,1.0299540348670502,0.17802167147491346,-0.9102564852985486,0,1,1.5499876559266228,False,False,True,-0.031089762877118,-0.7613379761803092,0.240982924722633,1.215923209815264,0.19579278833045163,Low,0
-0.6703823973795103,0.2900733057412157,0.33949169951393476,-1.2260588112551243,0.8088303613464911,1,1,0.4130260815777952,False,True,True,-0.03492675203135649,-0.23950117694017783,1.3905735018133094,0.4400389043966434,0.02051930677257027,Low,0
-0.11132059345698182,-0.5649345958990805,0.33949169951393476,0.13383898585770904,0.8088303613464911,1,1,0.23229761574204758,False,False,False,-0.028727108103684906,-0.23950117694017783,1.3905735018133094,0.02106137947058835,0.03853663296548006,Low,0
0.1578573121353467,-0.1849310840589488,-1.0414329711922958,1.3176561399631221,-0.9102564852985486,0,1,-0.11276170799732753,True,False,False,-0.020870438366532,-0.09718204987468745,0.240982924722633,-0.941035159248501,0.11212628270452606,Low,0
-1.115561241243746,0.2900733057412157,0.6847228671904925,-1.2260588112551243,-0.9102564852985486,1,1,-0.7514249024903177,False,False,True,-0.03492675203135649,-0.7198282307862078,0.240982924722633,0.765910312672464,0.24196160355779536,Low,0
-1.6435640560594673,0.955079451461446,-1.0414329711922958,1.201772941378875,0.8088303613464911,1,1,1.1774868890904628,True,False,False,-0.027444881779108917,0.8990518395837451,1.3905735018133094,-0.7548229259480321,0.24890507910678475,Low,0
1.4623348546212465,1.0500803294214789,1.3751852025436078,-1.2260588112551243,4.24700405463657,1,1,1.656505477486147,False,False,True,-0.03492675203135649,0.10206472801699919,3.6897546559946623,1.976289829125512,0.981373320751961,High,1
-0.04920261524336754,0.005070671861117005,0.33949169951393476,0.7271595628887324,0.8088303613464911,0,1,-0.6617185972090779,True,False,True,-0.018636244600152545,-0.23950117694017783,1.3905735018133094,0.3003797294212917,0.12906928950424615,Low,0
0.9343320398055251,-0.2799319620189817,1.0299540348670502,0.6519008388696403,0.8088303613464911,1,0,1.2050158930763222,True,False,True,-0.02919353371137031,-0.42926001302749833,-0.9086076523680435,0.7193572543473468,0.08948038280653241,Low,0
-1.3433271613603317,-0.8499372297791791,-1.0414329711922958,0.4965617395668984,-0.9102564852985486,1,0,-0.6180018174615306,False,False,True,-0.021119531494509364,-0.09718204987468745,-0.9086076523680435,-1.049658962007108,0.09530148688713748,Low,0
1.3588048909318895,2.950097888622137,0.6847228671904925,0.33213200253642117,-0.9102564852985486,0,1,0.5485010915051407,False,False,False,-0.028804818475099733,-0.7198282307862078,0.240982924722633,2.28664355129296,0.09848224644267321,Low,0
0.9550380325433966,0.38507418370124863,-0.005739468162622887,-1.2260588112551243,0.8088303613464911,0,0,0.2328278649507877,False,False,True,-0.03492675203135649,-0.09718204987468745,-0.9086076523680435,0.15296171139175382,0.06056605407465322,Low,1
0.8929200543297824,-0.8499372297791791,1.0299540348670502,1.572677638235313,-0.9102564852985486,0,0,-1.1826355942993112,False,False,True,0.01024946725966237,-0.7613379761803092,-0.9086076523680435,0.34693278774640895,0.15755316995581495,Low,0
0.24068128308683243,-1.989947765299574,0.6847228671904925,-1.2260588112551243,0.8088303613464911,1,1,-0.7670768474726471,False,False,True,-0.03492675203135649,-0.3462405222392956,1.3905735018133094,-0.5375753204308183,0.017739863419482006,Low,1
0.26138727582470384,-0.0899302060989159,1.0299540348670502,-1.2260588112551243,0.8088303613464911,1,1,0.5923802600728646,False,False,True,-0.03492675203135649,-0.42926001302749833,1.3905735018133094,0.843498743214326,0.016676973444584516,Low,0
1.9075136984854821,-0.0899302060989159,0.6847228671904925,0.16762746393828679,-0.9102564852985486,0,0,1.32867820648633,False,True,True,-0.030843456259638396,-0.7198282307862078,-0.9086076523680435,0.5486627071552502,0.12219957655562552,Low,0
-0.8049713501756746,0.6700768175813473,-0.6962018035157382,-0.17836766881479404,-0.9102564852985486,0,1,1.5743140593461415,False,True,True,-0.03208470009356267,-0.3462405222392956,0.240982924722633,-0.4444692037805839,0.36243456128341095,High,1
0.7893900906404252,1.7150864751417092,-1.3866641388688534,0.5345023467259876,-0.9102564852985486,0,1,-1.726404936893583,False,True,False,1.1694689271488385,0.40093489485452893,0.240982924722633,-1.0729354911696665,0.6167309270878053,High,0
0.1371513193974753,-0.46993371793904753,0.6847228671904925,0.2815374100092105,-0.9102564852985486,0,0,1.398587552904814,False,False,False,-0.0306081167931982,-0.7198282307862078,-0.9086076523680435,0.33141510163803656,0.1638691616097037,Low,0
-0.30802752446676035,-0.7549363518191462,1.0299540348670502,0.38515074372190994,-0.9102564852985486,1,1,-0.1630263677764862,True,False,False,-0.025739500286595777,-0.7613379761803092,0.240982924722633,0.4090035321798986,0.12162474761462114,Low,0
0.09573933392173244,0.6700768175813473,-0.005739468162622887,0.5239070096522915,0.8088303613464911,1,1,-1.1520754486195428,True,False,True,-0.008148843271292835,-0.09718204987468745,1.3905735018133094,0.2693443572045469,0.2835696629109634,Low,0
-1.2397971976709745,0.5750759396213144,-1.3866641388688534,0.8044276560578923,0.8088303613464911,1,1,1.1339429636080014,False,True,False,-0.02857456205405053,1.8952857290421778,1.3905735018133094,-1.166041607819901,0.24916140089108332,Low,0
-0.5668524336901531,-0.8499372297791791,0.33949169951393476,0.7217656635797591,4.24700405463657,1,0,-1.008329248732181,False,True,True,-0.010980540771696167,0.6144135854527644,-0.9086076523680435,-0.11859779550476333,0.9632384406792359,High,1
0.8411550724851038,-1.3249416195793435,-1.7318953065454112,0.5547787081493991,-0.9102564852985486,0,0,1.2706052782603117,False,False,True,-0.02960850037591697,1.8952857290421778,-0.9086076523680435,-1.5151895452582802,0.06436542925823614,Low,0
-1.6849760415352102,-1.6099442534594424,0.33949169951393476,-1.2260588112551243,0.8088303613464911,1,1,-0.5814761937593557,False,False,False,-0.03492675203135649,-0.23950117694017783,1.3905735018133094,-0.49102226210570116,0.017439923549202065,Low,0
0.6444481414753253,-1.3249416195793435,-0.35097063583918053,0.7189901401755553,-0.9102564852985486,1,1,-0.758079006787759,False,False,False,-0.017111667477412513,-0.49567560565806046,0.240982924722633,-0.7393052398396597,0.06296655747530192,Low,0
0.4788001995723538,0.8600785735014131,-1.0414329711922958,0.5096097975714969,0.8088303613464911,1,1,0.07349460583953432,True,False,False,-0.026320932540658846,0.8990518395837451,1.3905735018133094,-0.7703406120564046,0.35458990072372426,High,0
0.002562366601311024,-0.0899302060989159,-1.0414329711922958,-1.2260588112551243,2.5279172079915306,1,0,-0.5703840431240261,False,True,True,-0.03492675203135649,1.8952857290421778,-0.9086076523680435,-0.9255174731401287,0.44133036999637426,High,1
0.07503334118386101,-0.1849310840589488,-0.6962018035157382,1.48246004535027,0.8088303613464911,0,0,-0.5121190739839213,True,False,True,-0.015090061130749455,0.40093489485452893,-0.9086076523680435,-0.6539579662436115,0.06878737681005385,Low,0
-0.39085149541824604,-0.944938107739212,-1.7318953065454112,-1.2260588112551243,0.8088303613464911,0,1,0.595946186001641,False,True,True,-0.03492675203135649,4.883987397417476,1.3905735018133094,-1.5151895452582802,0.022691613571517007,Low,0
1.3277459018250823,-0.1849310840589488,0.6847228671904925,0.7016469312109382,0.8088303613464911,1,0,0.6313263667584884,True,False,True,-0.02761762527129539,-0.3462405222392956,-0.9086076523680435,0.49435080577594687,0.13352296484188794,Low,0
-0.7428533719620604,0.005070671861117005,-0.005739468162622887,0.6653822965151706,2.5279172079915306,0,0,-1.6378388418352157,True,False,False,0.13225011303408882,0.40093489485452893,-0.9086076523680435,-0.0022151496919702637,0.9681354516404,High,1
-0.6496764046416389,0.8600785735014131,-1.3866641388688534,1.0738418748502683,0.8088303613464911,1,0,-1.1887003196242747,True,False,False,0.002606167727922925,1.8952857290421778,-0.9086076523680435,-1.1427650786573424,0.5629353071259624,High,1
0.1371513193974753,0.6700768175813473,-1.0414329711922958,-1.2260588112551243,-0.9102564852985486,1,1,1.355139211819191,False,False,True,-0.03492675203135649,-0.09718204987468745,0.240982924722633,-0.8013759842731494,0.4588933089310923,High,1
-0.1837915680395318,-0.944938107739212,1.7204163702201654,0.8639913738949918,-0.9102564852985486,1,0,1.4812800914318947,False,False,True,-0.029093344162917135,-0.8217157876626383,-0.9086076523680435,0.7348749404557192,0.06303755880178048,Low,0
1.3277459018250823,0.1950724277811828,1.7204163702201654,0.37569316096485245,-0.9102564852985486,1,0,-0.22332006341226682,False,False,False,-0.02543023562886897,-0.8217157876626383,-0.9086076523680435,1.6659361069580638,0.2353287482072484,Low,0
-0.2873215317288889,-0.3749328399790146,-0.005739468162622887,-1.2260588112551243,0.8088303613464911,1,0,0.02548804022364806,False,False,False,-0.03492675203135649,-0.09718204987468745,-0.9086076523680435,-0.15739201077569437,0.029156076371491226,Low,0
0.9653910289123323,-1.2299407416193107,-0.005739468162622887,1.4433280707337757,-0.9102564852985486,1,1,1.4296430629769579,False,True,False,-0.02735500180847743,-0.5952989946039038,0.240982924722633,-0.5065399482140736,0.118603019576443,Low,0
-0.06990860798123896,-0.5649345958990805,0.6847228671904925,1.5761324754470805,-0.9102564852985486,0,1,-0.9730722113771002,False,False,True,-0.0020617562640199536,-0.7198282307862078,0.240982924722633,0.2771032002587331,0.07683220928794335,Low,0
-1.90238896528286,1.7150864751417092,-1.3866641388688534,-1.2260588112551243,0.8088303613464911,1,1,0.25671663834901454,False,False,True,-0.03492675203135649,1.8952857290421778,1.3905735018133094,-1.0729354911696665,0.11295442675547729,Low,0
0.8825670579608467,0.38507418370124863,-0.35097063583918053,1.6012243884364001,-0.9102564852985486,1,1,-0.8175942477463666,False,False,True,-0.0073594551678140205,-0.49567560565806046,0.240982924722633,-0.18066853993825296,0.1702029884609477,Low,0
-0.608264419165896,1.5250847192216435,1.0299540348670502,0.1519181716199822,0.8088303613464911,1,1,0.5091021799031059,False,True,True,-0.029417997966661565,-0.42926001302749833,1.3905735018133094,1.8987013985836498,0.17180915344691078,Low,0
-0.3494395099425032,-1.1349398636592778,-0.35097063583918053,-1.2260588112551243,0.8088303613464911,0,0,1.5792077013857497,False,False,False,-0.03492675203135649,0.10206472801699919,-0.9086076523680435,-0.6772344954061701,0.031395731012270174,Low,0
0.6858601269510681,-0.5649345958990805,-1.7318953065454112,0.6323785928214499,-0.9102564852985486,1,1,-0.3178479735873221,True,False,False,-0.023175786212412595,1.8952857290421778,0.240982924722633,-1.5151895452582802,0.13050460868851357,Low,0
1.3484518945629538,-0.3749328399790146,-0.35097063583918053,0.0707811038043867,-0.9102564852985486,1,0,0.29126551393189654,False,True,True,-0.029186252389304338,-0.49567560565806046,-0.9086076523680435,-0.4289515176722115,0.10239232907818427,Low,0
-0.3287335172046318,-0.46993371793904753,-1.3866641388688534,-1.2260588112551243,-0.9102564852985486,1,0,0.7009854146195572,False,True,True,-0.03492675203135649,0.40093489485452893,-0.9086076523680435,-1.2513888814159493,0.1279139947008907,Low,0
-0.825677342913546,0.7650776955413803,0.6847228671904925,-1.2260588112551243,0.8088303613464911,0,0,0.22040520741931727,False,False,False,-0.03492675203135649,-0.3462405222392956,-0.9086076523680435,1.037469819568981,0.20578442832461535,Low,0
-0.8360303392824817,1.810087353101742,1.0299540348670502,-1.2260588112551243,-0.9102564852985486,0,1,0.2925634035247368,False,False,False,-0.03492675203135649,-0.7613379761803092,0.240982924722633,2.0849136318841186,0.4863135261841612,High,1
1.6383357928931537,0.1950724277811828,-1.3866641388688534,0.0533730454120153,0.8088303613464911,1,0,1.1502256260702008,True,False,True,-0.030946720163910833,1.8952857290421778,-0.9086076523680435,-1.1970769800366459,0.0215308628192519,Low,0
0.5409181777859681,-1.2299407416193107,-1.3866641388688534,0.3362857367987878,-0.9102564852985486,1,0,-0.6281590550182922,True,False,False,-0.022289735558336774,0.40093489485452893,-0.9086076523680435,-1.3134596258494389,0.19007271803068815,Low,0
-1.8195649943313745,-0.6599354738591133,1.0299540348670502,0.6844836633565005,-0.9102564852985486,1,0,0.018933357652845442,False,False,False,-0.025159950096854917,-0.7613379761803092,-0.9086076523680435,0.47107427661338824,0.07811614335277987,Low,0
0.4270352177276753,0.38507418370124863,-1.0414329711922958,-0.11824935995568735,0.8088303613464911,0,0,1.1318486536575603,True,False,False,-0.03145854438851226,0.8990518395837451,-0.9086076523680435,-0.8479290425982666,0.09528511429930961,Low,0
-1.726388027010953,0.005070671861117005,-0.005739468162622887,-1.2260588112551243,0.8088303613464911,1,1,1.3167851004672724,False,True,False,-0.03492675203135649,-0.09718204987468745,1.3905735018133094,-0.0022151496919702637,0.04784383568118509,Low,0
0.5616241705238395,1.7150864751417092,-0.6962018035157382,-1.2260588112551243,0.8088303613464911,1,1,-1.1441639211162442,False,True,False,-0.03492675203135649,0.40093489485452893,1.3905735018133094,-0.1884273829924392,0.1011880465829943,Low,0
0.24068128308683243,0.5750759396213144,0.33949169951393476,-0.06238575142344584,-0.9102564852985486,0,1,0.7031203653810627,False,False,False,-0.030644228551956327,-0.6664585581366489,0.240982924722633,0.5796980793719951,0.32243614256680125,Medium,0
-0.12167358982591753,3.6151040343423673,0.33949169951393476,0.07295259652384005,0.8088303613464911,1,1,-0.7657489569377336,False,False,True,-0.022935140082574867,-0.23950117694017783,1.3905735018133094,2.0693959457757463,0.010844136259189853,Low,0
-0.825677342913546,-0.0899302060989159,-1.3866641388688534,0.722715290348556,-0.9102564852985486,1,1,0.9613105659541206,False,False,True,-0.028440513802997707,0.40093489485452893,0.240982924722633,-1.2203535091992044,0.0829480430177668,Low,0
-1.3122681722535245,-0.944938107739212,1.3751852025436078,1.09002244914849,0.8088303613464911,1,0,-1.1802843576763458,True,False,True,0.0023014420197950284,-0.49567560565806046,-0.9086076523680435,0.5098684918843193,0.08827664431406777,Low,0
0.20962229398002527,1.0500803294214789,1.0299540348670502,-1.2260588112551243,-0.9102564852985486,0,1,-1.6948910403344097,False,True,True,-0.03492675203135649,-0.7613379761803092,0.240982924722633,1.5883476764162017,0.45598958865002065,High,0
0.02326835933918245,-0.8499372297791791,-0.35097063583918053,-1.2260588112551243,0.8088303613464911,1,0,0.3663817680409414,False,True,True,-0.03492675203135649,0.10206472801699919,-0.9086076523680435,-0.5841283787559356,0.0183904611530746,Low,0
-1.0016782811854532,0.10007154982114991,-0.35097063583918053,-1.2260588112551243,-0.9102564852985486,0,1,1.204384826748289,False,False,True,-0.03492675203135649,-0.49567560565806046,0.240982924722633,-0.27377465658848743,0.16778795119256512,Low,0
0.6237421487374538,-0.46993371793904753,0.33949169951393476,-1.2260588112551243,0.8088303613464911,1,1,1.3182896825970722,False,False,False,-0.03492675203135649,-0.23950117694017783,1.3905735018133094,0.06761443779570558,0.02105778613446833,Low,0
-0.6393234082727032,1.9050882310617752,-1.0414329711922958,-1.2260588112551243,0.8088303613464911,1,1,0.4609928785030262,False,False,False,-0.03492675203135649,0.8990518395837451,1.3905735018133094,-0.599646064864308,0.07946370633974299,Low,1
-0.14237958256378896,-0.6599354738591133,-0.005739468162622887,-1.2260588112551243,-0.9102564852985486,0,0,0.8553454943098909,False,False,True,-0.03492675203135649,-0.5952989946039038,-0.9086076523680435,-0.27377465658848743,0.14117987194006043,Low,0
-2.130154885399446,0.8600785735014131,0.6847228671904925,1.475250201545793,-0.9102564852985486,1,0,-1.449203209098215,True,False,False,0.048709925644753405,-0.7198282307862078,-0.9086076523680435,1.0917817209482845,0.5784851848478805,High,1
-0.5461464409522817,0.10007154982114991,1.3751852025436078,-1.2260588112551243,-0.9102564852985486,1,0,-0.5453930839527641,False,False,False,-0.03492675203135649,-0.7945457724955903,-0.9086076523680435,1.2779939542487535,0.40473678345573455,High,1
0.002562366601311024,0.5750759396213144,1.7204163702201654,0.9557578086820159,-0.9102564852985486,1,0,-1.4127996822533158,False,True,False,0.025099470887918696,-0.8217157876626383,-0.9086076523680435,1.976289829125512,0.5516878253417908,High,0
-0.8153243465446103,-0.5649345958990805,-0.005739468162622887,-1.2260588112551243,-0.9102564852985486,0,1,-1.0219814216164171,False,False,True,-0.03492675203135649,-0.5952989946039038,0.240982924722633,-0.2349804413175564,0.10806299681357735,Low,0
0.9136260470676537,0.5750759396213144,0.6847228671904925,0.4225231157962219,-0.9102564852985486,0,1,0.8384936860687058,True,False,True,-0.029178261021794622,-0.7198282307862078,0.240982924722633,0.9288460168103743,0.4505660296320231,High,1
0.4788001995723538,-0.7549363518191462,-0.6962018035157382,0.5204682242790768,0.8088303613464911,0,1,0.4202751464183326,True,False,True,-0.02765748772501756,0.40093489485452893,1.3905735018133094,-0.7936171412189631,0.057168260207609574,Low,0
1.4002168764076324,0.10007154982114991,0.33949169951393476,-1.2260588112551243,0.8088303613464911,0,0,-1.0200671173184168,False,True,True,-0.03492675203135649,-0.23950117694017783,-0.9086076523680435,0.34693278774640895,0.027004492406698034,Low,0
-0.5357934445833461,0.10007154982114991,1.7204163702201654,0.9803672034044313,0.8088303613464911,1,1,-1.493378898605037,True,False,True,0.045646897967936306,-0.5500156359921567,1.3905735018133094,1.5883476764162017,0.11054227783507144,Low,0
0.872214061591911,-0.7549363518191462,-0.6962018035157382,0.6930725206110683,-0.9102564852985486,0,0,-0.4675111616023439,False,False,True,-0.02136428508375342,-0.3462405222392956,-0.9086076523680435,-0.7936171412189631,0.08575735535343629,Low,0
2.0628086440195177,0.38507418370124863,-1.7318953065454112,0.5157072489642495,2.5279172079915306,1,0,1.4706390014721578,True,False,True,-0.030049303815739104,7.872689065792774,-0.9086076523680435,-1.5151895452582802,0.9517142690916608,High,1
0.5926831596306467,-0.5649345958990805,1.0299540348670502,-1.2260588112551243,0.8088303613464911,0,1,-1.4736040916006723,False,False,False,-0.03492675203135649,-0.42926001302749833,1.3905735018133094,0.5331450210468779,0.018787125794091638,Low,0
0.3752702358829967,0.10007154982114991,-1.3866641388688534,-1.2260588112551243,0.8088303613464911,1,0,-1.5963894007272774,False,True,False,-0.03492675203135649,1.8952857290421778,-0.9086076523680435,-1.204835823090832,0.05303148007838037,Low,0
-0.3287335172046318,0.1950724277811828,-0.005739468162622887,0.25821585429390437,-0.9102564852985486,1,0,-1.0720163648798158,True,False,False,-0.014938405330626126,-0.5952989946039038,-0.9086076523680435,0.07537328084989178,0.44574002312594135,High,0
1.2966869127182752,-0.0899302060989159,-1.0414329711922958,1.4999360030197206,-0.9102564852985486,1,0,1.213309409318812,False,False,False,-0.026627943322146862,-0.09718204987468745,-0.9086076523680435,-0.9255174731401287,0.4527751324335705,High,0
0.7169191160578752,-0.7549363518191462,-0.35097063583918053,1.0429724236105584,-0.9102564852985486,0,0,0.6672572043416491,False,True,True,-0.02645188643275674,-0.49567560565806046,-0.9086076523680435,-0.5530930065391908,0.08963144462187092,Low,0
1.3898638800386967,0.005070671861117005,-1.3866641388688534,0.8630555517073503,-0.9102564852985486,1,0,1.1174932028754165,False,False,False,-0.0283535205277061,0.40093489485452893,-0.9086076523680435,-1.2125946661450182,0.23041877647353007,Low,1
1.2759809199804037,-0.2799319620189817,0.6847228671904925,0.43832727448037495,-0.9102564852985486,0,1,0.3356081272850226,False,False,True,-0.027716728901451337,-0.7198282307862078,0.240982924722633,0.4400389043966434,0.05297544645634683,Low,0
0.49950619231022525,-0.2799319620189817,-1.0414329711922958,0.757973474767049,0.8088303613464911,1,0,0.06675276622893664,True,False,True,-0.025052775181803554,0.8990518395837451,-0.9086076523680435,-0.9565528453568735,0.10807154478459853,Low,0
1.2966869127182752,-0.2799319620189817,-1.3866641388688534,-1.2260588112551243,0.8088303613464911,1,0,-0.8067646053541797,False,False,True,-0.03492675203135649,1.8952857290421778,-0.9086076523680435,-1.2358711953075767,0.021147424964643807,Low,0
-0.9499132993407745,-0.46993371793904753,-0.35097063583918053,-1.2260588112551243,0.8088303613464911,1,1,-0.5757535140588459,False,False,True,-0.03492675203135649,0.10206472801699919,1.3905735018133094,-0.45998688988895636,0.012559054659207545,Low,0
0.19926929761108958,-0.1849310840589488,-1.0414329711922958,-1.2260588112551243,0.8088303613464911,1,1,-0.793648263249302,False,False,True,-0.03492675203135649,0.8990518395837451,1.3905735018133094,-0.941035159248501,0.014693362482337963,Low,0
0.9239790434365894,-0.2799319620189817,-0.35097063583918053,0.5243075030241897,-0.9102564852985486,0,0,-0.09028315330063431,True,False,False,-0.025386232239460932,-0.49567560565806046,-0.9086076523680435,-0.3979161454554667,0.3528904814551696,High,1
-0.7635593646999317,-0.944938107739212,-1.0414329711922958,-1.2260588112551243,-0.9102564852985486,1,1,1.2069029872175585,False,True,True,-0.03492675203135649,-0.09718204987468745,0.240982924722633,-1.0651766481154803,0.0707419467113534,Low,0
1.1413919671842394,-0.5649345958990805,0.33949169951393476,0.9899583374582501,0.8088303613464911,1,0,0.8555256743864138,False,False,False,-0.02725036824320209,-0.23950117694017783,-0.9086076523680435,0.02106137947058835,0.07357150104753786,Low,0
1.4933938437280536,-0.6599354738591133,-1.0414329711922958,0.656263407551582,-0.9102564852985486,1,1,1.7195845512845491,False,False,True,-0.030035050892610625,-0.09718204987468745,0.240982924722633,-1.018623589790363,0.02077692651943313,Low,0
1.1828039526599823,0.1950724277811828,-0.35097063583918053,0.7672939748228638,-0.9102564852985486,0,0,0.007371482965168464,False,False,True,-0.024669176230828996,-0.49567560565806046,-0.9086076523680435,-0.2427392843717426,0.17324871685616236,Low,0
-1.3847391468360746,1.9050882310617752,1.0299540348670502,1.2477059194719011,0.8088303613464911,1,0,0.026325275816395387,True,False,False,-0.022333661992240152,-0.42926001302749833,-0.9086076523680435,2.1469843763176084,0.8120789323900963,High,1
-0.30802752446676035,1.0500803294214789,-0.005739468162622887,-1.2260588112551243,0.8088303613464911,1,0,1.605150318347435,False,False,False,-0.03492675203135649,-0.09718204987468745,-0.9086076523680435,0.424521218288271,0.4398994374999708,High,1
-0.2459095462531461,-1.039938985699245,-0.6962018035157382,1.303672580807653,-0.9102564852985486,0,1,-1.1448078948263323,False,True,False,0.003310073829039928,-0.3462405222392956,0.240982924722633,-0.863446728706639,0.0950812947456025,Low,0
-0.27696853535995325,0.6700768175813473,-0.6962018035157382,-1.2260588112551243,0.8088303613464911,1,1,-0.6437257066246105,False,True,True,-0.03492675203135649,0.40093489485452893,1.3905735018133094,-0.4444692037805839,0.050030119436394176,Low,0
0.05432734844598959,-1.5149433754994095,-0.35097063583918053,1.399213444912036,-0.9102564852985486,0,1,-1.3717702543344057,True,False,False,0.029242158639700717,-0.49567560565806046,0.240982924722633,-0.8013759842731494,0.1022781489892707,Low,0
-0.6703823973795103,-0.3749328399790146,0.6847228671904925,1.4187868963252102,2.5279172079915306,1,0,0.3503035306026382,False,False,False,-0.023550000767909855,0.027347186307616678,-0.9086076523680435,0.38572700301734,0.9267029839075468,High,1
-0.6289704119037675,1.1450812073815118,-0.6962018035157382,1.2613820859190794,2.5279172079915306,0,1,1.608215472737299,False,True,False,-0.028247448719089963,1.1481103119483533,2.540164078903986,-0.32808655796779085,0.985868459258449,High,1
-1.3226211686224603,-0.8499372297791791,-1.3866641388688534,0.10915382645732313,-0.9102564852985486,1,1,0.6705902741211925,False,False,True,-0.029946609628495106,0.40093489485452893,0.240982924722633,-1.282424253632694,0.03232100656064321,Low,0
0.7997430870093609,-0.1849310840589488,-1.7318953065454112,-1.2260588112551243,0.8088303613464911,1,1,-0.4801373720373007,False,False,True,-0.03492675203135649,4.883987397417476,1.3905735018133094,-1.5151895452582802,0.029922989304061703,Low,0
-0.5979114227969603,-0.0899302060989159,-0.35097063583918053,0.19832419739516643,0.8088303613464911,1,0,-0.5705548043001304,False,True,False,-0.023973361775892356,0.10206472801699919,-0.9086076523680435,-0.3358454010219771,0.07776089041842069,Low,0
-0.028496622505496116,1.0500803294214789,1.3751852025436078,0.4198256043273861,-0.9102564852985486,1,1,1.5665441641972828,False,False,False,-0.030451499546423618,-0.7945457724955903,0.240982924722633,1.976289829125512,0.36790703368392813,High,0
-1.2501501940399102,-0.5649345958990805,-0.35097063583918053,0.8495614131093635,-0.9102564852985486,1,1,1.276775006882532,False,False,False,-0.028740847062103423,-0.49567560565806046,0.240982924722633,-0.49102226210570116,0.10288327127360944,Low,0
0.5098591886791609,-0.6599354738591133,-0.6962018035157382,-1.2260588112551243,-0.9102564852985486,0,0,-0.06960291088753,False,False,False,-0.03492675203135649,-0.3462405222392956,-0.9086076523680435,-0.7703406120564046,0.1924030260417931,Low,0
-1.0845022521369387,-0.944938107739212,-0.005739468162622887,-1.2260588112551243,-0.9102564852985486,1,1,-0.08558748259389469,False,False,True,-0.03492675203135649,-0.5952989946039038,0.240982924722633,-0.3901573024012805,0.09662901263079102,Low,0
1.0999799817084965,-0.2799319620189817,0.6847228671904925,1.0990830699381309,-0.9102564852985486,0,0,0.543002023477527,False,False,True,-0.025769556952709636,-0.7198282307862078,-0.9086076523680435,0.4400389043966434,0.09784916785244221,Low,0
1.0275090071259465,-0.1849310840589488,0.33949169951393476,-1.2260588112551243,-0.9102564852985486,1,1,0.3177516363325402,False,False,False,-0.03492675203135649,-0.6664585581366489,0.240982924722633,0.20727361277105727,0.20433125415378228,Low,1
0.33385825040725386,-0.2799319620189817,0.6847228671904925,-1.2260588112551243,0.8088303613464911,1,0,0.08818495085877717,False,True,False,-0.03492675203135649,-0.3462405222392956,-0.9086076523680435,0.4400389043966434,0.02501844434519499,Low,0
-0.46332247000079607,2.095089986981841,-0.005739468162622887,0.5102058023369707,0.8088303613464911,0,1,-1.5887871271210496,False,False,True,0.06860349349147508,-0.09718204987468745,1.3905735018133094,0.8512575862685122,0.14911669927695553,Low,0
-0.007790629767624689,-1.799946009379508,1.0299540348670502,-1.2260588112551243,0.8088303613464911,1,1,0.23963842764962343,False,True,True,-0.03492675203135649,-0.42926001302749833,1.3905735018133094,-0.27377465658848743,0.01000013166125798,Low,0
0.2820932685625753,-0.46993371793904753,0.33949169951393476,-1.2260588112551243,0.8088303613464911,1,1,0.4336536479181894,False,False,False,-0.03492675203135649,-0.23950117694017783,1.3905735018133094,0.06761443779570558,0.016472122597025435,Low,0
0.1371513193974753,-0.2799319620189817,-1.0414329711922958,0.8151054995817507,0.8088303613464911,1,0,-0.37658266677977464,True,False,False,-0.02146421887979891,0.8990518395837451,-0.9086076523680435,-0.9565528453568735,0.1254474237260982,Low,0
-0.2459095462531461,0.4800750616612815,0.33949169951393476,1.2386708211055593,-0.9102564852985486,0,0,-1.1238271197202478,False,False,True,0.0010581224084944046,-0.6664585581366489,-0.9086076523680435,0.5331450210468779,0.26241808975306447,Low,1
-0.0181436261365604,-0.2799319620189817,0.33949169951393476,0.16414903052384608,-0.9102564852985486,0,0,-1.3937482119162685,False,True,False,0.0012134820519341075,-0.6664585581366489,-0.9086076523680435,0.16072055444594002,0.16633294852434047,Low,0
1.3277459018250823,-0.5649345958990805,-1.3866641388688534,1.3174635179004859,-0.9102564852985486,1,1,1.69662493497019,True,False,True,-0.0282725850481027,0.40093489485452893,0.240982924722633,-1.2591477244701355,0.028992684340880676,Low,1
1.193156949028918,0.7650776955413803,1.3751852025436078,0.8492830742288539,-0.9102564852985486,1,0,1.224538134010208,True,False,True,-0.028632675277279775,-0.7945457724955903,-0.9086076523680435,1.7668010666624845,0.9068742490955176,High,1
0.34421124677618953,-0.0899302060989159,-0.6962018035157382,-1.2260588112551243,0.8088303613464911,1,0,-0.9676204122756604,False,True,False,-0.03492675203135649,0.40093489485452893,-0.9086076523680435,-0.6306814370810528,0.033504319846305246,Low,0
0.9653910289123323,0.2900733057412157,-1.3866641388688534,0.5784875947289898,-0.9102564852985486,1,1,-0.29142586482470745,False,False,True,-0.023724729396399805,0.40093489485452893,0.240982924722633,-1.1893181369824597,0.12006215499844372,Low,0
1.3691578873008252,1.810087353101742,-0.6962018035157382,0.8211814415108422,-0.9102564852985486,1,1,-0.054776515084465655,True,False,False,-0.02400326525483211,-0.3462405222392956,0.240982924722633,-0.16515085382988057,0.6192890926770125,High,1
0.9653910289123323,-0.8499372297791791,-1.3866641388688534,0.8296218192587943,-0.9102564852985486,1,0,0.38015150275632587,False,True,True,-0.026208795615090336,0.40093489485452893,-0.9086076523680435,-1.282424253632694,0.0624824421263218,Low,0
-1.4261511323118174,-0.3749328399790146,1.0299540348670502,-1.2260588112551243,-0.9102564852985486,1,0,-0.4027543025608926,False,False,True,-0.03492675203135649,-0.7613379761803092,-0.9086076523680435,0.6572865099138572,0.20058548764590176,Low,1
1.1103329780774323,-0.5649345958990805,-1.7318953065454112,0.8469163911525956,0.8088303613464911,1,1,-1.2754679279749714,True,False,True,0.005227944176876899,4.883987397417476,1.3905735018133094,-1.5151895452582802,0.22355232420759089,Low,0
-0.29767452809782463,-1.039938985699245,-1.3866641388688534,1.071354642466477,0.8088303613464911,1,0,-0.3140856461424138,True,False,False,-0.020438466293903654,1.8952857290421778,-0.9086076523680435,-1.2979419397410665,0.085993196443473,Low,0
0.3027992613004467,0.4800750616612815,-1.7318953065454112,0.8602755337883516,0.8088303613464911,1,1,-1.157119444217682,True,False,True,-0.0027252644895853235,4.883987397417476,1.3905735018133094,-1.5151895452582802,0.3376897425991769,Medium,0
0.16821030850428242,0.4800750616612815,-0.005739468162622887,1.0277265478712796,0.8088303613464911,0,1,-0.7424643885589394,True,False,False,-0.014607164209973647,-0.09718204987468745,1.3905735018133094,0.19175592666268484,0.18826158375609392,Low,0
-0.16308557530166037,-1.4199424975393766,-0.35097063583918053,1.0243636876944204,-0.9102564852985486,1,1,0.7535995667808627,False,True,True,-0.02681248402228019,-0.49567560565806046,0.240982924722633,-0.7703406120564046,0.06504456104294198,Low,0
-1.0845022521369387,-1.1349398636592778,1.0299540348670502,-1.2260588112551243,0.8088303613464911,1,1,-1.480384478933353,False,False,False,-0.03492675203135649,-0.42926001302749833,1.3905735018133094,0.16072055444594002,0.016115885815735385,Low,0
-0.4219104845250532,-0.3749328399790146,0.6847228671904925,0.08868227467710685,-0.9102564852985486,1,1,-0.664688690474349,False,False,False,-0.02393106288986859,-0.7198282307862078,0.240982924722633,0.38572700301734,0.08512876083321831,Low,0
0.2820932685625753,-0.2799319620189817,-1.3866641388688534,0.6658887320215185,0.8088303613464911,1,0,-1.2578026058161664,True,False,True,0.0003774656439344316,1.8952857290421778,-0.9086076523680435,-1.2358711953075767,0.13053531914285932,Low,0
-0.5357934445833461,-0.3749328399790146,0.33949169951393476,0.9746907917369245,-0.9102564852985486,0,0,-0.3987334786267235,False,True,True,-0.020171875839041255,-0.6664585581366489,-0.9086076523680435,0.1141674961208228,0.10933850731066891,Low,0
-0.6393234082727032,1.0500803294214789,-0.35097063583918053,-1.2260588112551243,0.8088303613464911,0,1,1.4363153073789086,False,False,False,-0.03492675203135649,0.10206472801699919,1.3905735018133094,0.03657906557896076,0.16873840294929648,Low,0
0.48915319594128953,-0.944938107739212,-0.005739468162622887,0.3015553368319184,-0.9102564852985486,1,1,0.9243153926236799,False,False,True,-0.029771677290699378,-0.5952989946039038,0.240982924722633,-0.3901573024012805,0.041182647782149646,Low,0
1.006803014388075,0.5750759396213144,-1.0414329711922958,0.6977863035205498,-0.9102564852985486,0,0,-0.4513549565994658,True,False,True,-0.021501488159490493,-0.09718204987468745,-0.9086076523680435,-0.8168936703815217,0.7731011593965201,High,1
-1.1983852121952316,0.8600785735014131,1.3751852025436078,0.531175603185873,-0.9102564852985486,1,0,1.00516444302998,False,True,True,-0.02917147701785519,-0.7945457724955903,-0.9086076523680435,1.8366306541501602,0.5319413068212397,High,1
-0.5150874518454747,0.8600785735014131,1.0299540348670502,0.7127255891434657,-0.9102564852985486,1,0,-0.6242660839360988,True,False,False,-0.01929964232867627,-0.7613379761803092,-0.9086076523680435,1.4642061875492225,0.8268540507664116,High,1
1.6486887892620894,-0.0899302060989159,1.3751852025436078,1.2325398213702312,-0.9102564852985486,1,1,-0.11283705920067465,False,False,False,-0.021340153285837746,-0.7945457724955903,0.240982924722633,1.1383347792734018,0.06934064283883823,Low,0
-0.8360303392824817,-1.7049451314194752,0.6847228671904925,0.6375567554202708,-0.9102564852985486,1,1,0.8434591908300245,False,True,True,-0.028440945781379658,-0.7198282307862078,0.240982924722633,-0.3746396162929081,0.04038425963277041,Low,0
0.4684472032034181,0.1950724277811828,1.3751852025436078,0.8209318354213426,-0.9102564852985486,0,1,1.5992352488846753,False,True,True,-0.029415366462251003,-0.7945457724955903,0.240982924722633,1.3478235417364293,0.11241568672163858,Low,0
0.05432734844598959,0.955079451461446,1.3751852025436078,0.33246026263483053,-0.9102564852985486,1,0,-0.43535538442206434,True,False,False,-0.02418428449946853,-0.7945457724955903,-0.9086076523680435,1.906460241637836,0.8086959238192949,High,1
1.9385726875922893,0.1950724277811828,-0.005739468162622887,-1.2260588112551243,0.8088303613464911,1,0,-0.32124209179550356,False,True,False,-0.03492675203135649,-0.09718204987468745,-0.9086076523680435,0.07537328084989178,0.02986155313477712,Low,0
-0.680735393748446,1.6200855971816763,-1.3866641388688534,0.8361658328000922,-0.9102564852985486,1,0,1.5130608568362562,False,True,False,-0.029227244876571322,0.40093489485452893,-0.9086076523680435,-1.0806943342238526,0.9035977346251122,High,1
-0.5875584264280246,2.095089986981841,-0.6962018035157382,-0.22456502068878884,-0.9102564852985486,1,1,1.6169687708594722,False,False,True,-0.032244543125545366,-0.3462405222392956,0.240982924722633,-0.09532126634220472,0.4795761905804047,High,0
0.3856232322519324,0.1950724277811828,-1.0414329711922958,0.585731307912814,0.8088303613464911,0,1,-0.596706032463675,True,False,True,-0.020675419034584454,0.8990518395837451,1.3905735018133094,-0.8789644148150114,0.10915942212085442,Low,0
1.1517449635531751,-1.2299407416193107,0.33949169951393476,0.8675629079730401,-0.9102564852985486,1,0,1.2843730943107963,False,False,True,-0.028702875674286112,-0.6664585581366489,-0.9086076523680435,-0.3048100288052322,0.08386546579213248,Low,0
0.18891630124215386,-1.3249416195793435,-1.3866641388688534,1.3077003081373786,-0.9102564852985486,0,0,-1.0846889721205375,False,False,True,-0.00014495726453053168,0.40093489485452893,-0.9086076523680435,-1.321218468903625,0.049870137956869766,Low,1
-0.504734455476539,2.2850917429019066,0.6847228671904925,-1.2260588112551243,0.8088303613464911,1,1,-0.7571331049920363,False,False,False,-0.03492675203135649,-0.3462405222392956,1.3905735018133094,1.906460241637836,0.05349827623436089,Low,0
-1.5193280996322387,0.4800750616612815,-1.7318953065454112,0.8907464178767903,0.8088303613464911,1,1,1.016995454075909,True,False,False,-0.028023570611623288,4.883987397417476,1.3905735018133094,-1.5151895452582802,0.27125997424536324,Low,1
0.32350525403831815,-0.0899302060989159,-0.35097063583918053,0.49457596661950365,-0.9102564852985486,1,1,-1.4662374649289869,False,False,True,0.021667079697218483,-0.49567560565806046,0.240982924722633,-0.3358454010219771,0.07536875124743347,Low,0
2.0628086440195177,0.5750759396213144,-0.005739468162622887,0.8166787402783326,-0.9102564852985486,1,1,1.6223780104849477,True,False,False,-0.02946467800727147,-0.5952989946039038,0.240982924722633,0.23055014193361587,0.42761788708614745,High,1
-0.8670893283892889,1.4300838412616106,1.3751852025436078,0.3213859386987124,-0.9102564852985486,0,0,-0.8319247558848097,False,False,True,-0.019600231636691175,-0.7945457724955903,-0.9086076523680435,2.2556081790762152,0.7631220768717206,High,1
-0.3494395099425032,1.0500803294214789,0.6847228671904925,-1.2260588112551243,-0.9102564852985486,1,0,1.4845039717362176,False,True,True,-0.03492675203135649,-0.7198282307862078,-0.9086076523680435,1.2004055237068916,0.7215201001106086,High,1
0.012915362970246737,1.1450812073815118,0.6847228671904925,-1.2260588112551243,0.8088303613464911,0,1,-0.9808642583843504,False,False,True,-0.03492675203135649,-0.3462405222392956,1.3905735018133094,1.254717425086195,0.06255128894385821,Low,0
1.9075136984854821,0.7650776955413803,-0.005739468162622887,0.512183228328318,0.8088303613464911,1,1,-0.939644533792172,True,False,False,-0.015392047123090351,-0.09718204987468745,1.3905735018133094,0.30813857247547793,0.3182790845135424,Medium,1
0.3856232322519324,-0.6599354738591133,0.33949169951393476,0.750852718666541,-0.9102564852985486,1,0,1.2698146138974111,False,False,False,-0.029021398385722784,-0.6664585581366489,-0.9086076523680435,-0.02549167885452888,0.13083562601174575,Low,0
-0.04920261524336754,-0.1849310840589488,0.6847228671904925,0.32388520996141856,-0.9102564852985486,0,0,1.111018057685925,False,False,False,-0.030038899200563723,-0.7198282307862078,-0.9086076523680435,0.49435080577594687,0.16743655423395135,Low,0
0.9550380325433966,-0.8499372297791791,0.6847228671904925,0.019551500544018097,-0.9102564852985486,0,0,0.7792620586671414,False,False,True,-0.03048125788004817,-0.7198282307862078,-0.9086076523680435,0.1141674961208228,0.08373912180581435,Low,0
-1.4882691105254315,-0.944938107739212,-0.35097063583918053,0.20816445598332803,0.8088303613464911,0,0,1.4110187572162933,False,False,False,-0.03083451049553094,0.10206472801699919,-0.9086076523680435,-0.6151637509726804,0.053652560898238194,Low,0
0.012915362970246737,-0.7549363518191462,-1.0414329711922958,0.6864944771720382,-0.9102564852985486,0,0,0.872284514591988,False,False,True,-0.02834409129636909,-0.09718204987468745,-0.9086076523680435,-1.0341412758987354,0.08563180181886514,Low,0
-0.6496764046416389,-0.3749328399790146,0.6847228671904925,-1.2260588112551243,0.8088303613464911,1,1,0.15712711574355592,False,True,False,-0.03492675203135649,-0.3462405222392956,1.3905735018133094,0.38572700301734,0.023173248464050382,Low,0
-0.11132059345698182,-1.799946009379508,-0.35097063583918053,-1.2260588112551243,0.8088303613464911,0,1,-0.3736162364202216,False,False,False,-0.03492675203135649,0.10206472801699919,1.3905735018133094,-0.8944821009233838,0.011329653907310572,Low,0
-1.0948552485058745,-0.1849310840589488,1.3751852025436078,0.3121749121818294,0.8088303613464911,0,1,0.09080637038448557,True,False,True,-0.027371993710640752,-0.49567560565806046,1.3905735018133094,1.068505191785726,0.07740667331726898,Low,0
-3.1136895404483385,0.10007154982114991,-1.7318953065454112,0.5572819923717437,-0.9102564852985486,1,1,1.2661513593309774,False,False,False,-0.02959313282645538,1.8952857290421778,0.240982924722633,-1.5151895452582802,0.6435171381227082,High,1
0.002562366601311024,0.1950724277811828,-1.3866641388688534,0.22210772502402865,-0.9102564852985486,1,0,1.301323452158211,True,False,True,-0.030645669106117854,0.40093489485452893,-0.9086076523680435,-1.1970769800366459,0.3915455979624415,High,0
0.219975290348961,1.2400820853415448,1.0299540348670502,1.5028956410121277,-0.9102564852985486,0,0,-0.7556642797990103,False,False,True,-0.009993068333555318,-0.7613379761803092,-0.9086076523680435,1.712489165283181,0.6880809152941765,High,1
-2.2026258599819957,-0.7549363518191462,1.0299540348670502,0.03238430339362048,-0.9102564852985486,1,0,-0.955735853036612,True,False,True,-0.020493778617498716,-0.7613379761803092,-0.9086076523680435,0.4090035321798986,0.08789554199016404,Low,0
-0.9809722884475817,0.10007154982114991,-0.005739468162622887,0.7950257731806138,-0.9102564852985486,1,1,-0.08034691105554194,False,False,True,-0.023976630130328812,-0.5952989946039038,0.240982924722633,0.03657906557896076,0.11409415206527623,Low,0
0.7065661196889395,-0.2799319620189817,-0.6962018035157382,1.2687688209844112,-0.9102564852985486,1,1,1.746168351171013,False,False,True,-0.028492743228592916,-0.3462405222392956,0.240982924722633,-0.6772344954061701,0.027877796188291754,Low,0
-0.753206368330996,-1.5149433754994095,1.7204163702201654,0.2022389197814785,-0.9102564852985486,1,1,0.44463399271707066,False,False,True,-0.029048296236975676,-0.8217157876626383,0.240982924722633,0.2693443572045469,0.04432616111382447,Low,0
0.24068128308683243,-1.7049451314194752,1.3751852025436078,0.7025758511080018,0.8088303613464911,1,1,-1.1471310491721243,False,False,False,-0.005661171271846742,-0.49567560565806046,1.3905735018133094,-0.04876820801708749,0.026959021444428515,Low,0
0.4270352177276753,-0.2799319620189817,-0.6962018035157382,0.050882923697284275,-0.9102564852985486,0,1,1.3698614764454076,False,False,False,-0.031235052470935182,-0.3462405222392956,0.240982924722633,-0.6772344954061701,0.14400976361899628,Low,0
0.7065661196889395,-0.0899302060989159,-1.7318953065454112,-1.2260588112551243,-0.9102564852985486,1,0,0.4734856545153891,False,True,True,-0.03492675203135649,1.8952857290421778,-0.9086076523680435,-1.5151895452582802,0.16769358250863547,Low,0
1.9592786803301607,1.1450812073815118,-1.3866641388688534,0.18296884811695607,-0.9102564852985486,0,1,-1.099633976299241,True,False,False,-0.015132804651333749,0.40093489485452893,0.240982924722633,-1.1194885494947837,0.6261926829414682,High,1
-1.291562179515653,-1.039938985699245,-1.3866641388688534,0.5728777981914783,-0.9102564852985486,0,1,0.46311370091390425,False,False,True,-0.02758497166687205,0.40093489485452893,0.240982924722633,-1.2979419397410665,0.03961134273994202,Low,0
-1.8920359689139243,1.6200855971816763,1.7204163702201654,-1.2260588112551243,2.5279172079915306,0,1,-0.6536357852574297,False,False,False,-0.03492675203135649,-0.27831548432167524,2.540164078903986,2.8297625650859946,0.890866322465656,High,1
-0.26661553899101753,0.955079451461446,-0.35097063583918053,0.8366788495602467,-0.9102564852985486,1,0,0.4723721311770352,True,False,False,-0.026543589560749134,-0.49567560565806046,-0.9086076523680435,0.005543693362215941,0.8635297842875019,High,1
-1.6125050669526602,0.7650776955413803,1.7204163702201654,0.9840013396528363,-0.9102564852985486,1,0,-0.49988793409429205,False,False,True,-0.018900381088821496,-0.8217157876626383,-0.9086076523680435,2.131466690209236,0.43473431502263277,High,0
0.08538633755279673,-0.2799319620189817,0.33949169951393476,0.7618247923910767,0.8088303613464911,1,0,-0.050544812435373364,False,False,True,-0.02434655003166657,-0.23950117694017783,-0.9086076523680435,0.16072055444594002,0.04982361442934516,Low,0
1.410569872776568,4.375111058022631,1.7204163702201654,-1.2260588112551243,0.8088303613464911,1,1,0.2931571430992603,False,False,False,-0.03492675203135649,-0.5500156359921567,1.3905735018133094,5.079827050799994,0.005993690180523384,Low,0
0.2303282867178967,0.38507418370124863,-0.005739468162622887,1.4717693603555695,-0.9102564852985486,1,1,0.8243531257553668,False,False,False,-0.02546772923501131,-0.5952989946039038,0.240982924722633,0.15296171139175382,0.20746731666954976,Low,1
0.4580942068344824,1.3350829633015777,1.0299540348670502,0.3025884331611911,-0.9102564852985486,0,0,-0.5161210601172537,True,False,False,-0.023694600401479887,-0.7613379761803092,-0.9086076523680435,1.7745599097166707,0.8891529009858263,High,1
0.40632922498980384,1.4300838412616106,-1.3866641388688534,1.0858521814924134,-0.9102564852985486,1,1,0.15698530896503454,True,False,False,-0.023968430408440364,0.40093489485452893,0.240982924722633,-1.0962120203322252,0.6379846335569611,High,1
0.7169191160578752,2.000089109021808,1.3751852025436078,0.6346802659515683,0.8088303613464911,0,0,1.00854216537447,True,False,True,-0.02883997024987105,-0.49567560565806046,-0.9086076523680435,2.6745857040022702,0.8914842579766227,High,1
-2.26474383819561,0.5750759396213144,-0.6962018035157382,0.543161029478261,-0.9102564852985486,1,0,-0.9887074116475747,True,False,False,-0.01374468528160685,-0.3462405222392956,-0.9086076523680435,-0.46774573294314253,0.7660458143769036,High,1
-0.1009675970880461,-0.7549363518191462,1.7204163702201654,1.2776775913813407,-0.9102564852985486,1,0,-0.14337836707960622,False,False,True,-0.020825974080966685,-0.8217157876626383,-0.9086076523680435,0.8900518015394433,0.06172555217878631,Low,0
0.26138727582470384,0.8600785735014131,-0.6962018035157382,0.0692834672673893,-0.9102564852985486,0,0,0.029077338979388568,True,False,True,-0.02834286840073811,-0.3462405222392956,-0.9086076523680435,-0.3979161454554667,0.5736631252727309,High,0
-1.8920359689139243,0.6700768175813473,0.6847228671904925,0.24178150042815957,-0.9102564852985486,1,0,-1.5484084754514187,False,False,True,0.034107842053720534,-0.7198282307862078,-0.9086076523680435,0.9831579181896778,0.25679794790756855,Low,0
-1.405445139573946,-1.039938985699245,1.3751852025436078,-1.2260588112551243,0.8088303613464911,0,0,-0.09748669345581606,False,False,False,-0.03492675203135649,-0.49567560565806046,-0.9086076523680435,0.4400389043966434,0.02333857963375248,Low,0
0.20962229398002527,-0.6599354738591133,0.33949169951393476,0.7629691279615218,0.8088303613464911,1,1,0.8181471169241274,False,True,True,-0.027935976298404944,-0.23950117694017783,1.3905735018133094,-0.02549167885452888,0.029694885943312543,Low,0
1.2552749272425323,-1.2299407416193107,0.6847228671904925,1.2202495706637213,0.8088303613464911,1,0,-0.3543741205617426,True,False,True,-0.01905077263275349,-0.3462405222392956,-0.9086076523680435,-0.10308010939639092,0.10449006095916959,Low,0
-0.825677342913546,0.10007154982114991,1.7204163702201654,0.5861433586084701,-0.9102564852985486,1,1,0.37800695867032,False,False,True,-0.02723358248989691,-0.8217157876626383,0.240982924722633,1.5883476764162017,0.10192542294328555,Low,0
0.7790370942714895,0.2900733057412157,-1.0414329711922958,0.5311646879356567,-0.9102564852985486,0,1,1.3156850077832185,False,False,False,-0.029756450672371457,-0.09718204987468745,0.240982924722633,-0.863446728706639,0.22260154314483818,Low,0
-0.46332247000079607,-1.5149433754994095,1.7204163702201654,-0.09572381491422596,-0.9102564852985486,0,1,-0.15409969211698143,False,True,False,-0.028517776613637327,-0.8217157876626383,0.240982924722633,0.2693443572045469,0.08445215256399842,Low,0
-0.27696853535995325,-0.3749328399790146,0.6847228671904925,0.69464720597312,0.8088303613464911,1,1,-1.6593967862280503,False,True,False,0.1804987185789221,-0.3462405222392956,1.3905735018133094,0.38572700301734,0.05252617857724156,Low,0
-0.15273257893272468,2.665095254742038,0.6847228671904925,0.9683776036340196,-0.9102564852985486,0,1,-0.5752107063162145,True,False,True,-0.017984233972921187,-0.7198282307862078,0.240982924722633,2.1237078471550497,0.24803041861510158,Low,1
-1.943800950758603,0.1950724277811828,1.0299540348670502,0.7507493448262595,0.8088303613464911,1,0,-0.5163455439105592,True,False,False,-0.020398950463572544,-0.42926001302749833,-0.9086076523680435,1.029710976514795,0.1491781068499294,Low,0
-0.16308557530166037,2.4750934988219724,-0.005739468162622887,0.6572318149714859,-0.9102564852985486,1,0,0.9779792289093924,True,False,False,-0.028696915134843026,-0.5952989946039038,-0.9086076523680435,1.0064344473522364,0.965442060515634,High,1
-0.7739123610688674,1.2400820853415448,-1.0414329711922958,0.3879444057036785,0.8088303613464911,1,1,-1.4492312913753884,False,True,True,0.015050101353217361,0.8990518395837451,1.3905735018133094,-0.7082698676229149,0.16805256513764177,Low,0
1.4933938437280536,1.6200855971816763,-0.005739468162622887,-1.2260588112551243,-0.9102564852985486,1,0,-1.121758275685753,False,True,False,-0.03492675203135649,-0.5952989946039038,-0.9086076523680435,0.6572865099138572,0.9435690076360056,High,1
-1.3433271613603317,0.005070671861117005,0.33949169951393476,-1.2260588112551243,0.8088303613464911,0,1,-1.2620569835958955,False,False,False,-0.03492675203135649,-0.23950117694017783,1.3905735018133094,0.3003797294212917,0.04146870959966417,Low,0
-1.0016782811854532,-1.2299407416193107,-0.35097063583918053,0.7220788349499285,-0.9102564852985486,1,1,-1.587057712349781,True,False,True,0.0799196376965849,-0.49567560565806046,0.240982924722633,-0.7082698676229149,0.15438218980871618,Low,0
0.8515080688540395,0.4800750616612815,-0.6962018035157382,0.4765739902006703,-0.9102564852985486,0,1,0.032907168543962,False,True,True,-0.026291417161973703,-0.3462405222392956,0.240982924722633,-0.49102226210570116,0.15050533206716357,Low,0
0.6962131233200037,0.955079451461446,1.7204163702201654,-1.2260588112551243,-0.9102564852985486,1,0,1.478137841597865,False,False,False,-0.03492675203135649,-0.8217157876626383,-0.9086076523680435,2.28664355129296,0.8104355067408484,High,1
-1.0016782811854532,0.005070671861117005,1.7204163702201654,1.344366238796972,-0.9102564852985486,1,0,-1.1670133014108914,False,False,False,0.005432011397230317,-0.8217157876626383,-0.9086076523680435,1.5107592458743397,0.28814291737839687,Low,0
-1.6642700487973388,-0.46993371793904753,-0.005739468162622887,0.747561289171243,0.8088303613464911,0,0,0.9528815222000551,False,False,True,-0.028337252135829025,-0.09718204987468745,-0.9086076523680435,-0.1961862260466254,0.03754579889099721,Low,0
0.012915362970246737,0.2900733057412157,-0.35097063583918053,-1.2260588112551243,0.8088303613464911,1,1,-1.0740825925530835,False,True,False,-0.03492675203135649,0.10206472801699919,1.3905735018133094,-0.2117039121549978,0.025180183809644673,Low,0
0.24068128308683243,-1.2299407416193107,0.33949169951393476,1.4426871208203529,-0.9102564852985486,1,1,0.865816695213933,False,False,True,-0.02571861105599454,-0.6664585581366489,0.240982924722633,-0.3048100288052322,0.04069173634909539,Low,0
-1.581446077845853,-0.944938107739212,1.3751852025436078,-1.2260588112551243,-0.9102564852985486,1,0,1.5751369921641794,False,False,False,-0.03492675203135649,-0.7945457724955903,-0.9086076523680435,0.5098684918843193,0.2821971842926866,Low,0
1.6590417856310251,0.2900733057412157,1.7204163702201654,-1.2260588112551243,0.8088303613464911,1,1,-1.67330292057542,False,False,True,-0.03492675203135649,-0.5500156359921567,1.3905735018133094,1.7435245374999258,0.020134296549049246,Low,0
2.0628086440195177,-0.7549363518191462,0.33949169951393476,0.8927302646035588,0.8088303613464911,1,1,1.3782401116398264,False,False,True,-0.028817693113307726,-0.23950117694017783,1.3905735018133094,-0.0720447371796461,0.02818352337427602,Low,0
-0.1734385716705961,-0.2799319620189817,-1.0414329711922958,0.15433814680023655,-0.9102564852985486,1,0,-1.4624261243170862,False,True,True,0.009851785404441734,-0.09718204987468745,-0.9086076523680435,-0.9565528453568735,0.12114122291814564,Low,0
-0.6496764046416389,2.3800926208619395,-0.6962018035157382,-1.2260588112551243,-0.9102564852985486,1,1,1.5693429730142043,False,False,False,-0.03492675203135649,-0.3462405222392956,0.240982924722633,-0.02549167885452888,0.3696542559430197,High,0
0.12679832302853958,-0.2799319620189817,0.33949169951393476,0.014001898401080437,-0.9102564852985486,0,0,-1.1147938709467495,True,False,False,-0.017083731553475652,-0.6664585581366489,-0.9086076523680435,0.16072055444594002,0.16701334630249692,Low,1
-0.4322634808939889,0.005070671861117005,-0.6962018035157382,0.7287133808606654,-0.9102564852985486,1,1,0.6744780124809314,False,False,True,-0.02764748766034587,-0.3462405222392956,0.240982924722633,-0.6074049079184942,0.09016159212285028,Low,0
1.7211597638446394,0.6700768175813473,-1.7318953065454112,0.2039656160546274,-0.9102564852985486,0,1,-0.20562787994486106,True,False,False,-0.026546168611023716,1.8952857290421778,0.240982924722633,-1.5151895452582802,0.4339541881649363,High,1
1.1620979599221108,-0.6599354738591133,1.3751852025436078,1.3531571886989222,-0.9102564852985486,1,0,-1.2008131999864287,True,False,True,0.008110796017779873,-0.7945457724955903,-0.9086076523680435,0.7193572543473468,0.22027939946011849,Low,0
-0.1734385716705961,-0.0899302060989159,-1.0414329711922958,1.1565244136817492,-0.9102564852985486,1,1,-0.7617987747567027,True,False,True,-0.013021182987614175,-0.09718204987468745,0.240982924722633,-0.9255174731401287,0.1918534372820302,Low,0
0.5926831596306467,-1.894946887339541,0.6847228671904925,0.5816327919750698,-0.9102564852985486,1,1,-1.6611982381451116,False,True,True,0.17248493566940393,-0.7198282307862078,0.240982924722633,-0.483263419051515,0.02791104741544976,Low,0
-1.260503190408846,-0.46993371793904753,1.3751852025436078,-1.2260588112551243,-0.9102564852985486,1,1,-0.11376970476617883,False,True,True,-0.03492675203135649,-0.7945457724955903,0.240982924722633,0.8590164293226985,0.12184924131547048,Low,0
1.4726878509901822,1.2400820853415448,-1.0414329711922958,-1.2260588112551243,-0.9102564852985486,1,0,1.035957096010818,False,True,True,-0.03492675203135649,-0.09718204987468745,-0.9086076523680435,-0.7082698676229149,0.7806211836364242,High,1
1.4002168764076324,-0.944938107739212,0.6847228671904925,0.07246173130088848,0.8088303613464911,1,0,-0.6067383823778517,False,True,True,-0.02462228138074378,-0.3462405222392956,-0.9086076523680435,0.05985559474151937,0.037992487260333496,Low,0
-0.09061460071911039,-0.5649345958990805,1.3751852025436078,-1.2260588112551243,0.8088303613464911,1,1,0.8851032892132771,False,True,False,-0.03492675203135649,-0.49567560565806046,1.3905735018133094,0.7891868418350226,0.02188608886493883,Low,0
-0.49438145910760317,-0.3749328399790146,-1.3866641388688534,0.7548615048267738,-0.9102564852985486,1,0,0.9211523863239134,True,False,True,-0.02823400703698868,0.40093489485452893,-0.9086076523680435,-1.2436300383617631,0.29472021137751164,Low,1
-0.7117943828552532,-0.7549363518191462,-1.0414329711922958,-1.2260588112551243,0.8088303613464911,1,1,-1.1509160517476695,False,False,True,-0.03492675203135649,0.8990518395837451,1.3905735018133094,-1.0341412758987354,0.012436740733153165,Low,0
-0.5461464409522817,-0.3749328399790146,1.0299540348670502,-1.2260588112551243,2.5279172079915306,0,1,-0.19312376636717987,False,True,False,-0.03492675203135649,-0.09718204987468745,2.540164078903986,0.6572865099138572,0.45107973577069177,High,0
-0.06990860798123896,0.7650776955413803,1.3751852025436078,0.9854689592517394,0.8088303613464911,1,0,0.9100047688305642,True,False,True,-0.027423438916159972,-0.49567560565806046,-0.9086076523680435,1.7668010666624845,0.36928654627066393,High,0
-0.2459095462531461,-0.944938107739212,-0.005739468162622887,1.0138401023390564,0.8088303613464911,1,0,-0.3335595716056349,True,False,True,-0.0206055234053132,-0.09718204987468745,-0.9086076523680435,-0.3901573024012805,0.07387563554781876,Low,0
-0.9809722884475817,-0.5649345958990805,-0.6962018035157382,0.7677939895937904,0.8088303613464911,1,0,-0.6471702333924384,True,False,True,-0.018518811806512974,0.40093489485452893,-0.9086076523680435,-0.747064082893846,0.09338447683768418,Low,0
0.4684472032034181,-1.4199424975393766,1.3751852025436078,-1.2260588112551243,-0.9102564852985486,0,0,-1.5497107256463045,False,True,True,-0.03492675203135649,-0.7945457724955903,-0.9086076523680435,0.16072055444594002,0.11406289415445584,Low,0
-2.0369779180790246,0.8600785735014131,-0.005739468162622887,1.0988540102019795,-0.9102564852985486,1,1,-0.114754328708066,False,True,False,-0.022063761322405367,-0.5952989946039038,0.240982924722633,0.34693278774640895,0.2572272329548863,Low,0
2.0628086440195177,-0.7549363518191462,-1.3866641388688534,0.32132734948799374,0.8088303613464911,1,0,0.1186666057017255,False,False,True,-0.027440985844636112,1.8952857290421778,-0.9086076523680435,-1.2746654105785078,0.01949203626565887,Low,0
-0.46332247000079607,-0.46993371793904753,-0.6962018035157382,1.3674726998756674,-0.9102564852985486,0,1,1.5932838992128961,False,True,True,-0.027931372488450797,-0.3462405222392956,0.240982924722633,-0.7237875537312873,0.09101088101122776,Low,0
0.9860970216502037,0.955079451461446,0.6847228671904925,-1.2260588112551243,0.8088303613464911,0,1,-1.5634426103359336,False,True,True,-0.03492675203135649,-0.3462405222392956,1.3905735018133094,1.146093622327588,0.04532483888395945,Low,0
0.8618610652229752,1.1450812073815118,-1.3866641388688534,0.6766855196690549,-0.9102564852985486,1,1,0.29968915053942563,False,False,True,-0.02653899059362275,0.40093489485452893,0.240982924722633,-1.1194885494947837,0.3140686525500323,Medium,0
0.44774121046554666,0.7650776955413803,-0.35097063583918053,-1.2260588112551243,0.8088303613464911,1,0,1.7058292937679558,False,False,True,-0.03492675203135649,0.10206472801699919,-0.9086076523680435,-0.0565270510712737,0.1374105766964333,Low,0
-0.29767452809782463,-0.6599354738591133,0.33949169951393476,1.4881366175361626,0.8088303613464911,1,0,0.02314849001416466,False,False,False,-0.02108481002285733,-0.23950117694017783,-0.9086076523680435,-0.02549167885452888,0.04605903294783034,Low,0
-0.1009675970880461,-0.7549363518191462,1.3751852025436078,0.5796926062491656,-0.9102564852985486,1,1,-1.1773488003792756,False,False,True,-0.006053048391772322,-0.7945457724955903,0.240982924722633,0.6495276668596709,0.05417986312906647,Low,0
-1.1569732267194888,-1.6099442534594424,-1.7318953065454112,0.3933458493767718,0.8088303613464911,1,1,-1.0632571363388605,False,False,False,-0.013401101022371048,4.883987397417476,1.3905735018133094,-1.5151895452582802,0.12689877120971807,Low,0
-0.2562625426220818,-1.5149433754994095,0.33949169951393476,0.15276121418078717,-0.9102564852985486,1,0,0.17463318871565728,True,False,False,-0.028451481158942186,-0.6664585581366489,-0.9086076523680435,-0.4444692037805839,0.14116366133662842,Low,0
0.11644532665960386,-0.944938107739212,-0.005739468162622887,1.1350486588816557,-0.9102564852985486,1,0,-1.548929654607904,False,False,True,0.07642307364804539,-0.5952989946039038,-0.9086076523680435,-0.3901573024012805,0.06632065296993202,Low,0
-1.6021520705837244,0.1950724277811828,-1.3866641388688534,1.599450820794676,0.8088303613464911,1,0,1.4408679503385542,False,False,False,-0.0269404441683198,1.8952857290421778,-0.9086076523680435,-1.1970769800366459,0.14173776239772143,Low,0
0.7065661196889395,-0.3749328399790146,1.0299540348670502,-1.2260588112551243,-0.9102564852985486,1,1,1.1412844732119045,False,True,False,-0.03492675203135649,-0.7613379761803092,0.240982924722633,0.6572865099138572,0.19211907569369677,Low,0
0.44774121046554666,-0.3749328399790146,0.6847228671904925,-1.2260588112551243,-0.9102564852985486,1,0,0.5902444371909495,False,True,False,-0.03492675203135649,-0.7198282307862078,-0.9086076523680435,0.38572700301734,0.27078864835816396,Low,1
-0.22520355351527466,-0.3749328399790146,1.0299540348670502,0.5770575364323007,-0.9102564852985486,1,1,-0.15226858810601013,True,False,True,-0.024714914761899725,-0.7613379761803092,0.240982924722633,0.6572865099138572,0.18370760572839895,Low,0
0.5823301632617109,0.6700768175813473,0.6847228671904925,0.8201770779725792,0.8088303613464911,1,1,0.8072475304751298,False,False,False,-0.02770413011950011,-0.3462405222392956,1.3905735018133094,0.9831579181896778,0.20634832999975475,Low,0
-0.11132059345698182,0.5750759396213144,-1.3866641388688534,-1.2260588112551243,-0.9102564852985486,1,1,-1.5492779794993032,False,False,True,-0.03492675203135649,0.40093489485452893,0.240982924722633,-1.166041607819901,0.2753128318873566,Low,0
1.1310389708153037,-0.6599354738591133,0.6847228671904925,-1.2260588112551243,0.8088303613464911,1,1,0.10880990083794409,False,False,False,-0.03492675203135649,-0.3462405222392956,1.3905735018133094,0.22279129887942967,0.01742321145731086,Low,0
1.2759809199804037,-0.46993371793904753,-0.35097063583918053,0.7142108657647772,0.8088303613464911,0,1,0.23855019580313375,True,False,True,-0.026109208069591567,0.10206472801699919,1.3905735018133094,-0.45998688988895636,0.06329550643925229,Low,0
0.6133891523685181,-0.46993371793904753,1.3751852025436078,0.9290668115360438,0.8088303613464911,1,0,0.8257909034618289,True,False,True,-0.027374767311045482,-0.49567560565806046,-0.9086076523680435,0.8590164293226985,0.0692758543768399,Low,0
-0.9188543102339675,-0.2799319620189817,-0.005739468162622887,-1.2260588112551243,-0.9102564852985486,0,1,1.4496809014967105,False,True,True,-0.03492675203135649,-0.5952989946039038,0.240982924722633,-0.11859779550476333,0.1922627358980442,Low,0
-0.8463833356514174,-0.1849310840589488,1.3751852025436078,1.6433010728354474,-0.9102564852985486,1,0,1.7477006667298227,False,False,True,-0.027530098878601073,-0.7945457724955903,-0.9086076523680435,1.068505191785726,0.21823946032065894,Low,0
0.35456424314512525,0.38507418370124863,0.33949169951393476,0.6568639068318505,-0.9102564852985486,0,0,-0.5412219064600642,False,True,False,-0.02080166225105771,-0.6664585581366489,-0.9086076523680435,0.48659196272176064,0.3296316758664778,Medium,0
-1.3950921432050103,-0.1849310840589488,1.0299540348670502,-1.2260588112551243,-0.9102564852985486,1,0,0.0366947874807347,False,False,True,-0.03492675203135649,-0.7613379761803092,-0.9086076523680435,0.7814279987808365,0.22885047803937753,Low,0
2.0628086440195177,-0.6599354738591133,1.0299540348670502,-1.2260588112551243,0.8088303613464911,1,1,-0.769855771944241,False,False,False,-0.03492675203135649,-0.42926001302749833,1.3905735018133094,0.47107427661338824,0.009307138662559805,Low,0
-0.9499132993407745,0.10007154982114991,0.6847228671904925,1.0929626644162473,-0.9102564852985486,1,1,-1.409570918074702,False,True,False,0.028249970520265573,-0.7198282307862078,0.240982924722633,0.6572865099138572,0.14863583546130757,Low,0
1.0999799817084965,-0.8499372297791791,-0.6962018035157382,1.107822172401555,-0.9102564852985486,0,1,1.720001773688268,False,True,True,-0.028862290112818562,-0.3462405222392956,0.240982924722633,-0.8168936703815217,0.04383146054901984,Low,0
0.002562366601311024,-1.3249416195793435,-1.0414329711922958,0.5264029100289017,0.8088303613464911,1,0,0.25876960979206365,True,False,False,-0.027043282318539173,0.8990518395837451,-0.9086076523680435,-1.1272473925489699,0.11250017465748331,Low,0
0.9239790434365894,-0.2799319620189817,-0.35097063583918053,1.5409860118249166,-0.9102564852985486,1,1,-0.23112100604769015,False,False,True,-0.018436569920750812,-0.49567560565806046,0.240982924722633,-0.3979161454554667,0.07568695528031417,Low,0
-1.0948552485058745,1.5250847192216435,-0.005739468162622887,-1.2260588112551243,-0.9102564852985486,0,0,-1.5645149695909775,False,False,False,-0.03492675203135649,-0.5952989946039038,-0.9086076523680435,0.6184922946429261,0.9113677779735426,High,1
-0.1009675970880461,0.10007154982114991,-0.005739468162622887,0.4135583244827425,-0.9102564852985486,1,1,0.015807329258425335,False,True,True,-0.026530009061417524,-0.5952989946039038,0.240982924722633,0.03657906557896076,0.07724171537425528,Low,0
0.18891630124215386,-0.3749328399790146,0.6847228671904925,-1.2260588112551243,-0.9102564852985486,1,1,-0.8829797311787055,False,False,False,-0.03492675203135649,-0.7198282307862078,0.240982924722633,0.38572700301734,0.1454838974007577,Low,1
0.04397435207705388,-0.1849310840589488,-0.35097063583918053,-1.2260588112551243,0.8088303613464911,1,1,0.7445319564632458,False,False,True,-0.03492675203135649,0.10206472801699919,1.3905735018133094,-0.36688077323872187,0.015673189967241884,Low,0
0.8100960833782966,0.005070671861117005,-1.3866641388688534,0.884970805847026,-0.9102564852985486,1,1,1.6393105770760168,True,False,False,-0.02931035927805577,0.40093489485452893,0.240982924722633,-1.2125946661450182,0.22822877129958885,Low,0
-1.4365041286807532,-0.5649345958990805,-0.6962018035157382,1.6097652506936941,-0.9102564852985486,1,0,-0.08825931067924948,False,True,True,-0.019488797105992762,-0.3462405222392956,-0.9086076523680435,-0.747064082893846,0.2507590636501901,Low,0
-0.30802752446676035,-0.7549363518191462,0.6847228671904925,0.9675631333458388,-0.9102564852985486,1,1,0.8539509737757215,False,False,True,-0.02732333245632289,-0.7198282307862078,0.240982924722633,0.16847939750012625,0.04957959310991689,Low,0
0.43738821409661094,-0.7549363518191462,-1.3866641388688534,-1.2260588112551243,0.8088303613464911,0,1,1.439697564749526,False,False,True,-0.03492675203135649,1.8952857290421778,1.3905735018133094,-1.2746654105785078,0.012737001310724758,Low,0
0.5926831596306467,-0.5649345958990805,-0.6962018035157382,-1.2260588112551243,0.8088303613464911,1,0,0.6782026643241658,False,True,True,-0.03492675203135649,0.40093489485452893,-0.9086076523680435,-0.747064082893846,0.017531198355165006,Low,0
1.0689209926016894,-1.894946887339541,1.3751852025436078,-1.2260588112551243,-0.9102564852985486,1,0,1.5682521248064871,False,True,False,-0.03492675203135649,-0.7945457724955903,-0.9086076523680435,-0.1884273829924392,0.25613262805922193,Low,0
1.3173929054561466,0.8600785735014131,-0.6962018035157382,0.41589274336350895,0.8088303613464911,1,0,1.4470308764215833,True,False,False,-0.030294748902091738,0.40093489485452893,-0.9086076523680435,-0.3979161454554667,0.5957626196758399,High,0
0.002562366601311024,-0.3749328399790146,-1.3866641388688534,1.4016396803093256,2.5279172079915306,1,1,-1.2235383903348185,True,False,False,0.010850810703299714,3.389636563229827,2.540164078903986,-1.2436300383617631,0.9839534068848002,High,1
-0.44261647726292463,1.0500803294214789,0.33949169951393476,-1.2260588112551243,-0.9102564852985486,1,0,-0.10748084449607358,False,False,True,-0.03492675203135649,-0.6664585581366489,-0.9086076523680435,0.8124633709975813,0.6894610019941146,High,1
0.5305651814170323,2.000089109021808,-0.005739468162622887,0.998686524671458,0.8088303613464911,1,1,-1.0150473666676512,True,False,False,-0.007322507870232114,-0.09718204987468745,1.3905735018133094,0.8124633709975813,0.19190523647721228,Low,1
-0.39085149541824604,-1.4199424975393766,0.6847228671904925,1.028484676206139,-0.9102564852985486,1,0,0.5105478066932497,False,False,False,-0.025919528832248292,-0.7198282307862078,-0.9086076523680435,-0.2117039121549978,0.12078357892865584,Low,0
0.6858601269510681,-0.2799319620189817,-1.0414329711922958,1.1506067428807911,-0.9102564852985486,1,0,1.3848902041833857,False,False,True,-0.02808874856150539,-0.09718204987468745,-0.9086076523680435,-0.9565528453568735,0.1150519650143103,Low,1
-1.943800950758603,-0.3749328399790146,-1.0414329711922958,0.39930477340281184,-0.9102564852985486,1,1,0.3206407968238458,False,False,True,-0.02783461911080313,-0.09718204987468745,0.240982924722633,-0.9720705314652459,0.049857947522778216,Low,0
0.4270352177276753,-1.4199424975393766,-1.0414329711922958,0.70974363909547,-0.9102564852985486,0,1,1.408643973342282,True,False,True,-0.02939919782928548,-0.09718204987468745,0.240982924722633,-1.1427650786573424,0.15429045402504446,Low,0
0.34421124677618953,0.10007154982114991,0.33949169951393476,0.9782864035728024,-0.9102564852985486,1,0,1.5217766537808377,True,False,False,-0.02885073831731789,-0.6664585581366489,-0.9086076523680435,0.34693278774640895,0.5220667376745545,High,0
0.2820932685625753,0.955079451461446,-1.3866641388688534,-1.2260588112551243,0.8088303613464911,1,1,0.047828625471619465,False,True,False,-0.03492675203135649,1.8952857290421778,1.3905735018133094,-1.135006235603156,0.12116603665352821,Low,0
-0.3287335172046318,0.10007154982114991,1.3751852025436078,0.4369808462625471,0.8088303613464911,0,0,0.7189104542361954,True,False,True,-0.02884577994365592,-0.49567560565806046,-0.9086076523680435,1.2779939542487535,0.10676340147046667,Low,0
-0.19414456440846753,0.10007154982114991,-0.6962018035157382,0.5354799036938669,-0.9102564852985486,1,0,0.7354753348627832,False,True,False,-0.028528723544013784,-0.3462405222392956,-0.9086076523680435,-0.5841283787559356,0.2851757034287526,Low,0
-0.7739123610688674,-0.6599354738591133,0.6847228671904925,-1.2260588112551243,0.8088303613464911,1,0,-1.6582480292251682,False,False,True,-0.03492675203135649,-0.3462405222392956,-0.9086076523680435,0.22279129887942967,0.012127701780163824,Low,0
1.4519818582523107,-1.3249416195793435,0.6847228671904925,-1.2260588112551243,-0.9102564852985486,1,0,-0.17554966800316793,False,True,True,-0.03492675203135649,-0.7198282307862078,-0.9086076523680435,-0.15739201077569437,0.1519800760344212,Low,0
-1.46756311778756,-1.2299407416193107,1.7204163702201654,-1.2260588112551243,0.8088303613464911,1,1,-1.6317892914053709,False,False,True,-0.03492675203135649,-0.5500156359921567,1.3905735018133094,0.5021096488301331,0.00903268659814911,Low,0
-0.8670893283892889,-0.2799319620189817,0.6847228671904925,-1.2260588112551243,0.8088303613464911,0,1,-1.6715885062751878,False,False,True,-0.03492675203135649,-0.3462405222392956,1.3905735018133094,0.4400389043966434,0.015302022667016406,Low,0
-0.21485055714633894,-1.039938985699245,1.0299540348670502,0.48227014562959714,-0.9102564852985486,1,1,-1.3846825202635513,True,False,False,0.00834889984484551,-0.7613379761803092,0.240982924722633,0.22279129887942967,0.1815440712343465,Low,0
0.24068128308683243,-1.1349398636592778,-0.35097063583918053,0.04435335681068432,-0.9102564852985486,0,1,-0.8544509283558402,False,False,False,-0.022023838222680798,-0.49567560565806046,0.240982924722633,-0.6772344954061701,0.057404582666205226,Low,0
0.12679832302853958,-0.1849310840589488,0.6847228671904925,1.0793998239492535,0.8088303613464911,0,1,1.3388136410328635,True,False,True,-0.02819433693094102,-0.3462405222392956,1.3905735018133094,0.49435080577594687,0.083650134715965,Low,0
-0.2562625426220818,2.1900908649418738,-0.6962018035157382,-1.2260588112551243,-0.9102564852985486,1,1,-0.6056016606366155,False,True,True,-0.03492675203135649,-0.3462405222392956,0.240982924722633,-0.0720447371796461,0.3494508959500462,High,0
0.6133891523685181,-0.1849310840589488,0.33949169951393476,0.9537107177113485,-0.9102564852985486,0,1,-0.9280619026387583,True,False,True,-0.010779725514921564,-0.6664585581366489,0.240982924722633,0.20727361277105727,0.19093232837843557,Low,0
0.48915319594128953,0.5750759396213144,-0.005739468162622887,1.413681127518264,-0.9102564852985486,1,0,0.7367535145343774,False,True,True,-0.025343985782499624,-0.5952989946039038,-0.9086076523680435,0.23055014193361587,0.3511611837326068,High,1
1.0689209926016894,1.5250847192216435,-0.6962018035157382,1.3680597156115517,-0.9102564852985486,1,0,-1.5985960397864118,True,False,False,0.1305203501771024,-0.3462405222392956,-0.9086076523680435,-0.2349804413175564,0.9190734076433882,High,1
-1.3536801577292674,-0.46993371793904753,-0.35097063583918053,0.9250143643749469,-0.9102564852985486,1,1,1.6304866372007052,False,False,True,-0.029188838762277965,-0.49567560565806046,0.240982924722633,-0.45998688988895636,0.048760606088913847,Low,0
0.5719771668927752,0.6700768175813473,0.6847228671904925,0.560321086964988,-0.9102564852985486,1,1,0.8623428652003589,True,False,False,-0.02875486454418743,-0.7198282307862078,0.240982924722633,0.9831579181896778,0.5921007480426953,High,1
0.903273050698718,-0.7549363518191462,1.3751852025436078,0.04235426083729055,-0.9102564852985486,1,1,-1.4150080655532689,False,True,True,0.00020733872729018194,-0.7945457724955903,0.240982924722633,0.6495276668596709,0.06526730773123164,Low,0
2.0628086440195177,0.005070671861117005,0.33949169951393476,-1.2260588112551243,0.8088303613464911,1,0,0.0730944769958338,False,True,False,-0.03492675203135649,-0.23950117694017783,-0.9086076523680435,0.3003797294212917,0.0183030014476466,Low,0
1.0275090071259465,0.005070671861117005,0.33949169951393476,-1.2260588112551243,0.8088303613464911,0,0,-1.4035292167285391,False,True,False,-0.03492675203135649,-0.23950117694017783,-0.9086076523680435,0.3003797294212917,0.0439277709327296,Low,0
-0.3494395099425032,1.4300838412616106,0.33949169951393476,0.41350647704421606,-0.9102564852985486,1,1,-0.948963838059859,False,False,True,-0.016283794683143824,-0.6664585581366489,0.240982924722633,0.9986756042980501,0.19579739548018743,Low,0
-0.35979250631143894,-0.1849310840589488,1.3751852025436078,-1.2260588112551243,-0.9102564852985486,1,0,0.20202056034707705,False,False,True,-0.03492675203135649,-0.7945457724955903,-0.9086076523680435,1.068505191785726,0.2192892241663904,Low,0
-1.0637962593990673,-0.6599354738591133,-0.005739468162622887,1.5864594257801699,-0.9102564852985486,1,1,0.9669163815198092,True,False,True,-0.02558504444407011,-0.5952989946039038,0.240982924722633,-0.27377465658848743,0.07826945366132425,Low,0
-1.4882691105254315,0.10007154982114991,-0.6962018035157382,0.7018541604466576,-0.9102564852985486,1,0,-0.1335356161423706,True,False,True,-0.024135494784148444,-0.3462405222392956,-0.9086076523680435,-0.5841283787559356,0.4375840628434572,High,1
1.6383357928931537,-0.0899302060989159,-1.0414329711922958,1.258175249612956,0.8088303613464911,1,1,1.309392833455559,False,False,False,-0.027602273534236346,0.8990518395837451,1.3905735018133094,-0.9255174731401287,0.046706123893379296,Low,0
0.2303282867178967,-0.0899302060989159,-1.0414329711922958,1.5037476726025227,0.8088303613464911,0,0,0.6134587126647694,False,False,False,-0.024497768246979017,0.8990518395837451,-0.9086076523680435,-0.9255174731401287,0.09582239330295407,Low,1
-1.695329037904146,0.4800750616612815,0.33949169951393476,-0.23579761575304,-0.9102564852985486,1,1,-0.8135633072154517,False,True,True,-0.025313286905605713,-0.6664585581366489,0.240982924722633,0.5331450210468779,0.16951049563212142,Low,0
1.3588048909318895,0.1950724277811828,-0.35097063583918053,-1.2260588112551243,-0.9102564852985486,1,0,0.5793158963443698,False,True,False,-0.03492675203135649,-0.49567560565806046,-0.9086076523680435,-0.2427392843717426,0.4197308872649725,High,0
1.3173929054561466,0.2900733057412157,0.33949169951393476,-1.2260588112551243,0.8088303613464911,1,1,0.11279357244268497,False,False,True,-0.03492675203135649,-0.23950117694017783,1.3905735018133094,0.4400389043966434,0.019802422192473045,Low,0
-0.44261647726292463,1.6200855971816763,-0.005739468162622887,-1.2260588112551243,0.8088303613464911,0,1,0.9432784299512432,False,True,False,-0.03492675203135649,-0.09718204987468745,1.3905735018133094,0.6572865099138572,0.1433279176466107,Low,0
-1.291562179515653,-0.1849310840589488,-0.005739468162622887,-0.36611077512291545,-0.9102564852985486,1,0,-0.643622098720008,False,False,False,-0.027872924458493296,-0.5952989946039038,-0.9086076523680435,-0.07980358023383231,0.22003918550473292,Low,0
-0.13202658619485325,1.3350829633015777,-1.3866641388688534,0.763031569613493,-0.9102564852985486,1,0,-1.4489954700167647,True,False,False,0.026614509861690703,0.40093489485452893,-0.9086076523680435,-1.1039708633864114,0.9508094230340105,High,1
0.31315225766938243,-0.46993371793904753,0.6847228671904925,-1.2260588112551243,0.8088303613464911,0,0,0.5399433227786901,False,False,True,-0.03492675203135649,-0.3462405222392956,-0.9086076523680435,0.33141510163803656,0.014958238752585997,Low,0
0.43738821409661094,0.4800750616612815,-0.005739468162622887,0.7740256343568462,0.8088303613464911,1,1,-0.9197849566840418,True,False,True,-0.012993948464890739,-0.09718204987468745,1.3905735018133094,0.19175592666268484,0.17602080617128238,Low,1
-1.260503190408846,2.095089986981841,-1.3866641388688534,-1.2260588112551243,0.8088303613464911,1,1,1.5984250490246101,False,False,True,-0.03492675203135649,1.8952857290421778,1.3905735018133094,-1.0419001189529218,0.08606551532921441,Low,0
1.3277459018250823,-0.0899302060989159,0.6847228671904925,-1.2260588112551243,0.8088303613464911,1,1,0.6769757653326273,False,True,False,-0.03492675203135649,-0.3462405222392956,1.3905735018133094,0.5486627071552502,0.027491087504269145,Low,0
-1.043090266661196,0.5750759396213144,1.0299540348670502,0.5598300612236509,-0.9102564852985486,0,0,-0.0367579841599704,True,False,False,-0.02549859498393964,-0.7613379761803092,-0.9086076523680435,1.2779939542487535,0.7657969253197962,High,1
-1.1983852121952316,-0.3749328399790146,1.0299540348670502,0.6839481740223715,-0.9102564852985486,1,1,0.6245412699755986,False,True,True,-0.0276639471143612,-0.7613379761803092,0.240982924722633,0.6572865099138572,0.07223126463142233,Low,0
-0.3390865135735675,0.4800750616612815,-0.005739468162622887,1.309422670414118,0.8088303613464911,0,0,0.6901419927249063,True,False,True,-0.025545887574314377,-0.09718204987468745,-0.9086076523680435,0.19175592666268484,0.12248918410190827,Low,0
-1.9955659326032815,-0.3749328399790146,1.3751852025436078,1.1300383985140996,0.8088303613464911,1,1,-1.6789090849892723,True,False,True,0.3143682384238386,-0.49567560565806046,1.3905735018133094,0.9288460168103743,0.0500635475079486,Low,0
-1.1569732267194888,-0.0899302060989159,-0.005739468162622887,-1.2260588112551243,0.8088303613464911,1,0,-0.9129775336186786,False,False,True,-0.03492675203135649,-0.09718204987468745,-0.9086076523680435,-0.041009364962901286,0.025102871038806537,Low,0
0.6651541342131967,-0.0899302060989159,-1.7318953065454112,-1.2260588112551243,0.8088303613464911,1,1,-1.733740516078704,False,False,False,-0.03492675203135649,4.883987397417476,1.3905735018133094,-1.5151895452582802,0.7544787621068589,High,0
-0.608264419165896,0.1950724277811828,-1.0414329711922958,1.0008920472886438,-0.9102564852985486,1,0,-0.16936703199889244,False,True,False,-0.022177213967413463,-0.09718204987468745,-0.9086076523680435,-0.8789644148150114,0.20429558947266,Low,0
-0.05955561161230325,-0.944938107739212,-1.3866641388688534,0.8627842756358043,0.8088303613464911,0,1,1.68744028609367,False,False,True,-0.029447435983365695,1.8952857290421778,1.3905735018133094,-1.2901830966868804,0.013487560539096438,Low,0
0.8515080688540395,-0.0899302060989159,1.3751852025436078,0.5612711952889415,0.8088303613464911,0,1,1.6595083624788007,True,False,True,-0.0301998180448429,-0.49567560565806046,1.3905735018133094,1.1383347792734018,0.12296072169737755,Low,0
-0.8877953211271603,1.810087353101742,-0.6962018035157382,0.5217976375480385,2.5279172079915306,0,1,0.6304505834436585,True,False,False,-0.028297096419448785,1.1481103119483533,2.540164078903986,-0.16515085382988057,0.9681129664557377,High,1
-0.8774423247582246,-0.46993371793904753,-0.6962018035157382,-1.2260588112551243,-0.9102564852985486,0,0,1.5419939746807856,False,False,True,-0.03492675203135649,-0.3462405222392956,-0.9086076523680435,-0.7237875537312873,0.21605418280731906,Low,0
-0.8463833356514174,0.2900733057412157,-1.3866641388688534,-1.2260588112551243,-0.9102564852985486,1,1,-0.28084390462870834,False,True,False,-0.03492675203135649,0.40093489485452893,0.240982924722633,-1.1893181369824597,0.377803387956486,High,1
0.3027992613004467,-0.46993371793904753,-0.6962018035157382,1.0740564879317225,-0.9102564852985486,1,0,-0.5791717027903187,False,False,True,-0.01710770292068944,-0.3462405222392956,-0.9086076523680435,-0.7237875537312873,0.09028414091446806,Low,0
-0.898148317496096,-0.7549363518191462,-0.35097063583918053,-1.2260588112551243,0.8088303613464911,1,0,-0.8060273147603167,False,False,True,-0.03492675203135649,0.10206472801699919,-0.9086076523680435,-0.5530930065391908,0.016772608810733575,Low,0
-0.5150874518454747,0.005070671861117005,-0.6962018035157382,-0.059930622716760536,-0.9102564852985486,1,0,-1.0108383391491957,False,False,True,-0.020541214898524937,-0.3462405222392956,-0.9086076523680435,-0.6074049079184942,0.14027781654543306,Low,1
1.2449219308735966,-0.5649345958990805,-0.005739468162622887,-1.2260588112551243,0.8088303613464911,1,0,-1.5882600175457824,False,True,False,-0.03492675203135649,-0.09718204987468745,-0.9086076523680435,-0.2349804413175564,0.023827824267345647,Low,0
-0.15273257893272468,-0.6599354738591133,1.0299540348670502,-1.2260588112551243,0.8088303613464911,1,0,0.6771953652516416,False,True,False,-0.03492675203135649,-0.42926001302749833,-0.9086076523680435,0.47107427661338824,0.02889360779019436,Low,0
0.08538633755279673,0.005070671861117005,1.0299540348670502,0.4796036142091685,0.8088303613464911,1,1,1.715853445750287,True,False,True,-0.0304893607748935,-0.42926001302749833,1.3905735018133094,0.9055694876478156,0.07171645120926524,Low,0
0.2820932685625753,0.38507418370124863,-1.0414329711922958,1.2361837492401535,0.8088303613464911,1,1,1.6412862786508184,True,False,False,-0.02837978567365732,0.8990518395837451,1.3905735018133094,-0.8479290425982666,0.07102046330940791,Low,0
0.8411550724851038,0.6700768175813473,-1.7318953065454112,-1.2260588112551243,0.8088303613464911,1,1,1.4759760295277586,False,False,True,-0.03492675203135649,4.883987397417476,1.3905735018133094,-1.5151895452582802,0.08833450889258501,Low,0
0.002562366601311024,-1.039938985699245,1.7204163702201654,0.05107329850252317,-0.9102564852985486,1,1,-0.4368179303481449,False,False,True,-0.026113928938774397,-0.8217157876626383,0.240982924722633,0.6572865099138572,0.03825916276344744,Low,0
1.079273988970625,3.7101049123024,-0.005739468162622887,0.7195357421679728,-0.9102564852985486,1,1,-0.41363487678497124,False,False,False,-0.021735958454017257,-0.5952989946039038,0.240982924722633,1.5107592458743397,0.026102613638702008,Low,0
0.24068128308683243,0.5750759396213144,0.6847228671904925,1.054458316687176,-0.9102564852985486,1,0,-1.0939446115983593,False,False,True,-0.0031724886044533634,-0.7198282307862078,-0.9086076523680435,0.9288460168103743,0.32799767384908246,Medium,0
0.08538633755279673,-1.799946009379508,1.0299540348670502,-1.2260588112551243,0.8088303613464911,0,0,0.22398159879300308,False,False,True,-0.03492675203135649,-0.42926001302749833,-0.9086076523680435,-0.27377465658848743,0.014356539419548562,Low,0
0.7272721124268109,0.955079451461446,-1.3866641388688534,0.7019044027013287,-0.9102564852985486,0,1,1.4597716834782979,False,False,False,-0.029509559367122292,0.40093489485452893,0.240982924722633,-1.135006235603156,0.456198224322798,High,0
1.193156949028918,-1.2299407416193107,-0.6962018035157382,0.4474866140771172,-0.9102564852985486,1,1,-1.7320761614899551,False,False,False,1.9792000605905402,-0.3462405222392956,0.240982924722633,-0.9099997870317562,0.0354786596891953,Low,0
-0.7842653574378031,-0.8499372297791791,1.0299540348670502,-1.2260588112551243,0.8088303613464911,1,0,1.4932588396751272,False,True,False,-0.03492675203135649,-0.42926001302749833,-0.9086076523680435,0.34693278774640895,0.034705007944031425,Low,0
-1.1776792194573602,0.2900733057412157,-1.3866641388688534,1.832927701879381,-0.9102564852985486,0,1,0.47834039998475086,False,True,True,-0.022528193461609357,0.40093489485452893,0.240982924722633,-1.1893181369824597,0.1586360733374699,Low,0
-0.1837915680395318,-0.5649345958990805,-0.35097063583918053,0.26443497862288884,-0.9102564852985486,1,1,1.047981194515324,False,True,False,-0.030120085732314446,-0.49567560565806046,0.240982924722633,-0.49102226210570116,0.10273740511336703,Low,0
0.5823301632617109,0.10007154982114991,-1.3866641388688534,-1.2260588112551243,0.8088303613464911,1,0,-1.4937750156948557,False,False,True,-0.03492675203135649,1.8952857290421778,-0.9086076523680435,-1.204835823090832,0.0325471017794832,Low,1
-0.504734455476539,-0.0899302060989159,0.6847228671904925,0.5691136420507936,0.8088303613464911,1,0,0.4301088273033136,False,False,True,-0.02748888407515573,-0.3462405222392956,-0.9086076523680435,0.5486627071552502,0.06043117544282161,Low,0
0.34421124677618953,0.2900733057412157,-1.3866641388688534,0.6630981198890749,-0.9102564852985486,1,1,-1.336004073084485,True,False,True,0.007156832584098958,0.40093489485452893,0.240982924722633,-1.1893181369824597,0.3952092807338368,High,1
-0.30802752446676035,0.005070671861117005,0.33949169951393476,-1.2260588112551243,0.8088303613464911,1,1,-0.7124683303597845,False,False,True,-0.03492675203135649,-0.23950117694017783,1.3905735018133094,0.3003797294212917,0.01967452889083188,Low,0
1.307039909087211,-0.8499372297791791,-0.35097063583918053,0.9867081611880332,-0.9102564852985486,1,0,-1.6521899320153142,False,False,False,0.19278099693136513,-0.49567560565806046,-0.9086076523680435,-0.5841283787559356,0.09203439742290774,Low,1
1.835042723902932,-0.8499372297791791,-0.35097063583918053,-0.053148078854564976,0.8088303613464911,0,0,1.080388665645673,False,False,True,-0.031187723083707108,0.10206472801699919,-0.9086076523680435,-0.5841283787559356,0.01654871754994801,Low,0
-0.8049713501756746,-0.8499372297791791,1.0299540348670502,0.8190497573510003,-0.9102564852985486,1,0,1.6259776002615156,True,False,True,-0.02946418688010805,-0.7613379761803092,-0.9086076523680435,0.34693278774640895,0.15756614110127706,Low,0
0.2303282867178967,0.38507418370124863,1.0299540348670502,0.8146589374332056,-0.9102564852985486,0,1,-1.6347293837285686,False,True,True,0.14009322356976286,-0.7613379761803092,0.240982924722633,1.1538524653817743,0.1527376610333472,Low,1
-1.7574470161177602,0.4800750616612815,1.3751852025436078,1.5878776057163297,-0.9102564852985486,1,0,-0.597058543533038,False,False,True,-0.012785821937576663,-0.7945457724955903,-0.9086076523680435,1.557312304199457,0.4274439683889674,High,1
0.903273050698718,0.4800750616612815,-1.0414329711922958,-1.2260588112551243,0.8088303613464911,1,0,-0.9891937059876954,False,True,True,-0.03492675203135649,0.8990518395837451,-0.9086076523680435,-0.8324113564898942,0.05617946619899403,Low,1
-0.9188543102339675,-1.1349398636592778,-0.6962018035157382,-1.2260588112551243,0.8088303613464911,1,0,-1.2487679616500136,False,False,False,-0.03492675203135649,0.40093489485452893,-0.9086076523680435,-0.8867232578691976,0.01875694308257065,Low,0
0.5823301632617109,1.3350829633015777,0.33949169951393476,0.534241504349501,-0.9102564852985486,1,1,-0.830613784485833,False,True,False,-0.0175171702633806,-0.6664585581366489,0.240982924722633,0.9521225459729329,0.2922378553499154,Low,0
-0.4840284627386675,0.7650776955413803,-0.35097063583918053,0.6826267866726865,-0.9102564852985486,0,1,-0.9061969718619163,True,False,False,-0.014337500858650426,-0.49567560565806046,0.240982924722633,-0.0565270510712737,0.7111324788197491,High,1
0.04397435207705388,-0.6599354738591133,1.3751852025436078,0.5949742775884174,-0.9102564852985486,1,0,-0.30779765799271774,True,False,True,-0.02349312205761943,-0.7945457724955903,-0.9086076523680435,0.7193572543473468,0.2202169129642495,Low,0
0.24068128308683243,0.4800750616612815,-0.6962018035157382,0.20098511067210162,-0.9102564852985486,1,0,-0.45349374469077147,True,False,True,-0.02495177909821715,-0.3462405222392956,-0.9086076523680435,-0.49102226210570116,0.5659018896787112,High,0
0.12679832302853958,1.2400820853415448,-1.7318953065454112,0.9617851135402915,-0.9102564852985486,1,0,0.7825098350706735,False,True,True,-0.02712854856144028,1.8952857290421778,-0.9086076523680435,-1.5151895452582802,0.592113241531403,High,1
-1.4572101214186246,-0.0899302060989159,-0.35097063583918053,-1.2260588112551243,-0.9102564852985486,1,0,0.33459280470473457,False,True,False,-0.03492675203135649,-0.49567560565806046,-0.9086076523680435,-0.3358454010219771,0.3357760287988376,Medium,1
0.5512711741549038,0.5750759396213144,0.33949169951393476,-1.2260588112551243,-0.9102564852985486,1,1,0.6629621857508555,False,False,False,-0.03492675203135649,-0.6664585581366489,0.240982924722633,0.5796980793719951,0.43112824243746944,High,0
0.08538633755279673,-0.3749328399790146,0.33949169951393476,-1.2260588112551243,0.8088303613464911,1,1,-0.7125520539190593,False,False,True,-0.03492675203135649,-0.23950117694017783,1.3905735018133094,0.1141674961208228,0.014854550445478804,Low,0
0.32350525403831815,0.1950724277811828,0.33949169951393476,-1.2260588112551243,0.8088303613464911,0,1,0.6004946427833224,False,False,True,-0.03492675203135649,-0.23950117694017783,1.3905735018133094,0.3934858460715262,0.018572015127715075,Low,1
-0.5461464409522817,1.6200855971816763,-0.35097063583918053,0.3528855851200143,-0.9102564852985486,1,1,-0.9676957634790077,False,True,False,-0.01653737983392046,-0.49567560565806046,0.240982924722633,0.22279129887942967,0.34073592744631226,Medium,0
-1.0223842739233246,0.2900733057412157,1.0299540348670502,0.43309357252016073,-0.9102564852985486,0,1,1.5199099672571745,True,False,False,-0.03035087799593176,-0.7613379761803092,0.240982924722633,1.0917817209482845,0.5397321752833282,High,1
-0.6600294010105746,-0.1849310840589488,0.33949169951393476,0.4499783409757034,-0.9102564852985486,1,0,1.6098506985043837,True,False,False,-0.03042843608579197,-0.6664585581366489,-0.9086076523680435,0.20727361277105727,0.627159164517943,High,0
0.36491723951406096,-0.1849310840589488,1.3751852025436078,0.9338865365799756,-0.9102564852985486,1,0,-1.2581980252096576,False,False,True,0.005411482201707677,-0.7945457724955903,-0.9086076523680435,1.068505191785726,0.11380404754422561,Low,0
0.4788001995723538,-0.8499372297791791,-1.3866641388688534,-1.2260588112551243,0.8088303613464911,0,0,-1.7267115744294266,False,True,True,-0.03492675203135649,1.8952857290421778,-0.9086076523680435,-1.282424253632694,0.017626298675535994,Low,0
1.3173929054561466,0.5750759396213144,-1.3866641388688534,1.3767535518902563,0.8088303613464911,1,0,1.30470012795821,True,False,False,-0.027240829427404287,1.8952857290421778,-0.9086076523680435,-1.166041607819901,0.2569982223308327,Low,0
2.0628086440195177,-0.2799319620189817,0.6847228671904925,0.42408174931972087,-0.9102564852985486,1,1,-0.21590878417563483,True,False,True,-0.02519093634580701,-0.7198282307862078,0.240982924722633,0.4400389043966434,0.13732686784314463,Low,0
0.05432734844598959,-0.2799319620189817,1.0299540348670502,0.3435875576381739,0.8088303613464911,0,1,-1.3649112017408231,False,False,True,0.0027373048643883277,-0.42926001302749833,1.3905735018133094,0.7193572543473468,0.030133601245160353,Low,0
0.05432734844598959,-0.6599354738591133,-1.3866641388688534,0.447413899248472,-0.9102564852985486,1,1,-1.4424250892785984,False,True,False,0.015704533381683827,0.40093489485452893,0.240982924722633,-1.2669065675243216,0.09049033049415925,Low,0
2.052455647650582,2.8550970106621043,0.6847228671904925,-0.07038919812598476,-0.9102564852985486,1,1,0.6860993657805097,False,False,True,-0.030643838431786863,-0.7198282307862078,0.240982924722633,2.2323316499136565,0.04688706361900055,Low,0
-0.19414456440846753,0.7650776955413803,-0.6962018035157382,-1.2260588112551243,0.8088303613464911,1,0,1.3795463735885942,False,True,True,-0.03492675203135649,0.40093489485452893,-0.9086076523680435,-0.42119267461802534,0.16485314312465887,Low,0
1.2345689345046609,-0.8499372297791791,1.0299540348670502,-1.2260588112551243,0.8088303613464911,0,1,-0.8527761083221821,False,True,True,-0.03492675203135649,-0.42926001302749833,1.3905735018133094,0.34693278774640895,0.012573615785451266,Low,0
0.31315225766938243,-0.2799319620189817,-0.005739468162622887,1.0525328986527407,-0.9102564852985486,1,1,1.4898130919387262,False,False,True,-0.02858392194100348,-0.5952989946039038,0.240982924722633,-0.11859779550476333,0.06607745316651656,Low,0
0.09573933392173244,-0.1849310840589488,-1.0414329711922958,0.33618493125267485,-0.9102564852985486,1,0,-1.3332799177745835,False,False,True,-0.00035896505512330034,-0.09718204987468745,-0.9086076523680435,-0.941035159248501,0.09589218377736065,Low,0
-0.0181436261365604,-0.2799319620189817,1.0299540348670502,-1.2260588112551243,0.8088303613464911,0,1,0.16481468272579472,False,False,False,-0.03492675203135649,-0.42926001302749833,1.3905735018133094,0.7193572543473468,0.021791769998839708,Low,0
1.6176298001552822,0.2900733057412157,1.3751852025436078,0.4651001360029672,0.8088303613464911,1,1,0.5365033310369896,True,False,False,-0.028247379163509043,-0.49567560565806046,1.3905735018133094,1.4176531292241052,0.1137451589326611,Low,0
1.1828039526599823,0.4800750616612815,0.33949169951393476,-1.2260588112551243,0.8088303613464911,1,1,1.0494950211214604,False,False,True,-0.03492675203135649,-0.23950117694017783,1.3905735018133094,0.5331450210468779,0.031309003518069575,Low,0
1.7936307384271895,0.955079451461446,1.0299540348670502,0.9125513958856066,-0.9102564852985486,1,1,-0.5554611908037144,True,False,True,-0.018690647425523225,-0.7613379761803092,0.240982924722633,1.526276931982712,0.5091801364461518,High,0
-0.3287335172046318,-1.3249416195793435,-0.35097063583918053,-1.2260588112551243,-0.9102564852985486,1,0,0.7987497636328261,False,False,True,-0.03492675203135649,-0.49567560565806046,-0.9086076523680435,-0.7393052398396597,0.13066981643696546,Low,0
-0.9913252848165174,-0.3749328399790146,-1.3866641388688534,-1.2260588112551243,0.8088303613464911,1,0,0.03377178871755556,False,True,False,-0.03492675203135649,1.8952857290421778,-0.9086076523680435,-1.2436300383617631,0.04136998331264537,Low,0
1.1724509562910466,-1.039938985699245,1.7204163702201654,0.7647412509377758,-0.9102564852985486,1,0,1.159178290917897,True,False,True,-0.02875293652159173,-0.8217157876626383,-0.9086076523680435,0.6572865099138572,0.23376118433641577,Low,0
1.048214999863818,1.3350829633015777,1.0299540348670502,0.6075937515036499,-0.9102564852985486,1,1,-0.839743315352497,False,False,False,-0.01660770678562885,-0.7613379761803092,0.240982924722633,1.7745599097166707,0.3353427412280888,Medium,0
1.2552749272425323,0.2900733057412157,-0.6962018035157382,-0.020962055816735603,0.8088303613464911,1,0,-0.11934604266203963,True,False,True,-0.02824044571648973,0.40093489485452893,-0.9086076523680435,-0.5375753204308183,0.05265234020791865,Low,1
0.09573933392173244,0.10007154982114991,1.0299540348670502,1.457503770396724,-0.9102564852985486,1,1,1.49003740130795,False,False,False,-0.027457138583231226,-0.7613379761803092,0.240982924722633,0.9676402320813053,0.1382587461256761,Low,0
0.19926929761108958,0.10007154982114991,-1.0414329711922958,1.421675585191213,2.5279172079915306,0,0,1.3482491117390443,True,False,True,-0.027218447760077574,1.8952857290421778,-0.9086076523680435,-0.8944821009233838,0.9163835457481038,High,1
0.03362135570811816,-0.6599354738591133,1.3751852025436078,0.7235276738977247,-0.9102564852985486,1,0,1.5757073589117385,False,False,True,-0.029640368302742626,-0.7945457724955903,-0.9086076523680435,0.7193572543473468,0.10130247216714723,Low,1
1.0689209926016894,2.095089986981841,-0.005739468162622887,1.1274994792101676,-0.9102564852985486,1,1,-1.0101873884758346,False,False,True,-0.0059188067377082655,-0.5952989946039038,0.240982924722633,0.8512575862685122,0.13257100365956478,Low,1
-0.39085149541824604,0.1950724277811828,0.6847228671904925,-1.2260588112551243,0.8088303613464911,1,0,-0.6878080792476574,False,False,True,-0.03492675203135649,-0.3462405222392956,-0.9086076523680435,0.7115984112931606,0.028188732564076557,Low,0
-0.7221473792241889,-0.1849310840589488,0.6847228671904925,-1.2260588112551243,0.8088303613464911,1,1,-0.44321266603591625,False,False,True,-0.03492675203135649,-0.3462405222392956,1.3905735018133094,0.49435080577594687,0.01682996521870839,Low,0
-1.3433271613603317,0.38507418370124863,1.0299540348670502,-1.2260588112551243,-0.9102564852985486,1,1,-0.11426035970834521,False,False,True,-0.03492675203135649,-0.7613379761803092,0.240982924722633,1.1538524653817743,0.3024607224886365,Medium,0
-1.581446077845853,-0.46993371793904753,-0.005739468162622887,-1.2260588112551243,0.8088303613464911,1,1,-0.13987331515538592,False,False,True,-0.03492675203135649,-0.09718204987468745,1.3905735018133094,-0.1961862260466254,0.012334293154109536,Low,0
-2.4303917800985815,-1.3249416195793435,-1.7318953065454112,0.3428313555239408,0.8088303613464911,1,1,1.0603679206859387,True,False,False,-0.029889649682007594,4.883987397417476,1.3905735018133094,-1.5151895452582802,0.22101788093495325,Low,0
0.5926831596306467,1.9050882310617752,-1.0414329711922958,-1.2260588112551243,-0.9102564852985486,1,0,1.3943862000459584,False,False,False,-0.03492675203135649,-0.09718204987468745,-0.9086076523680435,-0.599646064864308,0.9455504766171453,High,1
0.8929200543297824,0.5750759396213144,-1.0414329711922958,0.36579672094175525,0.8088303613464911,1,1,-0.3676835501251979,True,False,False,-0.02449574896132119,0.8990518395837451,1.3905735018133094,-0.8168936703815217,0.24947006867673438,Low,0
1.7418657565825109,-0.3749328399790146,-1.3866641388688534,-1.2260588112551243,0.8088303613464911,0,1,-1.680502274552638,False,False,True,-0.03492675203135649,1.8952857290421778,1.3905735018133094,-1.2436300383617631,0.013749509079641876,Low,0
-1.219091204933103,-0.3749328399790146,1.0299540348670502,-1.2260588112551243,0.8088303613464911,1,1,1.5378850665852961,False,False,False,-0.03492675203135649,-0.42926001302749833,1.3905735018133094,0.6572865099138572,0.034919502347194695,Low,0
-0.1009675970880461,0.10007154982114991,-0.35097063583918053,0.39662588206669736,-0.9102564852985486,1,1,-0.8377191238829487,False,True,False,-0.0187517614978814,-0.49567560565806046,0.240982924722633,-0.27377465658848743,0.12720964771551255,Low,0
0.3856232322519324,-1.2299407416193107,-1.7318953065454112,-1.2260588112551243,0.8088303613464911,1,0,0.10559700925077627,False,False,True,-0.03492675203135649,4.883987397417476,-0.9086076523680435,-1.5151895452582802,0.017406607788873017,Low,0
1.0896269853395608,-0.46993371793904753,-1.0414329711922958,1.1528352196271074,-0.9102564852985486,0,0,1.6544764021423075,True,False,False,-0.028625986867397965,-0.09718204987468745,-0.9086076523680435,-0.9875882175736183,0.1945006993936783,Low,0
1.6176298001552822,0.38507418370124863,-1.3866641388688534,0.4722147924048251,0.8088303613464911,1,0,-1.1310140895876564,False,False,True,-0.009839246419417063,1.8952857290421778,-0.9086076523680435,-1.1815592939282733,0.11244661846753741,Low,1
1.2242159381357252,-0.944938107739212,-1.0414329711922958,0.7604769195077791,0.8088303613464911,1,0,-0.2591619447136981,False,False,True,-0.022863762190164304,0.8990518395837451,-0.9086076523680435,-1.0651766481154803,0.04054269809374338,Low,0
-1.6746230451662745,-0.0899302060989159,-0.005739468162622887,0.6566600484822271,-0.9102564852985486,0,0,-0.25289628284647525,False,False,False,-0.02354236111943744,-0.5952989946039038,-0.9086076523680435,-0.041009364962901286,0.1250102195995312,Low,0
-1.0948552485058745,0.4800750616612815,-1.3866641388688534,-1.2260588112551243,0.8088303613464911,1,1,-0.29854289063530515,False,True,False,-0.03492675203135649,1.8952857290421778,1.3905735018133094,-1.1738004508740871,0.06929571414623628,Low,0
1.265627923611468,1.1450812073815118,1.0299540348670502,0.6391271067859132,0.8088303613464911,1,1,-0.22726431517451595,True,False,True,-0.023839538481707806,-0.42926001302749833,1.3905735018133094,1.6504184208496913,0.306587602025978,Medium,0
0.7893900906404252,-0.0899302060989159,-1.0414329711922958,-0.22639862220670107,-0.9102564852985486,1,1,-0.7055457874004187,False,True,True,-0.026235850904509035,-0.09718204987468745,0.240982924722633,-0.9255174731401287,0.09994619176954561,Low,0
-0.12167358982591753,0.005070671861117005,0.33949169951393476,1.1906390651217247,-0.9102564852985486,1,0,-1.2090491562819168,False,False,True,0.006025028227583664,-0.6664585581366489,-0.9086076523680435,0.3003797294212917,0.13325093559513554,Low,0
-0.4840284627386675,0.38507418370124863,-1.0414329711922958,1.102769535180219,-0.9102564852985486,1,1,-1.3229925598527827,False,True,True,0.015330656380476365,-0.09718204987468745,0.240982924722633,-0.8479290425982666,0.16592747103099398,Low,0
-0.680735393748446,-0.1849310840589488,0.33949169951393476,1.221795523234763,-0.9102564852985486,1,1,0.0030782086151928995,True,False,True,-0.022299327357371404,-0.6664585581366489,0.240982924722633,0.20727361277105727,0.12764767090464918,Low,0
1.2242159381357252,1.1450812073815118,1.3751852025436078,1.2904485946525137,0.8088303613464911,1,0,-1.0373527182510944,False,False,True,-0.0027105249661801226,-0.49567560565806046,-0.9086076523680435,2.046119416613188,0.36774518611768114,High,0
-0.7221473792241889,-1.039938985699245,-0.6962018035157382,0.4492314489278311,-0.9102564852985486,1,1,-1.2173590683880975,False,False,True,-0.006086616231591111,-0.3462405222392956,0.240982924722633,-0.863446728706639,0.04679690094109898,Low,0
-1.3122681722535245,-0.6599354738591133,-1.3866641388688534,1.0994626959199099,-0.9102564852985486,0,0,1.535092885883484,False,False,True,-0.02854279655954993,0.40093489485452893,-0.9086076523680435,-1.2669065675243216,0.07552974291595398,Low,0
0.33385825040725386,-0.3749328399790146,-1.3866641388688534,0.8987439253990642,0.8088303613464911,0,0,1.506897756329145,True,False,False,-0.02904314527753626,1.8952857290421778,-0.9086076523680435,-1.2436300383617631,0.16247159122173124,Low,0
0.8204490797472324,-0.1849310840589488,-1.3866641388688534,-1.2260588112551243,0.8088303613464911,1,1,0.4296731159469214,False,False,False,-0.03492675203135649,1.8952857290421778,1.3905735018133094,-1.2281123522533905,0.037653822302319596,Low,0
-1.0327372702922604,-1.1349398636592778,-1.0414329711922958,0.6018157316981028,-0.9102564852985486,1,1,-0.25467732714596336,False,True,True,-0.023860735384029923,-0.09718204987468745,0.240982924722633,-1.0962120203322252,0.05082836604356344,Low,1
1.1724509562910466,0.10007154982114991,1.3751852025436078,0.3868384340273751,-0.9102564852985486,1,0,0.4249821546903908,False,False,False,-0.028228269998035106,-0.7945457724955903,-0.9086076523680435,1.2779939542487535,0.24120033916225667,Low,0
0.3027992613004467,0.7650776955413803,-0.005739468162622887,-1.2260588112551243,0.8088303613464911,1,1,1.3973552467667387,False,False,False,-0.03492675203135649,-0.09718204987468745,1.3905735018133094,0.30813857247547793,0.11094130677213018,Low,0
-0.6600294010105746,2.1900908649418738,0.6847228671904925,0.7208088134836131,-0.9102564852985486,0,1,-1.621339719087475,False,True,True,0.11313076403737106,-0.7198282307862078,0.240982924722633,1.8521483402585326,0.18192620813384383,Low,0
0.2510342794557681,0.2900733057412157,-1.0414329711922958,0.2606085413486184,0.8088303613464911,1,0,-1.590113273415145,True,False,True,0.05450717634442915,0.8990518395837451,-0.9086076523680435,-0.863446728706639,0.0816001593320101,Low,0
0.872214061591911,0.1950724277811828,0.6847228671904925,1.6617311517884898,-0.9102564852985486,1,1,0.6532206007810767,False,False,True,-0.024077540138668828,-0.7198282307862078,0.240982924722633,0.7115984112931606,0.18063040370090835,Low,0
0.02326835933918245,-0.0899302060989159,1.0299540348670502,0.6891783445781041,-0.9102564852985486,1,0,0.8849848552617195,False,False,True,-0.02836675270584121,-0.7613379761803092,-0.9086076523680435,0.843498743214326,0.10536917233798453,Low,0
-0.37014550268037466,2.5700943767820053,0.6847228671904925,-1.2260588112551243,0.8088303613464911,1,1,-0.4386767677881257,False,False,True,-0.03492675203135649,-0.3462405222392956,1.3905735018133094,2.0693959457757463,0.01835059324474328,Low,0
1.4312758655144393,1.1450812073815118,-0.6962018035157382,0.45420093762546243,-0.9102564852985486,1,0,-0.44417845217696655,True,False,True,-0.023266272495047813,-0.3462405222392956,-0.9086076523680435,-0.32808655796779085,0.8928902331659175,High,0
-0.7428533719620604,-0.2799319620189817,1.3751852025436078,0.8579448068304524,-0.9102564852985486,1,1,-0.677196118109585,False,False,True,-0.017292220390875666,-0.7945457724955903,0.240982924722633,0.9986756042980501,0.0811813253762771,Low,0
0.654801137844261,0.955079451461446,-0.005739468162622887,1.0293993099668908,-0.9102564852985486,1,0,0.7357927866917,True,False,False,-0.02673582523565199,-0.5952989946039038,-0.9086076523680435,0.38572700301734,0.8816329909214841,High,0
0.3856232322519324,-0.6599354738591133,0.33949169951393476,0.7672472639726744,-0.9102564852985486,1,1,0.6807482093742813,False,True,True,-0.027523223499115512,-0.6664585581366489,0.240982924722633,-0.02549167885452888,0.05413506812888828,Low,0
-1.3743861504671389,0.6700768175813473,-0.35097063583918053,0.5978462725423248,-0.9102564852985486,0,0,-0.12215601462019796,True,False,True,-0.02478949513757611,-0.49567560565806046,-0.9086076523680435,-0.08756242328801851,0.7801506844270742,High,1
0.8929200543297824,0.5750759396213144,-1.0414329711922958,-1.2260588112551243,0.8088303613464911,0,1,1.359894884410078,False,True,False,-0.03492675203135649,0.8990518395837451,1.3905735018133094,-0.8168936703815217,0.10832639735410413,Low,0
1.265627923611468,-1.5149433754994095,1.0299540348670502,-1.2260588112551243,0.8088303613464911,1,0,-0.7495180984278357,False,True,False,-0.03492675203135649,-0.42926001302749833,-0.9086076523680435,-0.08756242328801851,0.024455661952524844,Low,0
0.012915362970246737,-0.5649345958990805,-0.6962018035157382,0.7777324854338965,-0.9102564852985486,1,0,1.677022110110502,False,True,False,-0.029654510427062998,-0.3462405222392956,-0.9086076523680435,-0.747064082893846,0.0891013257096738,Low,0
1.8971607021165464,-0.0899302060989159,1.0299540348670502,-1.2260588112551243,0.8088303613464911,1,1,-0.5798824809237448,False,True,True,-0.03492675203135649,-0.42926001302749833,1.3905735018133094,0.843498743214326,0.0138963705441484,Low,0
-0.6703823973795103,0.2900733057412157,0.33949169951393476,0.8077812061683904,0.8088303613464911,1,0,-1.0125058333714174,True,False,True,-0.009779443625613966,-0.23950117694017783,-0.9086076523680435,0.4400389043966434,0.1266683340727629,Low,0
-0.3390865135735675,0.1950724277811828,1.0299540348670502,-0.6208597131764759,-0.9102564852985486,1,1,1.6752503102873506,True,False,True,-0.03333356644183664,-0.7613379761803092,0.240982924722633,1.029710976514795,0.28980032781502874,Low,0
-0.007790629767624689,-0.5649345958990805,-1.7318953065454112,0.3480642548922273,-0.9102564852985486,1,0,-0.8253542007225615,False,False,True,-0.019448053987227112,1.8952857290421778,-0.9086076523680435,-1.5151895452582802,0.06681635024066232,Low,0
0.5926831596306467,0.1950724277811828,-1.7318953065454112,-1.2260588112551243,-0.9102564852985486,1,0,0.500070500946344,False,False,True,-0.03492675203135649,1.8952857290421778,-0.9086076523680435,-1.5151895452582802,0.23003360135024659,Low,0
-1.1052082448748102,-1.6099442534594424,-0.6962018035157382,-0.15887929214595048,-0.9102564852985486,0,1,0.1846554220330882,False,True,True,-0.029941123713960294,-0.3462405222392956,0.240982924722633,-1.0031059036819907,0.07672561278644816,Low,0
0.6133891523685181,-0.7549363518191462,-0.005739468162622887,-1.2260588112551243,0.8088303613464911,1,0,-1.5727659263575025,False,True,False,-0.03492675203135649,-0.09718204987468745,-0.9086076523680435,-0.31256887185941845,0.025407793229722208,Low,0
-1.3019151758845888,-1.5149433754994095,-0.005739468162622887,-1.2260588112551243,0.8088303613464911,1,0,1.0555846890901244,False,False,False,-0.03492675203135649,-0.09718204987468745,-0.9086076523680435,-0.6229225940268667,0.03362594124141053,Low,0
1.8039837347961252,-0.944938107739212,-0.6962018035157382,1.1636427620064747,0.8088303613464911,0,1,-0.49777129786137764,False,False,True,-0.017627239394213533,0.40093489485452893,1.3905735018133094,-0.8401701995440803,0.02597805547824102,Low,0
0.44774121046554666,-0.7549363518191462,1.7204163702201654,-1.2260588112551243,0.8088303613464911,1,0,1.068512478762552,False,False,False,-0.03492675203135649,-0.5500156359921567,-0.9086076523680435,0.8900518015394433,0.02628033031066187,Low,0
-0.2873215317288889,-1.5149433754994095,-1.3866641388688534,0.4756319077959932,0.8088303613464911,0,1,1.5992094341205654,False,False,True,-0.030345028025036698,1.8952857290421778,1.3905735018133094,-1.3367361550119974,0.018727143555872242,Low,0
-0.21485055714633894,-0.5649345958990805,1.3751852025436078,-1.2260588112551243,0.8088303613464911,1,0,-0.6091974130833834,False,False,True,-0.03492675203135649,-0.49567560565806046,-0.9086076523680435,0.7891868418350226,0.01651555489061933,Low,0
-0.8360303392824817,-0.944938107739212,-0.35097063583918053,1.2305150424551523,-0.9102564852985486,1,1,0.5517514842699004,False,False,False,-0.02528887729482046,-0.49567560565806046,0.240982924722633,-0.6151637509726804,0.07439856961731794,Low,1
-0.753206368330996,-1.039938985699245,1.0299540348670502,1.3678020836027758,-0.9102564852985486,1,0,1.3623214722363908,False,True,False,-0.027409547788850692,-0.7613379761803092,-0.9086076523680435,0.22279129887942967,0.18309922952277335,Low,0
-0.4115574881561175,0.38507418370124863,1.0299540348670502,-0.18433060580047225,-0.9102564852985486,1,0,0.26626740337327964,False,False,False,-0.030258042684885182,-0.7613379761803092,-0.9086076523680435,1.1538524653817743,0.45427610955644404,High,0
-0.5564994373212174,0.6700768175813473,-0.35097063583918053,-1.2260588112551243,0.8088303613464911,1,0,-0.7162489723332841,False,True,False,-0.03492675203135649,0.10206472801699919,-0.9086076523680435,-0.08756242328801851,0.15351663163708618,Low,1
2.0628086440195177,0.4800750616612815,1.0299540348670502,-1.2260588112551243,0.8088303613464911,1,1,1.463182720822416,False,True,True,-0.03492675203135649,-0.42926001302749833,1.3905735018133094,1.215923209815264,0.027887566175478416,Low,0
0.8929200543297824,0.38507418370124863,-1.3866641388688534,0.7890469448747681,-0.9102564852985486,1,0,0.6764026077997592,True,False,False,-0.02742879274664421,0.40093489485452893,-0.9086076523680435,-1.1815592939282733,0.7750461791847902,High,1
0.5409181777859681,0.2900733057412157,0.6847228671904925,-1.2260588112551243,0.8088303613464911,0,1,-0.47495906989615866,False,False,False,-0.03492675203135649,-0.3462405222392956,1.3905735018133094,0.765910312672464,0.033097239649590396,Low,0
0.31315225766938243,-1.3249416195793435,-0.005739468162622887,-1.2260588112551243,-0.9102564852985486,0,1,-0.15471139737193232,False,False,True,-0.03492675203135649,-0.5952989946039038,0.240982924722633,-0.5453341634850046,0.09222295963099146,Low,0
-1.9852129362343458,0.2900733057412157,0.33949169951393476,0.8548092406875043,0.8088303613464911,1,1,1.3596742379465725,False,True,False,-0.02889108865451791,-0.23950117694017783,1.3905735018133094,0.4400389043966434,0.08309625014476266,Low,1
2.0628086440195177,0.005070671861117005,-1.0414329711922958,1.1590299451614916,-0.9102564852985486,1,1,1.3441199704500635,False,False,False,-0.027973785733287397,-0.09718204987468745,0.240982924722633,-0.9099997870317562,0.07096916119613979,Low,0
-0.29767452809782463,-0.46993371793904753,0.6847228671904925,0.35786823632525916,-0.9102564852985486,1,0,0.6833244530627978,True,False,False,-0.02904999268159595,-0.7198282307862078,-0.9086076523680435,0.33141510163803656,0.26564535288430713,Low,1
-0.5979114227969603,0.4800750616612815,-0.005739468162622887,-1.2260588112551243,-0.9102564852985486,1,0,0.4939021677167781,False,True,True,-0.03492675203135649,-0.5952989946039038,-0.9086076523680435,0.19175592666268484,0.47961494195403465,High,0
0.5926831596306467,1.1450812073815118,1.0299540348670502,-0.0903241369433735,-0.9102564852985486,1,1,-0.11879625795613574,False,False,False,-0.02862742882306911,-0.7613379761803092,0.240982924722633,1.6504184208496913,0.31912937754965254,Medium,1
2.0628086440195177,-0.0899302060989159,-1.7318953065454112,0.4887862289718126,-0.9102564852985486,0,1,0.8589846783530329,False,False,False,-0.02899435849404709,1.8952857290421778,0.240982924722633,-1.5151895452582802,0.05719781560714266,Low,0
0.8515080688540395,0.8600785735014131,0.6847228671904925,0.15304324498416397,-0.9102564852985486,1,1,-1.3233609435135913,True,False,True,-0.005138620645078888,-0.7198282307862078,0.240982924722633,1.0917817209482845,0.31769648003595474,Medium,0
0.4788001995723538,0.38507418370124863,0.6847228671904925,0.6258729431742941,0.8088303613464911,1,0,-0.6208051613045796,True,False,True,-0.020045875555753948,-0.3462405222392956,-0.9086076523680435,0.8202222140517674,0.27027387416120413,Low,0
-2.1508608781373173,-0.3749328399790146,0.33949169951393476,1.3600761731888187,-0.9102564852985486,0,0,-1.49628218744697,False,False,True,0.06064011981017,-0.6664585581366489,-0.9086076523680435,0.1141674961208228,0.11601283032598175,Low,0
-0.5668524336901531,-1.7049451314194752,-0.35097063583918053,2.1517790151209093,0.8088303613464911,0,1,1.7018027138390863,False,False,True,-0.02610320889793048,0.10206472801699919,1.3905735018133094,-0.863446728706639,0.13704327388929066,Low,1
-0.05955561161230325,-1.3249416195793435,-1.3866641388688534,1.3005651053821727,0.8088303613464911,1,0,-0.11612756950425362,True,False,True,-0.020935934313574097,1.8952857290421778,-0.9086076523680435,-1.321218468903625,0.02808679559726601,Low,0
-0.30802752446676035,0.7650776955413803,0.6847228671904925,0.49731938634660117,-0.9102564852985486,1,1,-0.5744052159063591,True,False,True,-0.021630317246906047,-0.7198282307862078,0.240982924722633,1.037469819568981,0.5466259593266025,High,0
0.9343320398055251,-1.7049451314194752,1.3751852025436078,-1.2260588112551243,0.8088303613464911,0,1,0.6894762160045906,False,False,False,-0.03492675203135649,-0.49567560565806046,1.3905735018133094,-0.04876820801708749,0.01862539926698552,Low,0
-0.5772054300590889,2.3800926208619395,-1.0414329711922958,0.47120352657598447,-0.9102564852985486,1,1,-0.17084981111846448,True,False,False,-0.025200554061913388,-0.09718204987468745,0.240982924722633,-0.522057634322446,0.4077781676780233,High,1
-0.21485055714633894,0.955079451461446,-1.3866641388688534,-1.2260588112551243,0.8088303613464911,0,1,1.1010952460951329,False,True,False,-0.03492675203135649,1.8952857290421778,1.3905735018133094,-1.135006235603156,0.1690076790011908,Low,0
-0.9188543102339675,0.5750759396213144,0.33949169951393476,0.9707194063605203,-0.9102564852985486,1,0,-0.9221245068935251,False,False,True,-0.010768069092331774,-0.6664585581366489,-0.9086076523680435,0.5796980793719951,0.4264850140039739,High,0
1.307039909087211,-0.3749328399790146,-0.6962018035157382,-1.2260588112551243,0.8088303613464911,1,1,-1.4385293274110957,False,True,False,-0.03492675203135649,0.40093489485452893,1.3905735018133094,-0.7005110245687287,0.02710020803562253,Low,0
0.7169191160578752,2.3800926208619395,-0.6962018035157382,-0.4916425733430011,0.8088303613464911,1,0,-0.35072377337736427,False,True,True,-0.030173086718944513,0.40093489485452893,-0.9086076523680435,-0.02549167885452888,0.6887711464997833,High,1
-0.2562625426220818,-1.2299407416193107,1.0299540348670502,1.1594114973638967,2.5279172079915306,0,1,0.08322136476235839,False,True,False,-0.023162191059723537,-0.09718204987468745,2.540164078903986,0.09864981001245039,0.8393819637112243,High,1
0.654801137844261,0.5750759396213144,1.0299540348670502,1.1961682814297003,0.8088303613464911,0,1,0.700458130620208,False,True,True,-0.026002800127681924,-0.42926001302749833,1.3905735018133094,1.2779939542487535,0.11135687346880667,Low,0
-1.1673262230884245,-0.5649345958990805,0.33949169951393476,0.2794652781704004,-0.9102564852985486,1,1,1.735841922254884,False,False,True,-0.03103256038115669,-0.6664585581366489,0.240982924722633,0.02106137947058835,0.09580664518662761,Low,0
-0.1837915680395318,-0.2799319620189817,0.33949169951393476,0.7825122413998311,-0.9102564852985486,0,0,0.45752602545272486,False,False,False,-0.026708568432110117,-0.6664585581366489,-0.9086076523680435,0.16072055444594002,0.15499021187583467,Low,0
0.16821030850428242,3.6151040343423673,-1.0414329711922958,-1.2260588112551243,-0.9102564852985486,1,1,-1.134243028190352,False,True,True,-0.03492675203135649,-0.09718204987468745,0.240982924722633,-0.3203277149136047,0.046265349461676195,Low,0
1.0689209926016894,-0.3749328399790146,-0.35097063583918053,-1.2260588112551243,0.8088303613464911,1,0,-0.9575899810263838,False,False,False,-0.03492675203135649,0.10206472801699919,-0.9086076523680435,-0.4289515176722115,0.03465328464932824,Low,0
-1.0016782811854532,0.2900733057412157,-1.3866641388688534,-1.2260588112551243,0.8088303613464911,0,1,1.461012536396382,False,True,True,-0.03492675203135649,1.8952857290421778,1.3905735018133094,-1.1893181369824597,0.038279428092099194,Low,0
-0.3390865135735675,1.6200855971816763,0.6847228671904925,-1.2260588112551243,-0.9102564852985486,1,1,0.7442581106547844,False,False,True,-0.03492675203135649,-0.7198282307862078,0.240982924722633,1.526276931982712,0.4027370404094321,High,1
-0.7014413864863175,-1.6099442534594424,-1.0414329711922958,-1.2260588112551243,0.8088303613464911,0,1,-1.6351464317082058,False,True,False,-0.03492675203135649,0.8990518395837451,1.3905735018133094,-1.1738004508740871,0.020898149239942463,Low,0
1.0896269853395608,-1.039938985699245,1.0299540348670502,1.66263326511517,-0.9102564852985486,1,0,-0.17080882145923612,False,False,True,-0.018373473107591496,-0.7613379761803092,-0.9086076523680435,0.22279129887942967,0.22882830928950743,Low,0
1.3588048909318895,-1.1349398636592778,-0.6962018035157382,-1.2260588112551243,0.8088303613464911,1,0,0.765428659161892,False,True,False,-0.03492675203135649,0.40093489485452893,-0.9086076523680435,-0.8867232578691976,0.026318841740486314,Low,0
0.6340951451063895,-0.2799319620189817,-1.0414329711922958,0.39115589704298254,2.5279172079915306,0,0,-0.5053491520961503,False,False,True,-0.023147539508642304,1.8952857290421778,-0.9086076523680435,-0.9565528453568735,0.8702280833101897,High,1
1.4726878509901822,1.4300838412616106,-1.0414329711922958,0.8440846863134566,-0.9102564852985486,0,0,-1.4145341553229571,True,False,True,0.022331058701549833,-0.09718204987468745,-0.9086076523680435,-0.6772344954061701,0.9392821057892079,High,1
-0.753206368330996,0.6700768175813473,-0.005739468162622887,0.5914342051139331,-0.9102564852985486,1,0,-0.7493267552100765,False,False,True,-0.01842711321727144,-0.5952989946039038,-0.9086076523680435,0.2693443572045469,0.4442425961557537,High,0
0.6030361559995824,-0.6599354738591133,-0.35097063583918053,1.1385039776485801,-0.9102564852985486,0,1,-1.0268216898869877,False,False,True,-0.005102991127136504,-0.49567560565806046,0.240982924722633,-0.522057634322446,0.053641178589573714,Low,0
-1.4261511323118174,0.1950724277811828,1.3751852025436078,0.49365555419687296,0.8088303613464911,1,1,1.0607734566761757,False,True,False,-0.029406210831251244,-0.49567560565806046,1.3905735018133094,1.3478235417364293,0.10365682774918389,Low,0
-1.4882691105254315,0.6700768175813473,0.33949169951393476,0.2632898404605158,-0.9102564852985486,1,1,-0.842582067284156,False,True,True,-0.020000372946150036,-0.6664585581366489,0.240982924722633,0.6262511376971123,0.18645675837766154,Low,0
0.758331101533618,0.10007154982114991,1.7204163702201654,-1.2260588112551243,-0.9102564852985486,1,0,0.4904183955305402,False,False,True,-0.03492675203135649,-0.8217157876626383,-0.9086076523680435,1.5883476764162017,0.2756442642973025,Low,1
0.10609233029066815,-0.6599354738591133,-1.3866641388688534,1.1171922726384986,-0.9102564852985486,0,1,-0.7516724102624237,True,False,False,-0.013603644292905679,0.40093489485452893,0.240982924722633,-1.2669065675243216,0.13789976499434284,Low,0
-0.6289704119037675,-0.6599354738591133,-1.7318953065454112,0.824776090236407,-0.9102564852985486,1,0,0.017210919844849636,False,False,False,-0.024432488043284552,1.8952857290421778,-0.9086076523680435,-1.5151895452582802,0.06481965415285347,Low,0
-1.0016782811854532,-0.7549363518191462,0.33949169951393476,0.9484982041780242,-0.9102564852985486,1,0,0.1280970181095333,True,False,False,-0.024460049500389602,-0.6664585581366489,-0.9086076523680435,-0.0720447371796461,0.21531751550947772,Low,0
-0.5564994373212174,-1.039938985699245,-1.0414329711922958,-1.2260588112551243,2.5279172079915306,1,1,-0.3666889840106467,False,False,True,-0.03492675203135649,1.8952857290421778,2.540164078903986,-1.0806943342238526,0.2562836811187758,Low,0
-1.8299179907003102,-1.2299407416193107,0.33949169951393476,-1.2260588112551243,0.8088303613464911,0,0,0.9202685795013192,False,False,True,-0.03492675203135649,-0.23950117694017783,-0.9086076523680435,-0.3048100288052322,0.015420170887822153,Low,0
-0.5979114227969603,0.8600785735014131,-0.6962018035157382,0.9233324527313609,0.8088303613464911,1,1,-0.24120097373620425,True,False,False,-0.022031298311373845,0.40093489485452893,1.3905735018133094,-0.3979161454554667,0.30194706665438764,Medium,1
-0.5875584264280246,0.1950724277811828,-1.0414329711922958,0.7410241779205231,0.8088303613464911,1,1,-1.0060880737048457,True,False,True,-0.01081767421538974,0.8990518395837451,1.3905735018133094,-0.8789644148150114,0.11767231577200574,Low,0
-0.7739123610688674,0.1950724277811828,-0.35097063583918053,0.5815372835356794,-0.9102564852985486,0,0,1.592568062781097,False,False,False,-0.030050182315473045,-0.49567560565806046,-0.9086076523680435,-0.2427392843717426,0.2739465344446422,Low,1
-0.8774423247582246,-1.6099442534594424,0.6847228671904925,1.1007314332391411,0.8088303613464911,1,0,0.043870943055070215,True,False,True,-0.023198391648371133,-0.3462405222392956,-0.9086076523680435,-0.3203277149136047,0.10861394318857018,Low,0
-0.40120449178718176,2.2850917429019066,-1.0414329711922958,0.8868313744537074,0.8088303613464911,1,0,0.39033961337557005,False,True,False,-0.026009037143802496,0.8990518395837451,-0.9086076523680435,-0.5375753204308183,0.8546470448047038,High,1
0.758331101533618,0.10007154982114991,0.33949169951393476,-1.2260588112551243,0.8088303613464911,0,0,0.11195703454626481,False,False,True,-0.03492675203135649,-0.23950117694017783,-0.9086076523680435,0.34693278774640895,0.02698788112023825,Low,0
1.441628861883375,-0.46993371793904753,-1.0414329711922958,1.4066269865477512,-0.9102564852985486,1,0,1.7388266671430281,True,False,False,-0.028122884951774608,-0.09718204987468745,-0.9086076523680435,-0.9875882175736183,0.14098030993366611,Low,0
0.0646803448149253,-0.944938107739212,0.6847228671904925,0.12051435467484194,-0.9102564852985486,1,0,0.9301828443121021,False,True,True,-0.030392603740137733,-0.7198282307862078,-0.9086076523680435,0.05985559474151937,0.08465138778384997,Low,0
0.3752702358829967,0.8600785735014131,-0.35097063583918053,-1.2260588112551243,0.8088303613464911,1,1,1.2412547635879814,False,False,True,-0.03492675203135649,0.10206472801699919,1.3905735018133094,-0.02549167885452888,0.057007098466663866,Low,0
0.7479781051646823,-0.0899302060989159,0.33949169951393476,-1.2260588112551243,0.8088303613464911,1,1,-0.09271008997511063,False,True,True,-0.03492675203135649,-0.23950117694017783,1.3905735018133094,0.2538266710961745,0.01606499504831921,Low,0
0.11644532665960386,-1.6099442534594424,1.3751852025436078,-1.2260588112551243,0.8088303613464911,1,1,-0.9654924384774276,False,False,False,-0.03492675203135649,-0.49567560565806046,1.3905735018133094,0.02106137947058835,0.012007537586444147,Low,0
1.4002168764076324,0.005070671861117005,0.6847228671904925,-1.2260588112551243,0.8088303613464911,0,0,0.020909582499892835,False,True,False,-0.03492675203135649,-0.3462405222392956,-0.9086076523680435,0.6029746085345538,0.03637533735252163,Low,0
-1.3122681722535245,0.10007154982114991,-1.0414329711922958,1.6715693236376394,-0.9102564852985486,1,0,1.400130159484451,False,False,True,-0.02663033258554635,-0.09718204987468745,-0.9086076523680435,-0.8944821009233838,0.41383193783975813,High,0
-0.26661553899101753,1.2400820853415448,1.0299540348670502,0.7188071492160509,-0.9102564852985486,1,0,-0.8850719480401648,False,True,True,-0.014465892273946158,-0.7613379761803092,-0.9086076523680435,1.712489165283181,0.6581327294083719,High,0
1.120685974446368,-1.6099442534594424,-0.005739468162622887,-1.2260588112551243,-0.9102564852985486,1,0,-1.350524529048033,False,False,False,-0.03492675203135649,-0.5952989946039038,-0.9086076523680435,-0.6617168092977976,0.21715372483583648,Low,0
0.2820932685625753,0.1950724277811828,-1.3866641388688534,1.0764748579281211,-0.9102564852985486,1,0,1.6900205415360678,False,False,False,-0.028891440999930004,0.40093489485452893,-0.9086076523680435,-1.1970769800366459,0.1247558026113381,Low,1
-0.5150874518454747,-0.1849310840589488,-0.005739468162622887,-1.2260588112551243,-0.9102564852985486,0,0,-1.3783376698631813,False,False,False,-0.03492675203135649,-0.5952989946039038,-0.9086076523680435,-0.07980358023383231,0.2818347300495428,Low,0
0.10609233029066815,0.8600785735014131,-0.6962018035157382,0.7053070714377991,-0.9102564852985486,0,0,-0.05699414286075514,False,False,True,-0.02460795523115822,-0.3462405222392956,-0.9086076523680435,-0.3979161454554667,0.4966206686629854,High,0
0.20962229398002527,-0.0899302060989159,-1.7318953065454112,0.26154436353625987,0.8088303613464911,1,0,-1.6759231191325552,False,True,True,0.1752621861511231,4.883987397417476,-0.9086076523680435,-1.5151895452582802,0.42993344250827226,High,0
0.12679832302853958,-0.5649345958990805,-0.005739468162622887,1.2984838239953873,0.8088303613464911,1,1,-1.2418820477478305,False,False,True,0.010674816504233457,-0.09718204987468745,1.3905735018133094,-0.2349804413175564,0.03630551052384619,Low,0
1.5451588255727322,0.6700768175813473,0.33949169951393476,-1.2260588112551243,0.8088303613464911,1,0,1.259293527705968,False,True,False,-0.03492675203135649,-0.23950117694017783,-0.9086076523680435,0.6262511376971123,0.1478249865510612,Low,0
-0.007790629767624689,-0.8499372297791791,0.33949169951393476,-1.2260588112551243,-0.9102564852985486,0,0,-0.5535118272652675,False,True,False,-0.03492675203135649,-0.6664585581366489,-0.9086076523680435,-0.11859779550476333,0.21051490386441446,Low,1
1.6176298001552822,-0.1849310840589488,1.7204163702201654,0.8624531262064553,0.8088303613464911,0,1,1.2622571672802119,True,False,True,-0.028672323134097673,-0.5500156359921567,1.3905735018133094,1.3555823847906157,0.05827335097235092,Low,0
0.3752702358829967,-0.8499372297791791,0.33949169951393476,-1.2260588112551243,0.8088303613464911,0,0,1.3862547237754823,False,False,False,-0.03492675203135649,-0.23950117694017783,-0.9086076523680435,-0.11859779550476333,0.03266804336156726,Low,0
-1.7885060052245674,1.0500803294214789,-1.0414329711922958,-1.2260588112551243,-0.9102564852985486,0,1,-0.11159952034014506,False,False,False,-0.03492675203135649,-0.09718204987468745,0.240982924722633,-0.7393052398396597,0.5580972399027329,High,1
-1.5917990742147887,-1.1349398636592778,0.6847228671904925,1.1720902025633897,-0.9102564852985486,0,0,1.1824448936162635,False,True,True,-0.027548895286014022,-0.7198282307862078,-0.9086076523680435,-0.04876820801708749,0.05049060858139868,Low,0
0.2820932685625753,1.5250847192216435,-0.35097063583918053,0.8550124569635856,-0.9102564852985486,1,1,1.4720396268491918,True,False,True,-0.029101692711235694,-0.49567560565806046,0.240982924722633,0.19175592666268484,0.6033474077137623,High,1
0.5616241705238395,0.4800750616612815,1.7204163702201654,0.4871792794142692,-0.9102564852985486,1,0,0.6573879409439762,True,False,False,-0.028501434674468532,-0.8217157876626383,-0.9086076523680435,1.8987013985836498,0.7686527957582983,High,1
0.5305651814170323,0.005070671861117005,1.0299540348670502,-1.2260588112551243,0.8088303613464911,1,0,-0.0013375114402217787,False,True,True,-0.03492675203135649,-0.42926001302749833,-0.9086076523680435,0.9055694876478156,0.02435459805071621,Low,0
0.3856232322519324,0.6700768175813473,-1.7318953065454112,-0.03086700331426587,-0.9102564852985486,0,1,-1.619780542220065,True,False,False,0.05478319402739936,1.8952857290421778,0.240982924722633,-1.5151895452582802,0.4022292278289371,High,0
0.5202121850480966,-0.944938107739212,-1.0414329711922958,-1.2260588112551243,0.8088303613464911,1,0,1.3467767980643817,False,False,True,-0.03492675203135649,0.8990518395837451,-0.9086076523680435,-1.0651766481154803,0.013768156257651994,Low,0
-0.30802752446676035,-1.2299407416193107,-1.0414329711922958,-0.018357966048278235,-0.9102564852985486,0,1,-0.9682352571640842,False,False,True,-0.020851275779780333,-0.09718204987468745,0.240982924722633,-1.1117297064405975,0.046086995320562006,Low,0
-0.5772054300590889,0.005070671861117005,0.6847228671904925,0.7156057705350353,-0.9102564852985486,0,0,-1.3330500268347418,False,False,False,0.008012187051833186,-0.7198282307862078,-0.9086076523680435,0.6029746085345538,0.20855344731271958,Low,0
0.6858601269510681,-0.0899302060989159,0.6847228671904925,0.3383382853945632,-0.9102564852985486,0,0,1.5601344280384746,False,False,True,-0.030664805239118492,-0.7198282307862078,-0.9086076523680435,0.5486627071552502,0.1257977207744025,Low,0
-1.5296810960011744,-0.1849310840589488,0.33949169951393476,-1.2260588112551243,0.8088303613464911,0,0,0.6414628478495128,False,True,True,-0.03492675203135649,-0.23950117694017783,-0.9086076523680435,0.20727361277105727,0.025028195289726468,Low,0
-0.7739123610688674,0.6700768175813473,-0.35097063583918053,0.978949183986657,-0.9102564852985486,1,1,-1.1560950515851391,True,False,True,-0.0009533519840426256,-0.49567560565806046,0.240982924722633,-0.08756242328801851,0.512838033977393,High,0
1.1310389708153037,1.1450812073815118,-1.0414329711922958,0.39432148012402496,-0.9102564852985486,0,0,1.3933691332248523,False,False,False,-0.03027730581747157,-0.09718204987468745,-0.9086076523680435,-0.7237875537312873,0.7846094857844965,High,1
1.9696316766990964,-0.6599354738591133,-1.0414329711922958,0.6531332990337418,-0.9102564852985486,1,0,0.23985732987231054,True,False,True,-0.02639241423363706,-0.09718204987468745,-0.9086076523680435,-1.018623589790363,0.19217141340947785,Low,0
0.44774121046554666,-0.1849310840589488,1.7204163702201654,1.0827649313835102,-0.9102564852985486,0,1,-1.1582474447548268,False,False,True,0.000777894027604441,-0.8217157876626383,0.240982924722633,1.3555823847906157,0.06840356337806089,Low,0
2.0628086440195177,0.005070671861117005,0.33949169951393476,2.0808597451362423,0.8088303613464911,0,1,-0.9934493047359975,False,True,True,0.004917116666171534,-0.23950117694017783,1.3905735018133094,0.3003797294212917,0.2058119407533095,Low,1
0.3959762286208681,1.7150864751417092,-0.35097063583918053,-1.2260588112551243,0.8088303613464911,1,0,0.6439560656750817,False,True,False,-0.03492675203135649,0.10206472801699919,-0.9086076523680435,0.2538266710961745,0.664112364108003,High,1
-1.3433271613603317,0.005070671861117005,-0.6962018035157382,1.1240696828665424,-0.9102564852985486,0,0,-0.46636013708639806,False,True,False,-0.01833345057782721,-0.3462405222392956,-0.9086076523680435,-0.6074049079184942,0.2353036120437654,Low,0
2.0628086440195177,-0.2799319620189817,-1.7318953065454112,-1.2260588112551243,0.8088303613464911,1,0,0.7240650347022101,False,True,True,-0.03492675203135649,4.883987397417476,-0.9086076523680435,-1.5151895452582802,0.020935896875305497,Low,0
0.05432734844598959,0.1950724277811828,0.33949169951393476,0.3980538536243744,0.8088303613464911,1,1,-1.1250388438166679,False,True,False,-0.011168067827297462,-0.23950117694017783,1.3905735018133094,0.3934858460715262,0.054614096338797984,Low,0
0.14750431576641101,-1.5149433754994095,1.3751852025436078,1.0801553839899445,-0.9102564852985486,1,1,0.26890120700879727,False,False,False,-0.024604554548047167,-0.7945457724955903,0.240982924722633,0.0908909669582642,0.06495820034091945,Low,0
1.006803014388075,0.10007154982114991,-0.35097063583918053,-1.2260588112551243,0.8088303613464911,1,0,0.5692793602522294,False,True,False,-0.03492675203135649,0.10206472801699919,-0.9086076523680435,-0.27377465658848743,0.05220623054985087,Low,0
2.0628086440195177,2.760096132702071,-0.005739468162622887,1.4938513930978106,-0.9102564852985486,1,1,1.510586825659688,False,False,True,-0.027403833471168104,-0.5952989946039038,0.240982924722633,1.1228170931650294,0.03967118264478819,Low,0
1.0585679962327537,-0.2799319620189817,0.6847228671904925,0.8369071067044708,-0.9102564852985486,1,1,-0.96217524128933,False,False,False,-0.011070788672447637,-0.7198282307862078,0.240982924722633,0.4400389043966434,0.09050706823365107,Low,1
0.05432734844598959,1.0500803294214789,0.6847228671904925,-1.2260588112551243,0.8088303613464911,0,1,-0.4811901957951805,False,False,True,-0.03492675203135649,-0.3462405222392956,1.3905735018133094,1.2004055237068916,0.06402759290060007,Low,0
0.3752702358829967,1.0500803294214789,-0.005739468162622887,-1.2260588112551243,0.8088303613464911,1,0,0.1831381069453154,False,True,False,-0.03492675203135649,-0.09718204987468745,-0.9086076523680435,0.424521218288271,0.2268077664232932,Low,0
-0.15273257893272468,-0.5649345958990805,-1.7318953065454112,-1.2260588112551243,-0.9102564852985486,1,0,-0.130004226181795,False,True,False,-0.03492675203135649,1.8952857290421778,-0.9086076523680435,-1.5151895452582802,0.21951789696118995,Low,1
1.2759809199804037,1.3350829633015777,-0.35097063583918053,0.5991841932857196,-0.9102564852985486,1,1,0.94463056543353,False,False,True,-0.02881391905362786,-0.49567560565806046,0.240982924722633,0.12968518222919523,0.24829966319074,Low,1
-0.7635593646999317,-0.7549363518191462,0.33949169951393476,-1.2260588112551243,-0.9102564852985486,1,1,1.6860605916064548,False,True,True,-0.03492675203135649,-0.6664585581366489,0.240982924722633,-0.0720447371796461,0.19032360174186125,Low,0
-1.2397971976709745,0.7650776955413803,0.33949169951393476,-1.2260588112551243,-0.9102564852985486,0,0,1.6616951171926075,False,False,False,-0.03492675203135649,-0.6664585581366489,-0.9086076523680435,0.6728041960222295,0.9076353001563244,High,1
1.483040847359118,1.6200855971816763,1.3751852025436078,0.330186359185409,-0.9102564852985486,1,1,-0.4875859780274429,False,False,True,-0.023752446003093616,-0.7945457724955903,0.240982924722633,2.395267354051567,0.20477114419762407,Low,0
0.6444481414753253,0.7650776955413803,-1.3866641388688534,-1.2260588112551243,-0.9102564852985486,1,0,0.1411835336964196,False,True,False,-0.03492675203135649,0.40093489485452893,-0.9086076523680435,-1.1505239217115286,0.7898768575782498,High,1
-0.8463833356514174,1.1450812073815118,-0.6962018035157382,-1.2260588112551243,2.5279172079915306,1,0,-0.42988300327896956,False,True,False,-0.03492675203135649,1.1481103119483533,-0.9086076523680435,-0.32808655796779085,0.9171994283130089,High,1
1.8246897275339964,-0.0899302060989159,-0.005739468162622887,-1.2260588112551243,0.8088303613464911,0,0,0.06234262774413989,False,False,True,-0.03492675203135649,-0.09718204987468745,-0.9086076523680435,-0.041009364962901286,0.017216862049814007,Low,0
-0.39085149541824604,-0.0899302060989159,1.3751852025436078,0.8007407092606477,0.8088303613464911,0,0,-1.4629098022959799,True,False,True,0.030935317622649703,-0.49567560565806046,-0.9086076523680435,1.1383347792734018,0.1377874746521614,Low,0
0.09573933392173244,-1.4199424975393766,-0.005739468162622887,0.1397808949348827,-0.9102564852985486,1,1,-0.4900062865868099,True,False,True,-0.02510061817320616,-0.5952989946039038,0.240982924722633,-0.5841283787559356,0.052822495935692354,Low,0
-0.44261647726292463,-1.039938985699245,-0.35097063583918053,-1.2260588112551243,0.8088303613464911,1,0,-1.5494297284504888,False,True,False,-0.03492675203135649,0.10206472801699919,-0.9086076523680435,-0.6461991231894253,0.01584696732455594,Low,1
0.8929200543297824,0.5750759396213144,1.7204163702201654,-1.2260588112551243,0.8088303613464911,1,0,-1.7157446602848458,False,False,True,-0.03492675203135649,-0.5500156359921567,-0.9086076523680435,1.976289829125512,0.1091551569920944,Low,0
-0.44261647726292463,-0.0899302060989159,1.0299540348670502,0.4377705967193559,0.8088303613464911,1,1,0.6514573477379341,True,False,False,-0.028671259084463486,-0.42926001302749833,1.3905735018133094,0.843498743214326,0.1401456339519883,Low,0
-1.1983852121952316,-0.0899302060989159,1.0299540348670502,0.15411149483986789,-0.9102564852985486,1,0,-1.5784064523154737,False,False,True,0.0420686272381402,-0.7613379761803092,-0.9086076523680435,0.843498743214326,0.11552774039544922,Low,0
1.6176298001552822,2.000089109021808,-1.3866641388688534,-0.05509998242261281,0.8088303613464911,1,1,-1.4368262506761822,True,False,False,-0.00015437390203638373,1.8952857290421778,1.3905735018133094,-1.049658962007108,0.18534023290561782,Low,0
0.04397435207705388,-0.1849310840589488,1.0299540348670502,1.4017648846500392,0.8088303613464911,0,0,-0.4094009066228154,False,True,True,-0.01716727374591787,-0.42926001302749833,-0.9086076523680435,0.7814279987808365,0.05581319319257717,Low,0
2.0628086440195177,0.38507418370124863,-0.005739468162622887,0.8495256175093902,0.8088303613464911,0,1,-1.4038737042901384,True,False,True,0.020658344141153098,-0.09718204987468745,1.3905735018133094,0.15296171139175382,0.16564960272124862,Low,0
-0.6496764046416389,-0.1849310840589488,-1.0414329711922958,-1.2260588112551243,0.8088303613464911,0,1,1.536428102229834,False,True,True,-0.03492675203135649,0.8990518395837451,1.3905735018133094,-0.941035159248501,0.02518262140761799,Low,0
-0.16308557530166037,-0.944938107739212,1.0299540348670502,0.9938613420024183,0.8088303613464911,1,0,0.7211511059912857,False,True,False,-0.026816915136100627,-0.42926001302749833,-0.9086076523680435,0.2848620433129193,0.0926520110066419,Low,0
1.193156949028918,-1.039938985699245,-0.6962018035157382,-0.21932216918059952,0.8088303613464911,1,1,-1.5096121990520803,True,False,False,0.0044324963907892674,0.40093489485452893,1.3905735018133094,-0.863446728706639,0.057314864004187165,Low,0
1.5348058292037965,-0.0899302060989159,-1.0414329711922958,-1.2260588112551243,0.8088303613464911,1,1,-0.7052571155450028,False,True,True,-0.03492675203135649,0.8990518395837451,1.3905735018133094,-0.9255174731401287,0.011600226451809583,Low,0
-0.14237958256378896,-1.1349398636592778,0.6847228671904925,0.9544693276013647,-0.9102564852985486,1,1,0.029429501200587953,True,False,False,-0.023845908195814954,-0.7198282307862078,0.240982924722633,-0.04876820801708749,0.1421695854349409,Low,0
-0.49438145910760317,0.2900733057412157,0.33949169951393476,-1.2260588112551243,-0.9102564852985486,1,1,-0.16209128027383649,False,True,False,-0.03492675203135649,-0.6664585581366489,0.240982924722633,0.4400389043966434,0.31252861608707155,Medium,0
-0.1009675970880461,0.1950724277811828,0.33949169951393476,-1.2260588112551243,0.8088303613464911,1,0,-0.5988680189578632,False,False,True,-0.03492675203135649,-0.23950117694017783,-0.9086076523680435,0.3934858460715262,0.023849889144961993,Low,0
-1.4779161141564958,0.38507418370124863,1.3751852025436078,-1.2260588112551243,-0.9102564852985486,1,0,0.06969809127458902,False,False,False,-0.03492675203135649,-0.7945457724955903,-0.9086076523680435,1.487482716711781,0.6183385807273375,High,0
0.18891630124215386,-0.1849310840589488,-1.3866641388688534,0.788921258978898,-0.9102564852985486,1,1,1.090675849143392,False,False,True,-0.028526704652840674,0.40093489485452893,0.240982924722633,-1.2281123522533905,0.06213664420503365,Low,0
-1.0016782811854532,0.4800750616612815,0.6847228671904925,0.14323155866862675,-0.9102564852985486,1,1,-0.7265511563020401,False,False,True,-0.02277549063295936,-0.7198282307862078,0.240982924722633,0.8745341154310708,0.14399863655912612,Low,0
-0.04920261524336754,1.2400820853415448,0.33949169951393476,0.5675639975568844,0.8088303613464911,0,1,-0.5470572641174313,True,False,False,-0.021405719853798667,-0.23950117694017783,1.3905735018133094,0.9055694876478156,0.34248566668878316,Medium,0
0.4580942068344824,0.10007154982114991,0.6847228671904925,1.0055037405049279,-0.9102564852985486,0,1,1.6335219650725783,True,False,True,-0.028979492726777415,-0.7198282307862078,0.240982924722633,0.6572865099138572,0.19673146149246856,Low,0
1.2552749272425323,-0.46993371793904753,0.6847228671904925,0.56477916408632,-0.9102564852985486,1,1,0.3722631736559096,True,False,True,-0.02730360034828592,-0.7198282307862078,0.240982924722633,0.33141510163803656,0.14129384345244775,Low,0
1.1517449635531751,1.1450812073815118,-0.6962018035157382,0.3676797621224107,-0.9102564852985486,0,1,-0.2468481278092849,False,False,False,-0.02532880941333866,-0.3462405222392956,0.240982924722633,-0.32808655796779085,0.3239822091850576,Medium,0
0.975744025281268,-1.039938985699245,0.33949169951393476,-1.2260588112551243,0.8088303613464911,1,0,0.9533735725348758,False,False,False,-0.03492675203135649,-0.23950117694017783,-0.9086076523680435,-0.2117039121549978,0.03025039334316468,Low,0
-1.9127419616517958,0.7650776955413803,-0.005739468162622887,0.41260468475430717,-0.9102564852985486,1,1,1.4617684903669999,True,False,False,-0.030325305883639624,-0.5952989946039038,0.240982924722633,0.30813857247547793,0.7606255241393151,High,1
-0.09061460071911039,1.5250847192216435,0.6847228671904925,-1.2260588112551243,0.8088303613464911,1,1,0.031133798904074094,False,False,False,-0.03492675203135649,-0.3462405222392956,1.3905735018133094,1.4719650306034087,0.07225928705798965,Low,0
0.872214061591911,0.1950724277811828,0.6847228671904925,-0.036042116063761405,-0.9102564852985486,1,1,-1.5340198840937287,False,False,True,0.0171231463210878,-0.7198282307862078,0.240982924722633,0.7115984112931606,0.09921323495530399,Low,1
0.41668222135873956,-0.8499372297791791,1.3751852025436078,-1.2260588112551243,0.8088303613464911,0,1,-1.5483237053476533,False,True,True,-0.03492675203135649,-0.49567560565806046,1.3905735018133094,0.5796980793719951,0.00884575192351832,Low,0
0.5616241705238395,1.0500803294214789,-0.35097063583918053,0.01099057348853264,0.8088303613464911,0,1,0.7923815404054921,False,False,False,-0.03053468775849757,0.10206472801699919,1.3905735018133094,0.03657906557896076,0.21767880675592505,Low,0
2.0628086440195177,-0.46993371793904753,-0.6962018035157382,0.8553578925292465,0.8088303613464911,1,1,-0.19163662664556227,True,False,False,-0.02283897391898076,0.40093489485452893,1.3905735018133094,-0.7237875537312873,0.025443095264650287,Low,0
0.9653910289123323,0.38507418370124863,1.7204163702201654,1.1469189934916184,-0.9102564852985486,0,1,-1.316844285392626,False,False,False,0.015538563864043432,-0.8217157876626383,0.240982924722633,1.821112968041788,0.2604574217322014,Low,0
-2.3889797946228386,-0.7549363518191462,-1.3866641388688534,0.5136033344851042,0.8088303613464911,1,1,-1.5667849245918135,True,False,False,0.05559502100018588,1.8952857290421778,1.3905735018133094,-1.2746654105785078,0.1058471860519373,Low,0
0.5305651814170323,-0.944938107739212,0.33949169951393476,1.1691706941673659,-0.9102564852985486,1,1,-1.5715226315022728,False,False,False,0.09322115472777331,-0.6664585581366489,0.240982924722633,-0.16515085382988057,0.07730806869990783,Low,0
-0.40120449178718176,0.7650776955413803,0.33949169951393476,0.8610794098630873,-0.9102564852985486,1,1,-0.9415516867028177,True,False,False,-0.011415025907885002,-0.6664585581366489,0.240982924722633,0.6728041960222295,0.6508202730838245,High,1
0.19926929761108958,-0.5649345958990805,1.0299540348670502,0.8073831205722753,-0.9102564852985486,1,1,-1.0514235089317043,False,False,True,-0.008362403914304654,-0.7613379761803092,0.240982924722633,0.5331450210468779,0.0388181479767321,Low,0
-0.40120449178718176,0.38507418370124863,-0.35097063583918053,1.0131140776813035,0.8088303613464911,1,1,-0.3942434539124523,False,False,False,-0.01996437283139703,0.10206472801699919,1.3905735018133094,-0.18066853993825296,0.11393605678370772,Low,0
-1.115561241243746,-0.7549363518191462,-0.35097063583918053,0.9941984306120318,-0.9102564852985486,0,0,-0.6608419417738387,False,False,False,-0.016424098580859584,-0.49567560565806046,-0.9086076523680435,-0.5530930065391908,0.11764779269051119,Low,0
-0.6910883901173818,-0.0899302060989159,1.3751852025436078,0.45270924026872983,-0.9102564852985486,1,0,1.3421568274091529,False,False,True,-0.03002972111089748,-0.7945457724955903,-0.9086076523680435,1.1383347792734018,0.14144207285265442,Low,0
-1.012031277554389,-1.1349398636592778,-0.6962018035157382,-1.2260588112551243,0.8088303613464911,0,0,1.0477540943607915,False,False,False,-0.03492675203135649,0.40093489485452893,-0.9086076523680435,-0.8867232578691976,0.026992327273881865,Low,0
-0.4115574881561175,2.095089986981841,-0.6962018035157382,0.8860997316524601,4.24700405463657,0,1,-0.5841912790170026,False,False,False,-0.01849271769159954,1.8952857290421778,3.6897546559946623,-0.09532126634220472,0.9778352968877665,High,1
0.10609233029066815,1.1450812073815118,0.33949169951393476,1.1272466627529576,-0.9102564852985486,1,1,-0.5530797788145937,False,False,True,-0.017096563253829414,-0.6664585581366489,0.240982924722633,0.8590164293226985,0.21274907191566575,Low,0
2.0628086440195177,-0.7549363518191462,-0.6962018035157382,-1.2260588112551243,0.8088303613464911,1,0,0.38610616648565943,False,False,True,-0.03492675203135649,0.40093489485452893,-0.9086076523680435,-0.7936171412189631,0.013102777463121279,Low,0
1.9799846730680322,-0.1849310840589488,-0.35097063583918053,0.8999442818860596,0.8088303613464911,1,0,-0.2208144614768887,False,False,False,-0.022342834694276666,0.10206472801699919,-0.9086076523680435,-0.36688077323872187,0.04717773491549135,Low,1
-1.4468571250496889,-1.1349398636592778,1.0299540348670502,-1.2260588112551243,0.8088303613464911,1,1,-0.8833088694211043,False,False,True,-0.03492675203135649,-0.42926001302749833,1.3905735018133094,0.16072055444594002,0.011709994685477466,Low,0
-1.3950921432050103,-0.7549363518191462,-0.6962018035157382,-1.2260588112551243,0.8088303613464911,1,0,0.4268409921303716,False,True,False,-0.03492675203135649,0.40093489485452893,-0.9086076523680435,-0.7936171412189631,0.0336831934422537,Low,0
-1.6332110596905316,0.8600785735014131,0.6847228671904925,-1.2260588112551243,0.8088303613464911,1,0,-0.8928020744983681,False,True,False,-0.03492675203135649,-0.3462405222392956,-0.9086076523680435,1.0917817209482845,0.18929726103803513,Low,0
2.0628086440195177,-0.1849310840589488,-0.35097063583918053,0.9763300054899595,-0.9102564852985486,1,1,-1.236060120744764,False,True,True,0.0043956418662983564,-0.49567560565806046,0.240982924722633,-0.36688077323872187,0.07085105091158864,Low,0
-0.8670893283892889,-0.944938107739212,1.0299540348670502,-1.2260588112551243,0.8088303613464911,1,0,0.983663012039656,False,True,True,-0.03492675203135649,-0.42926001302749833,-0.9086076523680435,0.2848620433129193,0.017249598789878678,Low,0
0.292446264931511,-0.46993371793904753,0.6847228671904925,1.3505079932641306,-0.9102564852985486,1,0,0.38675624503861145,False,False,True,-0.024033705794280484,-0.7198282307862078,-0.9086076523680435,0.33141510163803656,0.08312725834830981,Low,0
-0.8153243465446103,-1.894946887339541,-1.3866641388688534,0.9996422511389049,-0.9102564852985486,1,1,-1.4576444625380083,True,False,False,0.03604784940366122,0.40093489485452893,0.240982924722633,-1.3677715272287423,0.09054408468036336,Low,0
-0.46332247000079607,-0.2799319620189817,-1.7318953065454112,0.2852789330575353,-0.9102564852985486,0,1,0.3559552197018464,False,True,True,-0.028443296302925036,1.8952857290421778,0.240982924722633,-1.5151895452582802,0.06184108521686778,Low,0
1.514099836465925,-1.4199424975393766,-0.005739468162622887,-1.2260588112551243,0.8088303613464911,1,0,1.4394661039929475,False,False,True,-0.03492675203135649,-0.09718204987468745,-0.9086076523680435,-0.5841283787559356,0.017225350388853526,Low,0
0.2510342794557681,-0.2799319620189817,0.6847228671904925,0.20913527117901498,-0.9102564852985486,1,1,0.8663450257577731,True,False,True,-0.02997581612073467,-0.7198282307862078,0.240982924722633,0.4400389043966434,0.10891139768306558,Low,0
-0.6186174155348317,0.4800750616612815,1.7204163702201654,0.5971407942379193,-0.9102564852985486,1,0,-1.7049151923167407,True,False,False,0.43834480860618963,-0.8217157876626383,-0.9086076523680435,1.8987013985836498,0.7737031042245889,High,0
0.20962229398002527,0.5750759396213144,-1.0414329711922958,0.4814852107243543,-0.9102564852985486,0,1,1.0209705789006405,False,False,True,-0.02936624410070221,-0.09718204987468745,0.240982924722633,-0.8168936703815217,0.1582838364566117,Low,0
0.8308020761161681,-0.1849310840589488,1.0299540348670502,-1.2260588112551243,0.8088303613464911,1,1,1.2315655058427493,False,False,True,-0.03492675203135649,-0.42926001302749833,1.3905735018133094,0.7814279987808365,0.01598764649263778,Low,0
0.5202121850480966,0.38507418370124863,-1.0414329711922958,-1.2260588112551243,0.8088303613464911,1,1,1.1437506553047911,False,False,True,-0.03492675203135649,0.8990518395837451,1.3905735018133094,-0.8479290425982666,0.02796533307515343,Low,0
0.11644532665960386,3.140099644542203,0.6847228671904925,1.026041746896754,-0.9102564852985486,0,1,1.387157368398913,False,True,False,-0.028451838050633095,-0.7198282307862078,0.240982924722633,2.395267354051567,0.04833384917192183,Low,0
-1.6021520705837244,1.9050882310617752,0.6847228671904925,0.2455753524701674,0.8088303613464911,1,0,1.1060295289458053,True,False,False,-0.030277718731330196,-0.3462405222392956,-0.9086076523680435,1.6892126361206223,0.9157249439131513,High,1
1.6590417856310251,1.2400820853415448,1.7204163702201654,0.008574771786302208,-0.9102564852985486,0,0,0.8133220235486753,True,False,True,-0.030579221468266582,-0.8217157876626383,-0.9086076523680435,2.5194088429185464,0.7418976505441336,High,1
-0.13202658619485325,0.2900733057412157,1.0299540348670502,1.1043124379019358,-0.9102564852985486,1,0,1.6350675368616059,True,False,True,-0.028719005572129957,-0.7613379761803092,-0.9086076523680435,1.0917817209482845,0.3251731844243409,Medium,1
-1.6125050669526602,-0.46993371793904753,1.3751852025436078,0.6545797302057551,-0.9102564852985486,1,1,0.2849815375360826,True,False,False,-0.026576211539114138,-0.7945457724955903,0.240982924722633,0.8590164293226985,0.16211644960053667,Low,1
-0.29767452809782463,0.10007154982114991,-0.35097063583918053,0.3759108238956314,0.8088303613464911,1,0,1.7030997313115177,False,False,True,-0.03074368478020647,0.10206472801699919,-0.9086076523680435,-0.27377465658848743,0.038982695284889554,Low,0
-0.45296947363186035,-0.944938107739212,0.6847228671904925,0.42100429083233465,-0.9102564852985486,1,0,1.1080573833210723,True,False,True,-0.029727227269305122,-0.7198282307862078,-0.9086076523680435,0.05985559474151937,0.15636820832827542,Low,0
1.4002168764076324,-1.4199424975393766,-1.0414329711922958,0.7023376418238749,0.8088303613464911,1,1,0.44859533803933827,True,False,True,-0.027004404532301598,0.8990518395837451,1.3905735018133094,-1.1427650786573424,0.05659192455888776,Low,0
1.5244528328348608,0.955079451461446,-0.005739468162622887,0.9019602322899345,-0.9102564852985486,1,1,-1.1868596222888033,True,False,False,-0.00031449149847404396,-0.5952989946039038,0.240982924722633,0.38572700301734,0.7491206301953747,High,1
-0.9499132993407745,0.955079451461446,-1.0414329711922958,1.134681553333948,-0.9102564852985486,1,0,0.3629768355396873,False,False,True,-0.0248332832737319,-0.09718204987468745,-0.9086076523680435,-0.7548229259480321,0.5093124174279561,High,1
1.7108067674757037,-0.46993371793904753,-1.0414329711922958,0.5141349713779804,0.8088303613464911,1,0,0.05543368986315636,True,False,False,-0.026211679030316813,0.8990518395837451,-0.9086076523680435,-0.9875882175736183,0.09222266617199022,Low,0
0.32350525403831815,0.10007154982114991,-0.35097063583918053,-1.2260588112551243,0.8088303613464911,1,1,0.7154020882544206,False,False,True,-0.03492675203135649,0.10206472801699919,1.3905735018133094,-0.27377465658848743,0.01731450568695567,Low,0
-1.219091204933103,0.7650776955413803,1.3751852025436078,0.11181778958358346,-0.9102564852985486,1,1,0.6622086737173827,False,False,True,-0.02991925915629494,-0.7945457724955903,0.240982924722633,1.7668010666624845,0.27264100994064344,Low,0
0.002562366601311024,0.10007154982114991,-1.3866641388688534,0.937090323036774,0.8088303613464911,0,0,1.303004551458815,True,False,True,-0.028535564399555895,1.8952857290421778,-0.9086076523680435,-1.204835823090832,0.11998889831202295,Low,1
-2.6478047038462313,-0.46993371793904753,-0.005739468162622887,0.4756221161744758,-0.9102564852985486,1,1,-1.4364562971986372,True,False,False,0.015544080883190209,-0.5952989946039038,0.240982924722633,-0.1961862260466254,0.42101457185274427,High,1
-1.115561241243746,-0.8499372297791791,0.33949169951393476,-0.04655285994828297,-0.9102564852985486,1,1,1.3423998001551314,True,False,True,-0.03148635909683826,-0.6664585581366489,0.240982924722633,-0.11859779550476333,0.053003079432671185,Low,0
0.8308020761161681,-0.3749328399790146,-1.0414329711922958,0.8263762980217579,0.8088303613464911,1,0,0.6864091429498262,True,False,True,-0.027321395214829635,0.8990518395837451,-0.9086076523680435,-0.9720705314652459,0.09134730415804718,Low,0
0.9136260470676537,0.10007154982114991,-0.005739468162622887,1.167768405551373,2.5279172079915306,1,1,-0.6923558383330118,True,False,True,-0.01437729814095077,0.40093489485452893,2.540164078903986,0.03657906557896076,0.9283837793885759,High,1
-0.5772054300590889,-0.8499372297791791,-0.005739468162622887,0.3900971177720248,-0.9102564852985486,1,1,1.3715005395422923,False,True,False,-0.03025682968847475,-0.5952989946039038,0.240982924722633,-0.35136308713034947,0.0929177890247834,Low,0
0.1371513193974753,1.3350829633015777,0.6847228671904925,1.7853010943006244,-0.9102564852985486,1,0,1.5115970899416027,False,True,False,-0.02660030960382696,-0.7198282307862078,-0.9086076523680435,1.3633412278448018,0.9312178068557664,High,1
-0.12167358982591753,-1.1349398636592778,-1.0414329711922958,-1.2260588112551243,0.8088303613464911,0,0,0.4450145860636069,False,False,False,-0.03492675203135649,0.8990518395837451,-0.9086076523680435,-1.0962120203322252,0.02199920530035293,Low,0
0.33385825040725386,-0.0899302060989159,-0.005739468162622887,0.8224216065574489,-0.9102564852985486,1,0,0.42062818075994113,False,False,False,-0.02640211332098359,-0.5952989946039038,-0.9086076523680435,-0.041009364962901286,0.17156487682214444,Low,0
1.2242159381357252,3.235100522502236,-1.3866641388688534,-1.2260588112551243,-0.9102564852985486,1,1,-1.2198993807157583,False,False,False,-0.03492675203135649,0.40093489485452893,0.240982924722633,-0.9487940023026873,0.12498624692891551,Low,0
-0.5979114227969603,-0.6599354738591133,-0.6962018035157382,-1.2260588112551243,0.8088303613464911,1,1,0.9113230660409773,False,False,False,-0.03492675203135649,0.40093489485452893,1.3905735018133094,-0.7703406120564046,0.023750415074970093,Low,0
-0.27696853535995325,0.5750759396213144,-0.6962018035157382,-0.12426751526598788,-0.9102564852985486,1,0,1.1908193426327185,False,False,False,-0.031546800451239546,-0.3462405222392956,-0.9086076523680435,-0.46774573294314253,0.5426837650581102,High,1
-0.40120449178718176,2.1900908649418738,-1.7318953065454112,1.4550253665241364,0.8088303613464911,1,1,1.6249563472624455,False,True,False,-0.027763297380528715,4.883987397417476,1.3905735018133094,-1.5151895452582802,0.10384208723844951,Low,0
-1.0637962593990673,-0.944938107739212,-0.35097063583918053,-1.2260588112551243,0.8088303613464911,0,1,-0.8905680508583873,False,False,False,-0.03492675203135649,0.10206472801699919,1.3905735018133094,-0.6151637509726804,0.0184403579996494,Low,0
-1.3019151758845888,-1.3249416195793435,1.7204163702201654,-1.2260588112551243,0.8088303613464911,1,0,-0.5297060797299883,False,True,False,-0.03492675203135649,-0.5500156359921567,-0.9086076523680435,0.424521218288271,0.02636169572741161,Low,0
1.5969238074174108,-0.7549363518191462,-0.35097063583918053,-1.2260588112551243,0.8088303613464911,1,0,-1.6558547563984838,False,False,False,-0.03492675203135649,0.10206472801699919,-0.9086076523680435,-0.5530930065391908,0.012347796522027958,Low,0
-1.9230949580207315,-0.5649345958990805,0.33949169951393476,-1.2260588112551243,0.8088303613464911,1,1,-0.07377844898227547,False,True,False,-0.03492675203135649,-0.23950117694017783,1.3905735018133094,0.02106137947058835,0.01753931414490897,Low,0
0.5719771668927752,0.6700768175813473,-0.35097063583918053,0.4628286403293285,-0.9102564852985486,1,0,0.15643709407586673,True,False,False,-0.02691921053810722,-0.49567560565806046,-0.9086076523680435,-0.08756242328801851,0.7903551476978703,High,1
-0.0181436261365604,2.950097888622137,1.3751852025436078,0.6496741278255648,0.8088303613464911,0,1,0.1289862320786636,True,False,True,-0.02590266319188196,-0.49567560565806046,1.3905735018133094,3.3728815788790287,0.11473612171356984,Low,0
-1.4882691105254315,-0.2799319620189817,-0.35097063583918053,0.11496587616060287,-0.9102564852985486,0,0,0.7047364044991469,False,False,True,-0.029994805989969505,-0.49567560565806046,-0.9086076523680435,-0.3979161454554667,0.09953377058292835,Low,0
-0.9292073066029032,-1.1349398636592778,1.3751852025436078,0.9511644145616819,-0.9102564852985486,1,0,0.930545297554129,False,False,False,-0.02759665430070612,-0.7945457724955903,-0.9086076523680435,0.3702093169089676,0.12995874083982467,Low,1
-0.028496622505496116,0.005070671861117005,0.33949169951393476,0.8718344627303859,0.8088303613464911,1,1,0.9458070558654219,False,False,False,-0.02790387740448677,-0.23950117694017783,1.3905735018133094,0.3003797294212917,0.08144619007971035,Low,1
-0.7428533719620604,-0.944938107739212,1.7204163702201654,-0.051152193248881525,0.8088303613464911,1,1,0.5141721646894364,False,False,False,-0.03024038092069596,-0.5500156359921567,1.3905735018133094,0.7348749404557192,0.04238551371654183,Low,0
-0.007790629767624689,0.6700768175813473,1.3751852025436078,1.1657254880587298,0.8088303613464911,1,0,1.3460658455068737,True,False,False,-0.02795866406049716,-0.49567560565806046,-0.9086076523680435,1.6969714791748085,0.5863905033174556,High,0
-1.5503870887390458,-1.4199424975393766,-0.35097063583918053,0.8736247242842049,0.8088303613464911,1,0,-0.33994680705788793,True,False,True,-0.021440752276195872,0.10206472801699919,-0.9086076523680435,-0.7703406120564046,0.07125605830701881,Low,0
-1.1983852121952316,-0.0899302060989159,1.0299540348670502,-1.2260588112551243,0.8088303613464911,1,0,0.6434474450524881,False,False,False,-0.03492675203135649,-0.42926001302749833,-0.9086076523680435,0.843498743214326,0.04949306494244685,Low,0
0.6962131233200037,-0.3749328399790146,1.0299540348670502,-1.2260588112551243,0.8088303613464911,1,0,-0.08564155405925948,False,False,True,-0.03492675203135649,-0.42926001302749833,-0.9086076523680435,0.6572865099138572,0.020434408125726704,Low,0
-1.508975103263303,-0.46993371793904753,1.7204163702201654,0.45133889481145784,-0.9102564852985486,0,1,0.4660668750432386,False,False,True,-0.028090159588757452,-0.8217157876626383,0.240982924722633,1.1228170931650294,0.033246610606910316,Low,0
-0.20449756077740325,-0.5649345958990805,0.6847228671904925,-1.2260588112551243,-0.9102564852985486,1,1,-0.727135476976145,False,False,True,-0.03492675203135649,-0.7198282307862078,0.240982924722633,0.2771032002587331,0.09821909404307223,Low,1
-1.840270987069246,-1.3249416195793435,0.33949169951393476,0.5503406958262584,0.8088303613464911,0,0,-0.9239660763494056,False,False,False,-0.015346998924609742,-0.23950117694017783,-0.9086076523680435,-0.35136308713034947,0.04411901187450063,Low,0
-0.4115574881561175,-0.46993371793904753,-0.35097063583918053,-1.2260588112551243,0.8088303613464911,1,0,1.2422442714041593,False,True,True,-0.03492675203135649,0.10206472801699919,-0.9086076523680435,-0.45998688988895636,0.01834276512829317,Low,0
-1.798859001593503,1.7150864751417092,1.3751852025436078,0.6042302492532489,0.8088303613464911,1,1,-0.49821869563125215,False,False,False,-0.021672159461232625,-0.49567560565806046,1.3905735018133094,2.465096941539243,0.18405689190072658,Low,1
0.4580942068344824,-0.2799319620189817,-0.35097063583918053,1.3668428257308467,-0.9102564852985486,1,0,0.02110703056051587,False,False,True,-0.021688055680602444,-0.49567560565806046,-0.9086076523680435,-0.3979161454554667,0.0941753904326644,Low,0
-0.7221473792241889,1.0500803294214789,-0.35097063583918053,-1.2260588112551243,0.8088303613464911,1,1,-0.3319131826973136,False,True,False,-0.03492675203135649,0.10206472801699919,1.3905735018133094,0.03657906557896076,0.10114255694654008,Low,0
-0.4219104845250532,1.0500803294214789,-0.005739468162622887,0.869581105634312,2.5279172079915306,1,0,1.48308189219712,False,True,False,-0.029081013248542384,0.40093489485452893,-0.9086076523680435,0.424521218288271,0.9680195143068221,High,1
-0.15273257893272468,0.8600785735014131,-1.3866641388688534,1.516132308119724,-0.9102564852985486,1,0,0.1880198881473597,False,False,False,-0.022138198209375508,0.40093489485452893,-0.9086076523680435,-1.1427650786573424,0.6925433302339965,High,1
0.3752702358829967,-0.3749328399790146,-1.3866641388688534,0.7826881695503723,0.8088303613464911,1,1,0.8512986811875307,True,False,True,-0.027957008797027675,1.8952857290421778,1.3905735018133094,-1.2436300383617631,0.06643147277619411,Low,0
-1.798859001593503,-1.6099442534594424,-0.005739468162622887,0.09917166961635285,0.8088303613464911,0,0,1.1055362576424117,False,False,True,-0.0307394961429972,-0.09718204987468745,-0.9086076523680435,-0.6617168092977976,0.026243922054169998,Low,1
-1.6228580633215959,-0.1849310840589488,-0.005739468162622887,0.4931947059120157,0.8088303613464911,1,0,1.261649124930979,True,False,True,-0.02977709153139221,-0.09718204987468745,-0.9086076523680435,-0.07980358023383231,0.12523707835453513,Low,0
0.5512711741549038,0.4800750616612815,1.3751852025436078,1.24041613751143,-0.9102564852985486,1,0,1.0293113640693041,False,True,False,-0.026919029065697302,-0.7945457724955903,-0.9086076523680435,1.557312304199457,0.47592308835911395,High,0
-1.726388027010953,-0.944938107739212,-0.35097063583918053,0.8625163704503542,-0.9102564852985486,1,0,1.121321462623254,False,False,False,-0.028364010696433285,-0.49567560565806046,-0.9086076523680435,-0.6151637509726804,0.12021832533796133,Low,0
-1.1776792194573602,0.005070671861117005,-0.6962018035157382,0.9459051901781682,-0.9102564852985486,1,0,-1.1861177966688128,True,False,True,0.00035292082368839603,-0.3462405222392956,-0.9086076523680435,-0.6074049079184942,0.3746784584601942,High,1
-1.0637962593990673,-0.1849310840589488,1.3751852025436078,-1.2260588112551243,0.8088303613464911,0,0,-0.029673575652673357,False,False,False,-0.03492675203135649,-0.49567560565806046,-0.9086076523680435,1.068505191785726,0.03553314706574758,Low,0
1.006803014388075,2.000089109021808,-0.6962018035157382,-1.2260588112551243,0.8088303613464911,1,1,-0.3756474048530432,False,True,True,-0.03492675203135649,0.40093489485452893,1.3905735018133094,-0.11859779550476333,0.04840758517193405,Low,0
0.4580942068344824,0.4800750616612815,1.0299540348670502,-1.2260588112551243,0.8088303613464911,1,1,-0.5015857781067509,False,True,True,-0.03492675203135649,-0.42926001302749833,1.3905735018133094,1.215923209815264,0.03029703048720843,Low,0
0.5305651814170323,-1.5149433754994095,0.6847228671904925,0.35946523374289957,-0.9102564852985486,1,0,0.2594235256748158,True,False,False,-0.027796586653109537,-0.7198282307862078,-0.9086076523680435,-0.2660158135343012,0.23936121534323732,Low,0
-0.680735393748446,0.10007154982114991,0.6847228671904925,-1.2260588112551243,0.8088303613464911,0,0,0.8097841798970726,False,False,True,-0.03492675203135649,-0.3462405222392956,-0.9086076523680435,0.6572865099138572,0.024499105105970823,Low,0
0.5719771668927752,-0.0899302060989159,-0.005739468162622887,1.3909497979065526,0.8088303613464911,1,1,0.6267294200820603,True,False,True,-0.024984774287579635,-0.09718204987468745,1.3905735018133094,-0.041009364962901286,0.037814200775150256,Low,0
2.0628086440195177,0.005070671861117005,0.6847228671904925,0.04620975193934194,-0.9102564852985486,0,1,1.5206278967779554,False,False,False,-0.03141866035527581,-0.7198282307862078,0.240982924722633,0.6029746085345538,0.1392836709160836,Low,0
0.6340951451063895,0.2900733057412157,-1.3866641388688534,0.18398252172157958,-0.9102564852985486,0,0,-0.13094402313465398,False,False,False,-0.027046933531941746,0.40093489485452893,-0.9086076523680435,-1.1893181369824597,0.33011787676644194,Medium,0
-1.3743861504671389,-0.0899302060989159,1.7204163702201654,0.13457191280604003,-0.9102564852985486,1,1,1.090553229013871,False,False,False,-0.03060488377838806,-0.8217157876626383,0.240982924722633,1.4331708153324776,0.18099797002894616,Low,0
-0.8463833356514174,-0.3749328399790146,-0.35097063583918053,0.2817647040431214,-0.9102564852985486,1,0,1.4829085146597885,False,False,False,-0.030720487125057212,-0.49567560565806046,-0.9086076523680435,-0.4289515176722115,0.20725901194702742,Low,0
0.7272721124268109,-0.6599354738591133,1.7204163702201654,-1.2260588112551243,-0.9102564852985486,1,0,0.6347143801238058,False,True,False,-0.03492675203135649,-0.8217157876626383,-0.9086076523680435,0.9676402320813053,0.22366991989606394,Low,1
-0.4736754663697318,0.005070671861117005,-0.6962018035157382,-1.2260588112551243,0.8088303613464911,1,0,1.7383040925938884,False,False,True,-0.03492675203135649,0.40093489485452893,-0.9086076523680435,-0.6074049079184942,0.025859406123813395,Low,0
0.903273050698718,0.955079451461446,-0.6962018035157382,-1.2260588112551243,2.5279172079915306,1,1,-0.6046294208045375,False,True,True,-0.03492675203135649,1.1481103119483533,2.540164078903986,-0.3746396162929081,0.8320450925928277,High,1
0.11644532665960386,-1.6099442534594424,-1.0414329711922958,0.8022927615303398,0.8088303613464911,1,1,-0.04095497641677995,False,False,False,-0.024192114845327455,0.8990518395837451,1.3905735018133094,-1.1738004508740871,0.04720460980670686,Low,0
1.9696316766990964,-1.1349398636592778,1.0299540348670502,-1.2260588112551243,-0.9102564852985486,1,0,1.2592007340944384,False,False,True,-0.03492675203135649,-0.7613379761803092,-0.9086076523680435,0.16072055444594002,0.13127496800382144,Low,0
0.5409181777859681,0.5750759396213144,0.6847228671904925,-1.2260588112551243,0.8088303613464911,1,1,-0.5389545678204553,False,False,False,-0.03492675203135649,-0.3462405222392956,1.3905735018133094,0.9288460168103743,0.06529180489446064,Low,0
0.002562366601311024,0.4800750616612815,-1.0414329711922958,-1.2260588112551243,2.5279172079915306,1,0,0.04883069182168913,False,False,True,-0.03492675203135649,1.8952857290421778,-0.9086076523680435,-0.8324113564898942,0.7918745389956938,High,1
-0.8877953211271603,-0.5649345958990805,1.0299540348670502,0.8665922532957386,0.8088303613464911,1,0,0.10311286147746199,True,False,True,-0.024717713776278953,-0.42926001302749833,-0.9086076523680435,0.5331450210468779,0.0673722986282481,Low,0
-0.8877953211271603,0.4800750616612815,-1.3866641388688534,-1.2260588112551243,0.8088303613464911,0,1,-0.17665673765049447,False,False,False,-0.03492675203135649,1.8952857290421778,1.3905735018133094,-1.1738004508740871,0.07404402815300598,Low,0
-1.3433271613603317,-0.0899302060989159,0.33949169951393476,-1.2260588112551243,0.8088303613464911,1,0,-0.8420628067925708,False,False,True,-0.03492675203135649,-0.23950117694017783,-0.9086076523680435,0.2538266710961745,0.029364338480704633,Low,0
0.654801137844261,0.10007154982114991,1.3751852025436078,-0.4793162059997467,-0.9102564852985486,1,1,-0.053087043427934265,False,False,True,-0.030946339201981136,-0.7945457724955903,0.240982924722633,1.2779939542487535,0.15962500119089237,Low,0
-0.15273257893272468,-1.039938985699245,-1.0414329711922958,0.6241586068168309,-0.9102564852985486,0,0,1.602905654838463,True,False,False,-0.02995063560539228,-0.09718204987468745,-0.9086076523680435,-1.0806943342238526,0.5459180631577523,High,0
-2.016271925341153,-0.6599354738591133,1.3751852025436078,0.909808939268822,-0.9102564852985486,1,1,0.4436844280156297,True,False,True,-0.02613232159718178,-0.7945457724955903,0.240982924722633,0.7193572543473468,0.10174007997537357,Low,0
0.36491723951406096,0.005070671861117005,-0.6962018035157382,0.5668612480650329,-0.9102564852985486,0,0,0.6438521089223157,False,False,False,-0.028164407979780905,-0.3462405222392956,-0.9086076523680435,-0.6074049079184942,0.20395361711724058,Low,0
-1.0637962593990673,-0.6599354738591133,-1.0414329711922958,0.3628529742695158,-0.9102564852985486,1,1,-0.765083877913745,True,False,True,-0.02026898292126637,-0.09718204987468745,0.240982924722633,-1.018623589790363,0.11456426100969584,Low,0
-1.0016782811854532,0.4800750616612815,1.3751852025436078,0.9540168262725548,0.8088303613464911,0,0,0.26792530427100125,False,False,False,-0.025164384383609073,-0.49567560565806046,-0.9086076523680435,1.557312304199457,0.2396871707080871,Low,0
-0.0181436261365604,0.1950724277811828,-1.0414329711922958,0.7930253930601355,-0.9102564852985486,1,1,-0.5094385246944755,False,False,False,-0.020171576445196036,-0.09718204987468745,0.240982924722633,-0.8789644148150114,0.15485113235948494,Low,0
1.0275090071259465,-0.0899302060989159,-1.3866641388688534,-1.2260588112551243,0.8088303613464911,1,0,-0.9064090715454123,False,False,False,-0.03492675203135649,1.8952857290421778,-0.9086076523680435,-1.2203535091992044,0.05052325903645349,Low,0
0.758331101533618,0.1950724277811828,-0.35097063583918053,1.067432375716045,2.5279172079915306,0,0,1.4967398210760563,False,True,False,-0.028556111367496483,0.6998050616920587,-0.9086076523680435,-0.2427392843717426,0.9532791928281806,High,1
-0.5772054300590889,0.6700768175813473,1.7204163702201654,-1.2260588112551243,-0.9102564852985486,1,0,-0.4577177726802638,False,False,True,-0.03492675203135649,-0.8217157876626383,-0.9086076523680435,2.053878259667374,0.5816333978097032,High,1
0.41668222135873956,-1.7049451314194752,-0.6962018035157382,0.4272956484348078,-0.9102564852985486,1,1,0.08577772410554686,False,True,True,-0.026784228424801403,-0.3462405222392956,0.240982924722633,-1.0263824328445492,0.03217175578670692,Low,0
1.6176298001552822,0.7650776955413803,-1.3866641388688534,0.30080154249346813,-0.9102564852985486,0,0,0.4909041665984155,False,False,True,-0.02877300375822328,0.40093489485452893,-0.9086076523680435,-1.1505239217115286,0.42299562175291266,High,0
-1.8713299761760531,-0.8499372297791791,-0.35097063583918053,0.7866011262344434,-0.9102564852985486,1,0,-0.54833492051678,False,True,True,-0.01973825880978503,-0.49567560565806046,-0.9086076523680435,-0.5841283787559356,0.10721458155014497,Low,0
0.11644532665960386,3.3301014004622687,0.33949169951393476,-1.2260588112551243,0.8088303613464911,1,0,0.4160544324863952,False,False,True,-0.03492675203135649,-0.23950117694017783,-0.9086076523680435,1.9297367708003947,0.03322258080591338,Low,0
-1.3640331540982031,0.005070671861117005,-1.0414329711922958,0.5871128896570729,0.8088303613464911,1,0,-0.03728579143156477,False,False,True,-0.025351594083585942,0.8990518395837451,-0.9086076523680435,-0.9099997870317562,0.07384291958527872,Low,0
1.079273988970625,-0.7549363518191462,-0.005739468162622887,-1.2260588112551243,0.8088303613464911,0,1,1.655807257886612,False,False,True,-0.03492675203135649,-0.09718204987468745,1.3905735018133094,-0.31256887185941845,0.019216849340479118,Low,0
-0.5979114227969603,0.1950724277811828,0.33949169951393476,-1.2260588112551243,0.8088303613464911,1,1,-0.010366399611674423,False,False,True,-0.03492675203135649,-0.23950117694017783,1.3905735018133094,0.3934858460715262,0.02138824370717364,Low,0
0.6444481414753253,0.7650776955413803,-1.3866641388688534,0.31483710960584865,-0.9102564852985486,1,0,1.7058399336369472,True,False,True,-0.030906360684953647,0.40093489485452893,-0.9086076523680435,-1.1505239217115286,0.7592593505583067,High,0
-0.3287335172046318,-1.039938985699245,0.33949169951393476,0.36552480279666694,0.8088303613464911,1,0,-0.894022694222961,True,False,False,-0.01800532594486229,-0.23950117694017783,-0.9086076523680435,-0.2117039121549978,0.07775030931526229,Low,0
-0.6910883901173818,0.8600785735014131,-1.0414329711922958,2.1953295793358953,-0.9102564852985486,1,0,-0.4285523219587469,False,True,False,-0.011466386307915834,-0.09718204987468745,-0.9086076523680435,-0.7703406120564046,0.8597416852350188,High,1
-0.1009675970880461,-0.2799319620189817,-1.3866641388688534,-1.2260588112551243,0.8088303613464911,1,0,0.03995320375325817,False,True,False,-0.03492675203135649,1.8952857290421778,-0.9086076523680435,-1.2358711953075767,0.03472304837580434,Low,0
-0.504734455476539,0.2900733057412157,0.33949169951393476,1.3167907853467284,-0.9102564852985486,1,1,0.5608719450843096,True,False,False,-0.02498994498109379,-0.6664585581366489,0.240982924722633,0.4400389043966434,0.27315135820670355,Low,0
-1.1569732267194888,0.005070671861117005,-1.3866641388688534,-1.2260588112551243,-0.9102564852985486,1,1,-1.2479364820519665,False,False,True,-0.03492675203135649,0.40093489485452893,0.240982924722633,-1.2125946661450182,0.21802375232646728,Low,0
0.6444481414753253,-0.6599354738591133,-1.3866641388688534,0.6535154933096894,-0.9102564852985486,0,0,0.8691206361718119,False,False,False,-0.028449752956241355,0.40093489485452893,-0.9086076523680435,-1.2669065675243216,0.07171281026738162,Low,1
2.0628086440195177,-1.6099442534594424,0.6847228671904925,0.24365683672630964,0.8088303613464911,0,0,-1.5556784711817748,True,False,True,0.036929116596556975,-0.3462405222392956,-0.9086076523680435,-0.3203277149136047,0.04283185104436304,Low,0
-0.09061460071911039,1.6200855971816763,0.33949169951393476,0.43121101289466185,0.8088303613464911,1,0,0.7555860826487378,True,False,False,-0.02895595091298612,-0.23950117694017783,-0.9086076523680435,1.0917817209482845,0.8816546740714345,High,1
-0.2562625426220818,-0.5649345958990805,1.0299540348670502,-1.2260588112551243,0.8088303613464911,1,0,0.6763026628008749,False,False,True,-0.03492675203135649,-0.42926001302749833,-0.9086076523680435,0.5331450210468779,0.015941971015043833,Low,0
0.12679832302853958,0.6700768175813473,-0.6962018035157382,-1.2260588112551243,0.8088303613464911,0,1,1.3351341650268211,False,False,True,-0.03492675203135649,0.40093489485452893,1.3905735018133094,-0.4444692037805839,0.05212662864249858,Low,0
-0.12167358982591753,-1.1349398636592778,-1.0414329711922958,-1.2260588112551243,-0.9102564852985486,1,1,-0.2928898061434424,False,True,False,-0.03492675203135649,-0.09718204987468745,0.240982924722633,-1.0962120203322252,0.12962399713110037,Low,0
-0.37014550268037466,0.1950724277811828,-0.35097063583918053,-1.2260588112551243,-0.9102564852985486,0,1,0.8642390293938496,False,True,True,-0.03492675203135649,-0.49567560565806046,0.240982924722633,-0.2427392843717426,0.20105270139302384,Low,0
1.876454709378675,2.095089986981841,-1.0414329711922958,-1.2260588112551243,-0.9102564852985486,0,1,0.4896755233660588,False,False,True,-0.03492675203135649,-0.09718204987468745,0.240982924722633,-0.5686106926475633,0.3048651836153012,Medium,1
-0.6600294010105746,1.5250847192216435,1.3751852025436078,-1.2260588112551243,-0.9102564852985486,1,0,-0.61288683126209,False,False,True,-0.03492675203135649,-0.7945457724955903,-0.9086076523680435,2.325437766563891,0.8912660261590857,High,0
-0.3804984990493104,0.4800750616612815,0.33949169951393476,-1.2260588112551243,0.8088303613464911,0,1,0.09069439012395564,False,False,True,-0.03492675203135649,-0.23950117694017783,1.3905735018133094,0.5331450210468779,0.034372904714115075,Low,0
-2.19227286361306,2.5700943767820053,1.3751852025436078,-1.2260588112551243,-0.9102564852985486,1,0,-0.5964475359744144,False,False,False,-0.03492675203135649,-0.7945457724955903,-0.9086076523680435,3.0935632289283252,0.8757834656667118,High,0
-0.05955561161230325,0.4800750616612815,1.7204163702201654,-1.2260588112551243,0.8088303613464911,0,1,1.1682298542199865,False,False,True,-0.03492675203135649,-0.5500156359921567,1.3905735018133094,1.8987013985836498,0.03649687062222617,Low,0
2.0421026512816463,0.10007154982114991,-0.005739468162622887,1.1575692278531662,-0.9102564852985486,0,0,1.0312504365869235,True,False,False,-0.027193417810594544,-0.5952989946039038,-0.9086076523680435,0.03657906557896076,0.47355123665160714,High,0
0.6340951451063895,-0.46993371793904753,-1.3866641388688534,-1.2260588112551243,0.8088303613464911,1,1,1.6626331699046482,False,False,True,-0.03492675203135649,1.8952857290421778,1.3905735018133094,-1.2513888814159493,0.009584391039839107,Low,0
-1.5296810960011744,-0.0899302060989159,-1.3866641388688534,-1.2260588112551243,0.8088303613464911,1,1,-0.07984387200356606,False,False,True,-0.03492675203135649,1.8952857290421778,1.3905735018133094,-1.2203535091992044,0.019958782163898788,Low,0
0.04397435207705388,3.7101049123024,-1.0414329711922958,-1.2260588112551243,0.8088303613464911,0,1,1.54722128998892,False,True,False,-0.03492675203135649,0.8990518395837451,1.3905735018133094,-0.3048100288052322,0.014624805037567109,Low,0
0.7169191160578752,-0.5649345958990805,-1.0414329711922958,-1.2260588112551243,0.8088303613464911,0,1,0.7203761397957487,False,False,True,-0.03492675203135649,0.8990518395837451,1.3905735018133094,-1.0031059036819907,0.01156271655142886,Low,0
-1.1673262230884245,0.2900733057412157,-1.3866641388688534,0.3558277266083983,0.8088303613464911,0,1,-0.09912627982494625,True,False,False,-0.026258065173779783,1.8952857290421778,1.3905735018133094,-1.1893181369824597,0.16444675547774068,Low,0
0.6651541342131967,-0.46993371793904753,-0.35097063583918053,0.7694166699531158,-0.9102564852985486,0,0,-0.033975920054903755,False,False,True,-0.024409318193360542,-0.49567560565806046,-0.9086076523680435,-0.45998688988895636,0.08442993500831526,Low,0
1.3277459018250823,0.8600785735014131,-1.0414329711922958,0.6245619895196685,-0.9102564852985486,0,0,-0.014270010562858895,False,False,False,-0.025284203771105185,-0.09718204987468745,-0.9086076523680435,-0.7703406120564046,0.5749825768969049,High,1
-0.8360303392824817,-0.46993371793904753,1.7204163702201654,-1.2260588112551243,0.8088303613464911,0,1,1.459167478458865,False,True,True,-0.03492675203135649,-0.5500156359921567,1.3905735018133094,1.1228170931650294,0.017607426668616595,Low,0
-0.5461464409522817,0.8600785735014131,0.33949169951393476,0.7111176764756091,-0.9102564852985486,1,0,-1.2051882792307786,False,False,True,-0.002337805050247362,-0.6664585581366489,-0.9086076523680435,0.7193572543473468,0.49618766023996824,High,1
2.0628086440195177,-0.46993371793904753,-1.0414329711922958,-1.2260588112551243,0.8088303613464911,0,0,-0.8339524358359948,False,False,False,-0.03492675203135649,0.8990518395837451,-0.9086076523680435,-0.9875882175736183,0.022005457273920507,Low,0
0.6858601269510681,-1.6099442534594424,0.33949169951393476,0.3961440058733354,-0.9102564852985486,0,1,-0.26218122557004325,False,True,False,-0.025055996591589906,-0.6664585581366489,0.240982924722633,-0.49102226210570116,0.07063527941486981,Low,0
-0.4115574881561175,1.3350829633015777,0.6847228671904925,-1.2260588112551243,0.8088303613464911,0,1,0.9901109470723835,False,False,False,-0.03492675203135649,-0.3462405222392956,1.3905735018133094,1.3633412278448018,0.14103310246499262,Low,1
0.8308020761161681,-0.944938107739212,1.7204163702201654,-1.2260588112551243,0.8088303613464911,1,1,1.0940199076400905,False,False,True,-0.03492675203135649,-0.5500156359921567,1.3905735018133094,0.7348749404557192,0.009466044072972152,Low,0
1.0896269853395608,2.665095254742038,-0.35097063583918053,-1.2260588112551243,2.5279172079915306,1,1,-0.11597355304000445,False,False,True,-0.03492675203135649,0.6998050616920587,2.540164078903986,0.5641803932636227,0.5774860022850788,High,0
-0.4736754663697318,-0.7549363518191462,-1.3866641388688534,0.6679391938782819,-0.9102564852985486,1,1,1.4628591641506352,True,False,False,-0.02961012561593642,0.40093489485452893,0.240982924722633,-1.2746654105785078,0.12545083924644332,Low,0
0.872214061591911,-1.039938985699245,-0.005739468162622887,1.3495252997079143,0.8088303613464911,0,1,0.2655852307892724,True,False,True,-0.023379839412330725,-0.09718204987468745,1.3905735018133094,-0.4289515176722115,0.04456157587161228,Low,0
1.6486887892620894,-0.3749328399790146,-0.6962018035157382,0.3279912702632827,0.8088303613464911,1,1,0.3624570517758566,True,False,True,-0.028280686687240732,0.40093489485452893,1.3905735018133094,-0.7005110245687287,0.04538762362367152,Low,0
0.7893900906404252,-1.7049451314194752,1.0299540348670502,1.2354058771438738,-0.9102564852985486,1,1,1.1087276950675156,True,False,True,-0.027158115480923853,-0.7613379761803092,0.240982924722633,-0.2117039121549978,0.08819510106139498,Low,0
1.0999799817084965,3.04509876658217,-1.7318953065454112,0.187853422588642,0.8088303613464911,1,1,0.9524716256077724,False,False,False,-0.03020527946804682,4.883987397417476,1.3905735018133094,-1.5151895452582802,0.16512911801717167,Low,0
0.9343320398055251,-0.3749328399790146,-1.3866641388688534,-1.2260588112551243,0.8088303613464911,1,0,-1.1018938147033315,False,False,False,-0.03492675203135649,1.8952857290421778,-0.9086076523680435,-1.2436300383617631,0.03862058407433782,Low,0
0.0646803448149253,3.4251022784223015,0.6847228671904925,0.8008702475977705,-0.9102564852985486,0,1,-0.14053717321080178,False,True,True,-0.023531585997755226,-0.7198282307862078,0.240982924722633,2.5582030581894775,0.014724282213423746,Low,0
1.1103329780774323,0.10007154982114991,-0.005739468162622887,0.2747852041218801,0.8088303613464911,0,0,0.40968725580355164,False,True,False,-0.028649277745240925,-0.09718204987468745,-0.9086076523680435,0.03657906557896076,0.1120444371859916,Low,0
0.654801137844261,-0.944938107739212,1.3751852025436078,-1.2260588112551243,0.8088303613464911,1,0,0.5138836672581023,False,True,True,-0.03492675203135649,-0.49567560565806046,-0.9086076523680435,0.5098684918843193,0.0174537283173368,Low,0
-1.043090266661196,-0.7549363518191462,-0.005739468162622887,1.0565156808345175,0.8088303613464911,1,1,0.39229543060504424,False,False,True,-0.025301701928203482,-0.09718204987468745,1.3905735018133094,-0.31256887185941845,0.032766432259975706,Low,0
1.3173929054561466,-0.944938107739212,0.33949169951393476,1.187479100184176,-0.9102564852985486,1,0,-0.6501971889083836,True,False,False,-0.015009923180139186,-0.6664585581366489,-0.9086076523680435,-0.16515085382988057,0.22535387693796516,Low,1
1.4209228691455036,0.955079451461446,-0.35097063583918053,0.9803625483712508,-0.9102564852985486,1,0,1.4729673885404049,True,False,False,-0.02875261290542063,-0.49567560565806046,-0.9086076523680435,0.005543693362215941,0.8545575901068342,High,1
-0.3390865135735675,-0.3749328399790146,1.7204163702201654,-1.2260588112551243,0.8088303613464911,1,0,1.407758247854788,False,False,False,-0.03492675203135649,-0.5500156359921567,-0.9086076523680435,1.2004055237068916,0.04469009429584718,Low,0
-1.9541539471275386,0.005070671861117005,-0.35097063583918053,1.0233347648431714,0.8088303613464911,0,0,0.5507202890981667,False,False,True,-0.026097734066734466,0.10206472801699919,-0.9086076523680435,-0.3048100288052322,0.04988795000795829,Low,0
-1.9230949580207315,-0.5649345958990805,1.0299540348670502,-1.2260588112551243,0.8088303613464911,1,0,1.3594218463001755,False,False,True,-0.03492675203135649,-0.42926001302749833,-0.9086076523680435,0.5331450210468779,0.028136737860718606,Low,0
0.7997430870093609,0.2900733057412157,1.0299540348670502,-1.2260588112551243,0.8088303613464911,0,1,-1.0100478492103768,False,True,True,-0.03492675203135649,-0.42926001302749833,1.3905735018133094,1.0917817209482845,0.021997697557396126,Low,0
1.483040847359118,1.7150864751417092,-0.6962018035157382,0.6529125862536378,-0.9102564852985486,1,0,-0.11152469240904338,True,False,True,-0.024551633863432683,-0.3462405222392956,-0.9086076523680435,-0.1884273829924392,0.94961995316997,High,1
0.8204490797472324,-0.46993371793904753,-1.3866641388688534,-1.2260588112551243,0.8088303613464911,1,1,0.4685239870838701,False,False,True,-0.03492675203135649,1.8952857290421778,1.3905735018133094,-1.2513888814159493,0.009194059989141617,Low,0
-0.1837915680395318,-0.0899302060989159,-1.0414329711922958,0.24914624447467346,0.8088303613464911,1,1,0.138536997102929,False,False,True,-0.027865681303971972,0.8990518395837451,1.3905735018133094,-0.9255174731401287,0.043195089277600934,Low,0
2.0628086440195177,-0.2799319620189817,-1.3866641388688534,0.4445714396775021,0.8088303613464911,0,1,-0.5431009770935363,False,False,True,-0.02237453016906727,1.8952857290421778,1.3905735018133094,-1.2358711953075767,0.023730009118271625,Low,0
0.5512711741549038,0.7650776955413803,-0.005739468162622887,-1.2260588112551243,0.8088303613464911,1,1,0.7955098363129758,False,False,True,-0.03492675203135649,-0.09718204987468745,1.3905735018133094,0.30813857247547793,0.05646569171052208,Low,0
0.48915319594128953,-1.1349398636592778,-1.3866641388688534,0.29759310100348946,-0.9102564852985486,1,1,-1.0359205221152512,False,False,False,-0.015460724260652904,0.40093489485452893,0.240982924722633,-1.3057007827952527,0.05179708318791463,Low,0
-0.16308557530166037,-0.1849310840589488,1.3751852025436078,1.1295175163530542,-0.9102564852985486,0,1,-1.540569857214322,True,False,False,0.0714949138602191,-0.7945457724955903,0.240982924722633,1.068505191785726,0.23019816649977531,Low,0
0.24068128308683243,-1.6099442534594424,-0.6962018035157382,-1.2260588112551243,-0.9102564852985486,1,1,1.294397246293127,False,False,True,-0.03492675203135649,-0.3462405222392956,0.240982924722633,-1.0031059036819907,0.08479847738971928,Low,0
-0.8049713501756746,1.0500803294214789,-1.7318953065454112,1.3310644012248503,-0.9102564852985486,0,1,0.9799917339654588,False,True,True,-0.026474168294465365,1.8952857290421778,0.240982924722633,-1.5151895452582802,0.21740313025536218,Low,1
1.5348058292037965,2.2850917429019066,-1.3866641388688534,0.5446870777694973,0.8088303613464911,1,0,-1.0860831438065437,False,False,False,-0.010567245160424506,1.8952857290421778,-0.9086076523680435,-1.0263824328445492,0.8030118880647932,High,1
-1.0637962593990673,0.6700768175813473,-1.3866641388688534,-1.2260588112551243,-0.9102564852985486,1,1,0.08264646298867179,False,False,False,-0.03492675203135649,0.40093489485452893,0.240982924722633,-1.1582827647657148,0.4894959323762674,High,1
0.2303282867178967,-0.1849310840589488,1.7204163702201654,-1.2260588112551243,0.8088303613464911,1,1,-1.0870014865973385,False,False,False,-0.03492675203135649,-0.5500156359921567,1.3905735018133094,1.3555823847906157,0.01890413908653981,Low,0
0.09573933392173244,-1.039938985699245,-1.0414329711922958,1.5170406816634399,0.8088303613464911,1,0,-1.0111697449046582,True,False,True,-0.0010720571049604966,0.8990518395837451,-0.9086076523680435,-1.0806943342238526,0.05104780899941702,Low,0
-0.9602662957097102,-0.2799319620189817,-1.7318953065454112,0.8062103732475914,0.8088303613464911,1,1,1.2668893476211678,True,False,False,-0.028850129324509154,4.883987397417476,1.3905735018133094,-1.5151895452582802,0.1382568953327833,Low,0
0.758331101533618,-0.6599354738591133,0.33949169951393476,-1.2260588112551243,0.8088303613464911,1,1,0.8772829855047715,False,False,False,-0.03492675203135649,-0.23950117694017783,1.3905735018133094,-0.02549167885452888,0.021108634771517556,Low,0
0.3959762286208681,-0.944938107739212,-1.3866641388688534,0.01887026051582763,0.8088303613464911,1,1,0.4058403326789594,False,False,False,-0.02971033822261997,1.8952857290421778,1.3905735018133094,-1.2901830966868804,0.03566092075641267,Low,0
-0.31838052083569607,2.950097888622137,-0.6962018035157382,0.1853189977995047,0.8088303613464911,1,0,-1.1578366760421355,False,False,False,-0.013116009273858415,0.40093489485452893,-0.9086076523680435,0.1141674961208228,0.7188310908176645,High,1
0.1371513193974753,1.4300838412616106,1.0299540348670502,-1.2260588112551243,-0.9102564852985486,1,1,1.098677728321075,False,False,True,-0.03492675203135649,-0.7613379761803092,0.240982924722633,1.8366306541501602,0.37423040715163175,High,1
0.5305651814170323,-0.6599354738591133,1.0299540348670502,-0.07565981931487076,-0.9102564852985486,1,1,0.4596313241203207,False,True,True,-0.030224334606391092,-0.7613379761803092,0.240982924722633,0.47107427661338824,0.0529704811080977,Low,0
1.0275090071259465,-0.2799319620189817,1.0299540348670502,0.5868369585523465,-0.9102564852985486,0,1,-1.5676364629592705,False,True,False,0.05987293593251488,-0.7613379761803092,0.240982924722633,0.7193572543473468,0.08354676686835888,Low,0
0.32350525403831815,-0.6599354738591133,-1.0414329711922958,0.46201481211469014,0.8088303613464911,1,1,1.1239826508396173,True,False,True,-0.029627400079943703,0.8990518395837451,1.3905735018133094,-1.018623589790363,0.05235620643449855,Low,0
-0.4219104845250532,0.2900733057412157,0.33949169951393476,-1.2260588112551243,0.8088303613464911,1,0,1.02163286713932,False,True,True,-0.03492675203135649,-0.23950117694017783,-0.9086076523680435,0.4400389043966434,0.0271496900211583,Low,1
-2.1508608781373173,0.4800750616612815,-1.0414329711922958,-1.2260588112551243,-0.9102564852985486,1,0,1.03668758406549,False,False,True,-0.03492675203135649,-0.09718204987468745,-0.9086076523680435,-0.8324113564898942,0.5105797728626573,High,0
0.36491723951406096,0.7650776955413803,-0.005739468162622887,0.593078876492076,-0.9102564852985486,1,0,0.42629399820977665,False,False,False,-0.027376314177885185,-0.5952989946039038,-0.9086076523680435,0.30813857247547793,0.5531570863680212,High,0
2.0628086440195177,-1.039938985699245,-1.3866641388688534,0.4633223948832195,-0.9102564852985486,0,1,-0.4351999725651606,False,False,False,-0.023283673211317444,0.40093489485452893,0.240982924722633,-1.2979419397410665,0.039837262887126905,Low,0
-2.2026258599819957,-0.0899302060989159,-1.0414329711922958,-1.2260588112551243,0.8088303613464911,1,0,0.6476146107913057,False,False,True,-0.03492675203135649,0.8990518395837451,-0.9086076523680435,-0.9255174731401287,0.025694777660787815,Low,0
0.32350525403831815,0.8600785735014131,0.6847228671904925,-1.2260588112551243,0.8088303613464911,1,0,-0.6045849426636729,False,False,False,-0.03492675203135649,-0.3462405222392956,-0.9086076523680435,1.0917817209482845,0.19168445644684715,Low,0
-0.8567363320203532,0.38507418370124863,-0.005739468162622887,0.1802851412292756,4.24700405463657,1,1,0.12950270178493964,True,False,True,-0.02816274760671875,0.8990518395837451,3.6897546559946623,0.15296171139175382,0.9804353901776911,High,1
0.5409181777859681,0.5750759396213144,-1.3866641388688534,-1.2260588112551243,-0.9102564852985486,1,0,1.4486495319008947,False,True,False,-0.03492675203135649,0.40093489485452893,-0.9086076523680435,-1.166041607819901,0.7358299579648621,High,1
0.6030361559995824,-1.5149433754994095,1.7204163702201654,-1.2260588112551243,0.8088303613464911,0,0,0.5208192920236047,False,True,True,-0.03492675203135649,-0.5500156359921567,-0.9086076523680435,0.2693443572045469,0.015605509354748668,Low,0
-1.012031277554389,-0.0899302060989159,-0.6962018035157382,0.3766318724834333,-0.9102564852985486,0,0,1.5381568193047757,False,False,True,-0.030531203887609534,-0.3462405222392956,-0.9086076523680435,-0.6306814370810528,0.15557550408224152,Low,0
1.4519818582523107,-1.039938985699245,-0.35097063583918053,-1.2260588112551243,-0.9102564852985486,1,0,1.303029319678434,False,False,True,-0.03492675203135649,-0.49567560565806046,-0.9086076523680435,-0.6461991231894253,0.16975331488058615,Low,0
-2.4303917800985815,-0.3749328399790146,1.0299540348670502,-1.2260588112551243,-0.9102564852985486,0,0,0.3485336494443867,False,True,True,-0.03492675203135649,-0.7613379761803092,-0.9086076523680435,0.6572865099138572,0.25993856639344376,Low,0
-0.3804984990493104,0.38507418370124863,1.0299540348670502,1.032976462188432,-0.9102564852985486,1,1,1.166163626546719,True,False,True,-0.027937934343310603,-0.7613379761803092,0.240982924722633,1.1538524653817743,0.3877634390534142,High,0
0.6755071305821324,0.2900733057412157,1.0299540348670502,-1.2260588112551243,0.8088303613464911,1,0,1.4140492012138755,False,True,True,-0.03492675203135649,-0.42926001302749833,-0.9086076523680435,1.0917817209482845,0.03407156915133768,Low,0
-1.074149255768003,0.4800750616612815,-0.005739468162622887,-1.2260588112551243,2.5279172079915306,0,0,-1.644326196710435,False,True,False,-0.03492675203135649,0.40093489485452893,-0.9086076523680435,0.19175592666268484,0.790373932224963,High,1
2.0213966585437753,0.1950724277811828,-0.005739468162622887,-1.2260588112551243,2.5279172079915306,1,0,-1.6795354418670965,False,False,False,-0.03492675203135649,0.40093489485452893,-0.9086076523680435,0.07537328084989178,0.41455588175247254,High,1
-0.20449756077740325,-0.5649345958990805,-0.35097063583918053,0.7522773193381221,-0.9102564852985486,0,0,0.2259970690584605,True,False,False,-0.025878796371397624,-0.49567560565806046,-0.9086076523680435,-0.49102226210570116,0.24944410483823076,Low,0
-1.405445139573946,-0.5649345958990805,-1.0414329711922958,-1.2260588112551243,0.8088303613464911,1,1,0.6331272954033043,False,False,True,-0.03492675203135649,0.8990518395837451,1.3905735018133094,-1.0031059036819907,0.01374939149580184,Low,0
-0.45296947363186035,0.10007154982114991,-0.005739468162622887,0.22815027912892982,-0.9102564852985486,0,1,1.4279652777339085,True,False,True,-0.03079968435176785,-0.5952989946039038,0.240982924722633,0.03657906557896076,0.3995980543746797,High,0
0.9136260470676537,-1.894946887339541,-0.005739468162622887,0.2145970697650678,-0.9102564852985486,1,0,1.6269878645434306,False,True,True,-0.031079858464368972,-0.5952989946039038,-0.9086076523680435,-0.7780994551105908,0.1250328144422389,Low,0
0.3027992613004467,-0.2799319620189817,0.6847228671904925,-1.2260588112551243,0.8088303613464911,1,0,-1.3887924749035314,False,True,True,-0.03492675203135649,-0.3462405222392956,-0.9086076523680435,0.4400389043966434,0.020157899886026995,Low,0
0.9964500180191395,-0.1849310840589488,1.3751852025436078,0.9534013987824314,2.5279172079915306,1,0,-0.24873504752643932,True,False,True,-0.02178481599991461,-0.1968054388205307,-0.9086076523680435,1.068505191785726,0.9489583969264204,High,1
2.0628086440195177,0.2900733057412157,1.0299540348670502,0.6975885448695767,-0.9102564852985486,0,1,-0.8497032792727176,True,False,True,-0.015493509063811464,-0.7613379761803092,0.240982924722633,1.0917817209482845,0.3529162222148219,High,1
-0.11132059345698182,2.1900908649418738,-0.6962018035157382,-1.2260588112551243,-0.9102564852985486,1,1,0.03371021701667229,False,True,True,-0.03492675203135649,-0.3462405222392956,0.240982924722633,-0.0720447371796461,0.2855617482859778,Low,0
-0.9085013138650317,-0.46993371793904753,0.33949169951393476,1.018154194468568,-0.9102564852985486,1,1,0.9189877834684977,False,False,False,-0.02733827175818411,-0.6664585581366489,0.240982924722633,0.06761443779570558,0.0921762743807644,Low,0
0.8308020761161681,-0.5649345958990805,-0.005739468162622887,0.9792713443864164,0.8088303613464911,1,0,1.1384636869606732,False,True,False,-0.028038416763661943,-0.09718204987468745,-0.9086076523680435,-0.2349804413175564,0.08221905082701111,Low,0
-1.5917990742147887,-0.6599354738591133,1.0299540348670502,-1.2260588112551243,0.8088303613464911,1,0,-0.5645478133462501,False,False,True,-0.03492675203135649,-0.42926001302749833,-0.9086076523680435,0.47107427661338824,0.01574152498304316,Low,0
0.24068128308683243,-0.2799319620189817,-1.0414329711922958,1.2543627774382269,-0.9102564852985486,0,1,-1.2604248974622838,False,False,True,0.011611865175864353,-0.09718204987468745,0.240982924722633,-0.9565528453568735,0.07137671025033669,Low,0
-0.1734385716705961,-0.1849310840589488,-0.6962018035157382,0.5626420223013702,0.8088303613464911,1,1,1.1739033463294222,True,False,True,-0.02940771702281318,0.40093489485452893,1.3905735018133094,-0.6539579662436115,0.10588154922121412,Low,0
-1.3950921432050103,0.7650776955413803,1.3751852025436078,0.8333718497815524,-0.9102564852985486,0,0,0.8700858990406173,True,False,False,-0.02783259428114967,-0.7945457724955903,-0.9086076523680435,1.7668010666624845,0.8899885858682431,High,1
0.3959762286208681,0.005070671861117005,0.6847228671904925,-1.2260588112551243,0.8088303613464911,0,0,-1.479355551274683,False,False,True,-0.03492675203135649,-0.3462405222392956,-0.9086076523680435,0.6029746085345538,0.02419724648104158,Low,0
1.0275090071259465,-0.5649345958990805,-1.0414329711922958,1.2186798613716208,-0.9102564852985486,1,0,-0.49531854642279166,False,False,True,-0.017263703209397033,-0.09718204987468745,-0.9086076523680435,-1.0031059036819907,0.10313824997043908,Low,0
